# Blender 5.0.1
# www.blender.org
mtllib Heart.mtl
o Cube
v 1.000000 0.839739 -0.817830
v 1.000000 -0.640035 -0.294383
v 1.000000 0.839739 0.202511
v 1.000000 -0.640035 0.292140
v -1.000000 0.839739 -0.006083
v -1.000000 -0.640035 -0.294383
v -1.000000 0.839739 1.203389
v -1.000000 -0.640035 0.294383
v 0.000000 -1.262436 -0.294383
v 0.000000 0.496828 0.267963
v 0.000000 -1.262436 0.303977
v 0.000000 0.496828 -0.296932
v 1.278443 0.000000 -0.294419
v -1.278443 0.000000 1.203389
v 1.278443 0.000000 0.194829
v -1.278443 0.000000 -0.294383
v 0.000000 0.000000 -0.069840
v 0.000000 0.000000 1.068353
v -0.500000 -0.951236 -0.294383
v -0.500000 0.919870 1.203389
v -0.500000 -0.951236 0.406696
v -0.500000 0.919870 0.060399
v -0.639222 0.000000 -0.275380
v -0.639222 0.000000 0.610777
v 0.500000 -0.951236 0.406696
v 0.500000 0.919870 -0.295006
v 0.500000 -0.951236 -0.294383
v 0.500000 0.919870 0.185714
v 0.639222 0.000000 0.098849
v 0.639222 0.000000 -0.378134
v -1.000000 -0.640035 -0.147191
v -1.000000 -0.640035 0.000000
v -1.000000 -0.640035 0.147191
v -0.625000 -0.873435 -0.294383
v -0.750000 -0.795635 -0.294383
v -0.875000 -0.717835 -0.294383
v 1.208832 -0.160009 -0.294383
v 1.139222 -0.320018 -0.294383
v 1.069611 -0.480026 -0.294383
v -1.208832 0.209935 1.203389
v -1.139222 0.419870 1.203389
v -1.069611 0.629804 1.203389
v 1.208832 -0.160009 0.199234
v 1.139222 -0.320018 0.226882
v 1.069611 -0.480026 0.264894
v -1.208832 -0.160009 -0.294383
v -1.139222 -0.320018 -0.294383
v -1.069611 -0.480026 -0.294383
v -0.625000 0.899837 1.203389
v -0.750000 0.879804 1.203389
v -0.875000 0.859772 1.203389
v 1.000000 0.839739 -0.592416
v 1.000000 0.839739 -0.305140
v 1.000000 0.839739 -0.020512
v 0.625000 -0.873435 0.376998
v 0.750000 -0.795635 0.333512
v 0.875000 -0.717835 0.298946
v -1.000000 0.839739 0.917527
v -1.000000 0.839739 0.770336
v -1.000000 0.839739 0.469935
v 0.625000 0.899837 -0.383882
v 0.750000 0.879804 -0.563402
v 0.875000 0.859772 -0.738840
v 1.000000 -0.640035 0.146996
v 1.000000 -0.640035 0.000000
v 1.000000 -0.640035 -0.147191
v 0.375000 -1.029036 -0.294370
v 0.250000 -1.106836 -0.294383
v 0.125000 -1.184636 -0.294383
v 0.375000 0.814109 0.138025
v 0.250000 0.708349 0.114691
v 0.125000 0.602588 0.139231
v -0.375000 -1.029036 0.409691
v -0.250000 -1.106836 0.384751
v -0.125000 -1.184636 0.342511
v -0.375000 0.814109 -0.046222
v -0.250000 0.708349 -0.244670
v -0.125000 0.602588 -0.294383
v 0.000000 -0.315609 0.108093
v 0.000000 -0.631218 0.007539
v 0.000000 -0.946827 -0.234532
v 0.000000 -1.262436 -0.147191
v 0.000000 -1.262436 0.000251
v 0.000000 -1.262436 0.153167
v 0.000000 -0.315609 0.629580
v 0.000000 -0.631218 1.117230
v 0.000000 -0.946827 0.655221
v 0.000000 0.496828 -0.161322
v 0.000000 0.496828 -0.025931
v 0.000000 0.496828 0.119993
v 1.069611 0.629804 -0.617622
v 1.139222 0.419870 -0.336661
v 1.208832 0.209935 -0.303532
v -1.069611 -0.480026 0.303715
v -1.139222 -0.320018 0.582110
v -1.208832 -0.160009 0.959551
v 1.069611 0.629804 0.120286
v 1.139222 0.419870 0.094015
v 1.208832 0.209935 0.121561
v -1.069611 0.629804 -0.217292
v -1.139222 0.419870 -0.294383
v -1.208832 0.209935 -0.294383
v 0.000000 0.372621 -0.276837
v 0.000000 0.248414 -0.222909
v 0.000000 0.124207 -0.152039
v 0.000000 0.372621 0.413177
v 0.000000 0.248414 0.661392
v 0.000000 0.124207 0.953679
v 0.479416 0.000000 0.442814
v 0.319611 0.000000 0.841726
v 0.159805 0.000000 1.110331
v -0.479416 0.000000 -0.196397
v -0.319611 0.000000 -0.098513
v -0.159805 0.000000 -0.035220
v 0.799027 0.000000 -0.371324
v 0.958832 0.000000 -0.341977
v 1.118638 0.000000 -0.310480
v 1.278443 0.000000 -0.162172
v 1.278443 0.000000 -0.045839
v 1.278443 0.000000 0.069306
v -1.278443 0.000000 0.874738
v -1.278443 0.000000 0.354782
v -1.278443 0.000000 -0.099061
v -0.799027 0.000000 0.821934
v -0.958832 0.000000 0.993830
v -1.118638 0.000000 1.203389
v -0.125000 -1.184636 -0.294383
v -0.250000 -1.106836 -0.294383
v -0.375000 -1.029036 -0.294370
v -0.125000 0.602588 0.538214
v -0.250000 0.708349 0.984457
v -0.375000 0.814109 1.203389
v -0.875000 -0.717835 0.299075
v -0.750000 -0.795635 0.333512
v -0.625000 -0.873435 0.376998
v -0.875000 0.859772 0.060399
v -0.750000 0.879804 -0.006083
v -0.625000 0.899837 0.060399
v -1.118638 0.000000 -0.294383
v -0.958832 0.000000 -0.294383
v -0.799027 0.000000 -0.294383
v -0.159805 0.000000 1.020025
v -0.319611 0.000000 0.969840
v -0.479416 0.000000 0.751565
v -0.604416 -0.237809 0.691368
v -0.569611 -0.475618 0.721318
v -0.534805 -0.713427 0.598621
v -0.604416 -0.237809 -0.220753
v -0.569611 -0.475618 -0.208834
v -0.534805 -0.713427 -0.254477
v -0.500000 -0.951236 -0.126604
v 0.988525 -0.096132 -0.063380
v -0.500000 -0.951235 0.245432
v -0.534805 0.689902 -0.127255
v -0.569611 0.459935 -0.294383
v -0.604416 0.229967 -0.294383
v -0.534805 0.689902 1.203389
v -0.569611 0.459935 1.036197
v -0.604416 0.229967 0.827675
v -0.500000 0.919870 0.580355
v -0.500000 0.919870 0.909007
v -0.500000 0.919870 1.056198
v 0.125000 -1.184636 0.342510
v 0.250000 -1.106836 0.384751
v 0.375000 -1.029036 0.409691
v 0.125000 0.602588 -0.303171
v 0.250000 0.708349 -0.304969
v 0.375000 0.814109 -0.300410
v 0.875000 -0.717835 -0.294383
v 0.750000 -0.795635 -0.294383
v 0.625000 -0.873435 -0.294383
v 0.875000 0.859772 0.174317
v 0.750000 0.879804 0.164721
v 0.625000 0.899837 0.167584
v 1.118638 0.000000 0.090850
v 0.958832 0.000000 -0.015919
v 0.799027 0.000000 -0.047693
v 0.159805 0.000000 -0.164710
v 0.319611 0.000000 -0.267600
v 0.479416 0.000000 -0.341678
v 0.604416 -0.237809 -0.286409
v 0.569611 -0.475618 -0.215514
v 0.534805 -0.713427 -0.254477
v 0.604416 -0.237809 0.470490
v 0.569611 -0.475618 0.654520
v 0.534805 -0.713427 0.596900
v 0.500000 0.919870 -0.165573
v 0.500000 0.919870 -0.051842
v 0.500000 0.919870 0.061342
v 0.534805 0.689902 0.016234
v 0.569611 0.459935 -0.137836
v 0.604416 0.229967 -0.119919
v 0.534805 0.689902 -0.334683
v 0.569611 0.459935 -0.385905
v 0.604416 0.229967 -0.410051
v 0.500000 -0.951236 -0.126604
v 0.988525 -0.096132 -0.151120
v 0.500000 -0.951236 0.245432
v -0.625000 0.899837 0.580355
v -0.750000 0.879804 0.469935
v -0.875000 0.859772 0.580355
v -0.625000 0.899837 0.909007
v 0.710082 0.743607 -0.399683
v -0.875000 0.859772 0.909007
v -0.625000 0.899837 1.056198
v -0.750000 0.879804 1.056198
v -0.875000 0.859772 1.056198
v -0.755520 0.224959 1.027990
v -0.712013 0.449918 1.203389
v -0.668507 0.674878 1.203389
v -0.906624 0.219951 1.203389
v -0.854416 0.439902 1.203389
v -0.802208 0.659853 1.203389
v -1.057728 0.214943 1.203389
v -0.996819 0.429886 1.203389
v -0.935909 0.644829 1.203389
v -1.208832 0.209935 0.874738
v -1.139222 0.419870 0.874738
v -1.069611 0.629804 0.874738
v -1.208832 0.209935 0.354782
v -1.139222 0.419870 0.354782
v -1.069611 0.629804 0.354782
v -1.208832 0.209935 -0.099061
v -1.139222 0.419870 -0.099061
v -1.069611 0.629804 0.104715
v 0.625000 -0.873435 -0.137653
v 0.750000 -0.795635 -0.147063
v 0.875000 -0.717835 -0.147191
v 0.988525 -0.096132 -0.231853
v 0.710082 0.743607 -0.123507
v 0.710082 0.743607 -0.274949
v 0.625000 -0.873435 0.217929
v 0.750000 -0.795635 0.178433
v 0.875000 -0.717835 0.149492
v 1.208832 0.209935 -0.193556
v 1.139222 0.419870 -0.228264
v 1.069611 0.629804 -0.471037
v 1.208832 0.209935 0.004566
v 1.139222 0.419870 -0.020055
v 1.069611 0.629804 -0.081544
v 0.755520 0.224959 -0.399458
v 0.712014 0.449919 -0.385890
v 0.668507 0.674878 -0.431816
v 0.906624 0.219951 -0.371070
v 0.854416 0.439902 -0.401082
v 0.802208 0.659853 -0.571410
v 1.057728 0.214943 -0.334399
v 0.996819 0.429886 -0.390460
v 0.935910 0.644829 -0.654354
v -0.453312 0.203527 -0.265509
v -0.427208 0.407055 -0.294383
v -0.401104 0.610582 -0.241986
v -0.302208 0.177087 -0.199270
v -0.284805 0.354174 -0.280649
v -0.267403 0.531262 -0.294383
v -0.151104 0.150647 -0.139639
v -0.142403 0.301294 -0.236092
v -0.133701 0.451941 -0.292479
v -0.375000 -1.029036 -0.125363
v -0.250000 -1.106836 -0.135017
v -0.125000 -1.184636 -0.146158
v -0.778664 0.258649 0.757050
v -0.653664 0.278682 0.753285
v -0.125000 -1.184636 0.018310
v -0.375000 -1.029036 0.248220
v -0.250000 -1.106836 0.225080
v -0.125000 -1.184636 0.186486
v 0.453312 0.203527 0.109739
v 0.427208 0.407055 -0.062937
v 0.401104 0.610582 -0.009178
v 0.302208 0.177087 0.453812
v 0.284805 0.354174 0.140317
v 0.267403 0.531262 0.041160
v 0.151104 0.150647 0.770641
v 0.142403 0.301294 0.415762
v 0.133701 0.451941 0.197570
v 0.375000 0.814109 -0.185849
v 0.250000 0.708349 -0.196852
v 0.125000 0.602588 -0.192708
v 0.375000 0.814109 -0.084529
v 0.250000 0.708349 -0.101067
v 0.125000 0.602588 -0.093157
v 0.375000 0.814109 0.019227
v 0.250000 0.708349 -0.001565
v 0.125000 0.602588 0.015588
v 0.401104 -0.771777 0.694672
v 0.427208 -0.514518 0.924216
v 0.453312 -0.257259 0.877131
v 0.267403 -0.830127 0.741467
v 0.284805 -0.553418 1.102576
v 0.302208 -0.276709 1.103849
v 0.133701 -0.888477 0.727096
v 0.142403 -0.592318 1.112308
v 0.151104 -0.296159 0.769105
v -0.401104 -0.771777 -0.219459
v -0.427208 -0.514518 -0.116567
v -0.453312 -0.257259 -0.104967
v -0.267403 -0.830127 -0.200590
v -0.284805 -0.553418 -0.035030
v -0.302208 -0.276709 0.015502
v -0.133701 -0.888477 -0.206487
v -0.142403 -0.592318 0.010776
v -0.151104 -0.296159 0.103035
v 0.668507 -0.655077 -0.286950
v 0.712014 -0.436718 -0.281445
v 0.755520 -0.218359 -0.326645
v 0.802208 -0.596726 -0.294383
v 0.854416 -0.397818 -0.295811
v 0.906624 -0.198909 -0.318172
v 0.935909 -0.538376 -0.294383
v 0.996819 -0.358918 -0.294483
v 1.057728 -0.179459 -0.302646
v 1.069611 -0.480026 -0.147191
v 1.139222 -0.320018 -0.152118
v 1.208832 -0.160009 -0.160601
v 1.069611 -0.480026 -0.005635
v -0.653663 0.278682 -0.133547
v 1.208832 -0.160009 -0.042975
v 1.069611 -0.480026 0.128398
v 1.139222 -0.320018 0.096959
v 1.208832 -0.160009 0.073141
v -1.069611 -0.480026 0.147964
v -1.139222 -0.320018 0.357907
v -1.208832 -0.160009 0.676571
v -1.069611 -0.480026 0.000000
v -0.528663 0.298714 -0.118981
v -1.208832 -0.160009 0.235414
v -1.069611 -0.480026 -0.147191
v -1.139222 -0.320018 -0.147191
v -1.208832 -0.160009 -0.132715
v -0.668507 -0.655077 0.477939
v -0.712013 -0.436718 0.515551
v -0.755520 -0.218359 0.493895
v -0.802208 -0.596726 0.365592
v -0.854416 -0.397818 0.368050
v -0.906624 -0.198909 0.680511
v -0.935909 -0.538376 0.299320
v -0.996819 -0.358918 0.448247
v -1.057728 -0.179459 0.923027
v -0.133701 -0.888477 0.727096
v -0.142403 -0.592318 1.008733
v -0.151104 -0.296159 0.556215
v -0.267403 -0.830127 0.741467
v -0.284805 -0.553418 1.016054
v -0.302208 -0.276709 0.750316
v -0.401104 -0.771777 0.694672
v -0.427208 -0.514518 0.931274
v -0.453312 -0.257259 0.956110
v -0.935909 -0.538376 -0.294383
v -0.996819 -0.358918 -0.294383
v -1.057728 -0.179459 -0.294383
v -0.802208 -0.596726 -0.294383
v -0.854416 -0.397818 -0.294383
v -0.906624 -0.198909 -0.294383
v -0.668507 -0.655077 -0.286950
v -0.712014 -0.436718 -0.278769
v -0.755520 -0.218359 -0.289626
v -0.875000 -0.717835 -0.147191
v -0.750000 -0.795635 -0.147063
v -0.625000 -0.873435 -0.137653
v -0.528664 0.298714 0.734177
v -0.778664 0.258649 0.281178
v -0.653664 0.278682 0.275550
v -0.875000 -0.717835 0.149492
v -0.750000 -0.795635 0.178433
v -0.625000 -0.873435 0.217929
v -1.057728 0.214943 -0.294383
v -0.996819 0.429886 -0.294383
v -0.935909 0.644829 -0.120670
v -0.906624 0.219951 -0.294383
v -0.854416 0.439902 -0.294383
v -0.802208 0.659853 -0.106915
v -0.755520 0.224959 -0.294383
v -0.712014 0.449918 -0.294383
v -0.668507 0.674878 -0.128082
v -0.151104 0.150647 0.885695
v -0.142403 0.301294 0.593479
v -0.133701 0.451941 0.419363
v -0.302208 0.177087 0.743378
v -0.284805 0.354174 0.517844
v -0.267403 0.531262 0.655799
v -0.453312 0.203527 0.604687
v -0.427208 0.407055 0.717697
v -0.401104 0.610582 1.003659
v -0.125000 0.602588 -0.098088
v -0.250000 0.708349 0.100970
v -0.375000 0.814109 0.403400
v -0.125000 0.602588 0.179224
v -0.250000 0.708349 0.550592
v -0.375000 0.814109 0.727547
v -0.125000 0.602588 0.399670
v -0.250000 0.708349 0.837615
v -0.375000 0.814109 1.056198
v 0.133701 -0.888477 -0.206487
v 0.142403 -0.592318 0.010776
v 0.151104 -0.296159 0.026217
v 0.267403 -0.830127 -0.200590
v 0.284805 -0.553418 -0.038555
v 0.302208 -0.276709 -0.093954
v 0.401104 -0.771777 -0.219459
v 0.427208 -0.514518 -0.125190
v 0.453312 -0.257259 -0.205632
v 0.935909 -0.538376 0.264818
v 0.996819 -0.358918 0.192010
v 1.057728 -0.179459 0.125989
v 0.802208 -0.596726 0.334260
v 0.854416 -0.397818 0.230469
v 0.906624 -0.198909 0.082704
v 0.668507 -0.655077 0.460641
v 0.712013 -0.436718 0.393106
v 0.755520 -0.218359 0.184149
v 0.875000 0.859772 -0.546349
v 0.750000 0.879804 -0.399542
v 0.625000 0.899837 -0.239297
v 0.875000 0.859772 -0.300087
v 0.750000 0.879804 -0.203257
v 0.625000 0.899837 -0.089884
v 0.875000 0.859772 -0.043908
v 0.750000 0.879804 -0.001050
v 0.625000 0.899837 0.045332
v 1.057728 0.214943 0.007428
v 0.996819 0.429886 -0.003097
v 0.935909 0.644829 0.016398
v 0.906624 0.219951 -0.100099
v 0.854416 0.439902 -0.092743
v 0.802208 0.659853 -0.028277
v 0.755520 0.224959 -0.166832
v 0.712013 0.449919 -0.134830
v 0.668507 0.674878 -0.003591
v 0.151104 0.150647 -0.241796
v 0.142403 0.301294 -0.295090
v 0.133701 0.451941 -0.317715
v 0.302208 0.177087 -0.329257
v 0.284805 0.354174 -0.354626
v 0.267403 0.531262 -0.334761
v 0.453312 0.203527 -0.388831
v 0.427208 0.407055 -0.382331
v 0.401104 0.610582 -0.339760
v 0.125000 -1.184636 -0.146158
v 0.250000 -1.106836 -0.135017
v 0.375000 -1.029036 -0.125364
v 0.125000 -1.184636 0.018310
v -0.528664 0.298714 0.317148
v -0.778663 0.258649 -0.121282
v 0.125000 -1.184636 0.186486
v 0.250000 -1.106836 0.225080
v 0.375000 -1.029036 0.248220
v 0.918914 0.113803 -0.299334
v 0.849304 0.323738 -0.324892
v 0.779693 0.533673 -0.384372
v 0.918914 0.113803 -0.242774
v 0.849304 0.323738 -0.276788
v 0.779693 0.533673 -0.320369
v 0.918914 0.113803 -0.174824
v 0.849304 0.323738 -0.216187
v 0.779693 0.533672 -0.232017
v 0.999540 0.839468 -0.816984
v 0.999422 -0.639536 -0.293737
v 0.999679 0.839322 0.201661
v 0.999436 -0.639625 0.291423
v -0.999598 0.838932 -0.005650
v -0.999422 -0.639536 -0.293737
v -0.999485 0.839134 1.202783
v -0.999413 -0.639518 0.293760
v -0.000000 -1.261697 -0.293709
v -0.000569 0.496126 0.267536
v 0.000000 -1.261472 0.303712
v 0.000083 0.496393 -0.296036
v 1.277639 0.000055 -0.293827
v -1.277756 0.000293 1.202724
v 1.277864 -0.000105 0.194020
v -1.277671 0.000035 -0.293748
v 0.000283 0.000492 -0.069016
v 0.000238 0.000005 1.067382
v -0.499753 -0.950696 -0.293578
v -0.500334 0.919174 1.202753
v -0.499418 -0.950490 0.406371
v -0.500183 0.918942 0.060724
v -0.639498 0.000132 -0.274428
v -0.639222 0.000316 0.609828
v 0.499412 -0.950495 0.406371
v 0.500337 0.919045 -0.294551
v 0.499753 -0.950696 -0.293578
v 0.500183 0.919346 0.184882
v 0.638568 -0.000575 0.098357
v 0.639337 0.000237 -0.377169
v -0.999337 -0.639293 -0.147291
v -0.999452 -0.639199 0.000000
v -0.999339 -0.639292 0.147291
v -0.624708 -0.872857 -0.293621
v -0.749643 -0.795039 -0.293664
v -0.874626 -0.717235 -0.293676
v 1.208163 -0.159704 -0.293705
v 1.138566 -0.319721 -0.293688
v 1.068962 -0.479744 -0.293676
v -1.208161 0.209712 1.202682
v -1.138551 0.419647 1.202682
v -1.068940 0.629582 1.202682
v 1.208331 -0.159918 0.198373
v 1.138658 -0.319997 0.226056
v 1.069005 -0.479982 0.264100
v -1.208184 -0.159727 -0.293676
v -1.138573 -0.319735 -0.293676
v -1.068962 -0.479744 -0.293676
v -0.624888 0.899139 1.202682
v -0.749888 0.879106 1.202682
v -0.874888 0.859073 1.202682
v 0.999328 0.839039 -0.592659
v 0.999003 0.839658 -0.305140
v 0.999339 0.839045 -0.020226
v 0.624365 -0.872752 0.376639
v 0.749363 -0.795006 0.333068
v 0.874451 -0.717264 0.298337
v -0.999352 0.838977 0.917527
v -0.999352 0.838977 0.770336
v -0.999352 0.838977 0.469935
v 0.625343 0.899061 -0.383353
v 0.750495 0.879121 -0.562865
v 0.875337 0.859242 -0.738061
v 0.999339 -0.639292 0.147096
v 0.999452 -0.639199 0.000000
v 0.999338 -0.639293 -0.147291
v 0.374741 -1.028537 -0.293543
v 0.249684 -1.106360 -0.293562
v 0.124615 -1.184153 -0.293597
v 0.375438 0.813837 0.137168
v 0.250228 0.707828 0.113869
v 0.125159 0.601794 0.138645
v -0.374481 -1.028240 0.409378
v -0.249555 -1.105997 0.384438
v -0.124620 -1.183771 0.342182
v -0.375307 0.813254 -0.045803
v -0.250191 0.707579 -0.244062
v -0.125394 0.602017 -0.293663
v 0.000187 -0.315526 0.109072
v 0.000048 -0.631680 0.008425
v 0.000000 -0.947201 -0.233604
v -0.000000 -1.261436 -0.147191
v 0.000000 -1.261436 0.000251
v 0.000000 -1.261436 0.153167
v 0.000427 -0.315678 0.628679
v 0.000280 -0.631076 1.116281
v 0.000030 -0.946050 0.654592
v -0.000000 0.495828 -0.161322
v 0.000000 0.495828 -0.025931
v 0.000000 0.495828 0.119993
v 1.068852 0.630136 -0.617061
v 1.138359 0.419832 -0.336157
v 1.208072 0.209766 -0.302905
v -1.068913 -0.479419 0.303336
v -1.138665 -0.319227 0.581855
v -1.208305 -0.159218 0.959241
v 1.069094 0.629878 0.119433
v 1.138782 0.419697 0.093133
v 1.208422 0.209563 0.120728
v -1.069159 0.629203 -0.216633
v -1.138644 0.419525 -0.293643
v -1.208161 0.209712 -0.293676
v 0.000142 0.372856 -0.275875
v 0.000222 0.248821 -0.222023
v 0.000280 0.124697 -0.151214
v -0.000472 0.371959 0.412595
v -0.000222 0.247538 0.660965
v -0.000035 0.123382 0.953115
v 0.478666 -0.000563 0.442467
v 0.318991 -0.000593 0.841212
v 0.159803 -0.000197 1.109350
v -0.479858 0.000273 -0.195543
v -0.320020 0.000391 -0.097689
v -0.159913 0.000481 -0.034350
v 0.798947 0.000165 -0.370341
v 0.958660 0.000114 -0.340999
v 1.118495 0.000064 -0.309492
v 1.277573 -0.000295 -0.162568
v 1.277705 -0.000675 -0.045839
v 1.277472 -0.000032 0.069542
v -1.277444 0.000045 0.874738
v -1.277444 0.000045 0.354782
v -1.277444 0.000045 -0.099061
v -0.799570 0.000618 0.821366
v -0.959437 0.000580 0.993283
v -1.118874 0.000505 1.202559
v -0.124615 -1.184153 -0.293597
v -0.249684 -1.106360 -0.293562
v -0.374741 -1.028537 -0.293543
v -0.125920 0.602357 0.537897
v -0.250927 0.708334 0.984083
v -0.375774 0.813992 1.202767
v -0.874452 -0.717192 0.298541
v -0.749380 -0.794970 0.333096
v -0.624380 -0.872736 0.376643
v -0.874888 0.858834 0.060729
v -0.749895 0.878994 -0.005507
v -0.624887 0.898922 0.060787
v -1.118638 0.000000 -0.293383
v -0.958835 0.000002 -0.293383
v -0.799103 0.000031 -0.293386
v -0.159566 0.000070 1.019057
v -0.319421 -0.000132 0.968868
v -0.478954 -0.000272 0.750720
v -0.603695 -0.237753 0.690678
v -0.568808 -0.475369 0.720775
v -0.534134 -0.712946 0.598057
v -0.604879 -0.237760 -0.219868
v -0.570095 -0.475762 -0.207971
v -0.535144 -0.713646 -0.253562
v -0.499610 -0.950698 -0.127351
v 0.988044 -0.096826 -0.062845
v -0.499653 -0.950505 0.246021
v -0.534696 0.689285 -0.126476
v -0.569572 0.459639 -0.293428
v -0.604524 0.230056 -0.293393
v -0.535142 0.690233 1.202508
v -0.570253 0.460461 1.035639
v -0.605068 0.230454 0.827093
v -0.500268 0.918906 0.580355
v -0.500268 0.918906 0.909007
v -0.500268 0.918906 1.056198
v 0.124620 -1.183771 0.342182
v 0.249555 -1.105997 0.384438
v 0.374481 -1.028240 0.409378
v 0.125527 0.602039 -0.302523
v 0.250499 0.707762 -0.304331
v 0.375479 0.813506 -0.299773
v 0.874626 -0.717235 -0.293676
v 0.749643 -0.795039 -0.293664
v 0.624708 -0.872857 -0.293621
v 0.875194 0.859295 0.173459
v 0.749930 0.879376 0.163820
v 0.624799 0.899403 0.166706
v 1.119152 -0.000243 0.090028
v 0.959152 -0.000383 -0.016786
v 0.798831 -0.000554 -0.048502
v 0.160259 0.000441 -0.163936
v 0.320052 0.000386 -0.266790
v 0.479730 0.000319 -0.340783
v 0.604711 -0.237543 -0.285492
v 0.570035 -0.475623 -0.214609
v 0.535138 -0.713635 -0.253557
v 0.603583 -0.238164 0.470066
v 0.568737 -0.475550 0.654038
v 0.534090 -0.713011 0.596339
v 0.500268 0.918906 -0.165573
v 0.500268 0.918906 -0.051842
v 0.500268 0.918906 0.061342
v 0.534675 0.690438 0.015400
v 0.569326 0.460113 -0.138777
v 0.603940 0.229575 -0.120706
v 0.535096 0.689801 -0.333732
v 0.569746 0.459860 -0.384917
v 0.604458 0.230004 -0.409053
v 0.499610 -0.950698 -0.127351
v 0.988077 -0.097025 -0.151120
v 0.499653 -0.950505 0.246021
v -0.624251 0.899193 0.580198
v -0.749910 0.879266 0.469097
v -0.875510 0.858926 0.580198
v -0.624190 0.899251 0.909007
v 0.709247 0.743912 -0.400141
v -0.875586 0.858962 0.909007
v -0.624645 0.898934 1.056441
v -0.749842 0.878967 1.056722
v -0.875039 0.858803 1.056445
v -0.756133 0.225510 1.027422
v -0.712419 0.450244 1.202535
v -0.668665 0.674994 1.202409
v -0.907009 0.220316 1.202542
v -0.854568 0.440030 1.202409
v -0.802208 0.659853 1.202389
v -1.057886 0.215095 1.202414
v -0.996819 0.429886 1.202389
v -0.935909 0.644829 1.202389
v -1.207883 0.209620 0.874738
v -1.138272 0.419555 0.874738
v -1.068662 0.629490 0.874738
v -1.207883 0.209620 0.354782
v -1.138272 0.419555 0.354782
v -1.068662 0.629490 0.354782
v -1.207883 0.209620 -0.099061
v -1.138273 0.419555 -0.099061
v -1.068662 0.629490 0.104715
v 0.624604 -0.872892 -0.138394
v 0.749619 -0.795039 -0.147769
v 0.874626 -0.717235 -0.147899
v 0.988220 -0.096894 -0.232423
v 0.709302 0.743877 -0.122943
v 0.709189 0.744056 -0.274949
v 0.624675 -0.872657 0.218465
v 0.749679 -0.794888 0.179015
v 0.874651 -0.717211 0.150191
v 1.208313 0.209612 -0.194347
v 1.138770 0.419421 -0.229036
v 1.068910 0.629315 -0.471556
v 1.207983 0.209805 0.005079
v 1.138364 0.419665 -0.019582
v 1.068863 0.629491 -0.080959
v 0.755445 0.225001 -0.398461
v 0.712209 0.450050 -0.384918
v 0.669077 0.675023 -0.431008
v 0.906474 0.220041 -0.370085
v 0.854556 0.440282 -0.400168
v 0.802777 0.660276 -0.570705
v 1.057523 0.215034 -0.333425
v 0.996722 0.430380 -0.389596
v 0.936194 0.645443 -0.653619
v -0.453552 0.203782 -0.264573
v -0.427213 0.407006 -0.293384
v -0.400892 0.610117 -0.241126
v -0.302472 0.177521 -0.198408
v -0.284895 0.354402 -0.279679
v -0.267296 0.531118 -0.293399
v -0.151145 0.151177 -0.138792
v -0.142418 0.301703 -0.235179
v -0.133692 0.452077 -0.291488
v -0.374632 -1.028438 -0.126076
v -0.249646 -1.106181 -0.135685
v -0.124449 -1.184013 -0.146714
v -0.779152 0.257888 0.757476
v -0.653506 0.277854 0.753824
v -0.124039 -1.184911 0.018310
v -0.374612 -1.028428 0.248914
v -0.249558 -1.106384 0.225855
v -0.124317 -1.184321 0.187144
v 0.452647 0.202935 0.109285
v 0.426610 0.406861 -0.063715
v 0.400706 0.610907 -0.010036
v 0.301605 0.176369 0.453466
v 0.284181 0.353608 0.139780
v 0.266815 0.531202 0.040353
v 0.150693 0.149815 0.770268
v 0.141944 0.300514 0.415337
v 0.133137 0.451434 0.196919
v 0.375646 0.813346 -0.185849
v 0.250646 0.707585 -0.196852
v 0.125646 0.601825 -0.192708
v 0.375646 0.813346 -0.084529
v 0.250646 0.707585 -0.101067
v 0.125646 0.601825 -0.093157
v 0.375646 0.813346 0.019227
v 0.250646 0.707585 -0.001565
v 0.125646 0.601825 0.015588
v 0.400495 -0.771194 0.694135
v 0.426401 -0.514261 0.923685
v 0.452456 -0.257515 0.876681
v 0.267004 -0.829404 0.740903
v 0.284585 -0.553122 1.101647
v 0.301975 -0.276955 1.102908
v 0.133496 -0.887696 0.726506
v 0.142675 -0.592154 1.111360
v 0.151627 -0.296180 0.768253
v -0.401461 -0.772109 -0.218586
v -0.427737 -0.514758 -0.115753
v -0.453879 -0.257193 -0.104146
v -0.267685 -0.830537 -0.199723
v -0.285252 -0.553759 -0.034203
v -0.302707 -0.276639 0.016366
v -0.133847 -0.888916 -0.205601
v -0.142632 -0.592740 0.011653
v -0.151301 -0.296079 0.104012
v 0.668698 -0.655166 -0.285972
v 0.712211 -0.436666 -0.280466
v 0.755575 -0.218150 -0.325669
v 0.802245 -0.596740 -0.293384
v 0.854412 -0.397749 -0.294813
v 0.906528 -0.198762 -0.317188
v 0.935907 -0.538374 -0.293383
v 0.996785 -0.358875 -0.293485
v 1.057638 -0.179377 -0.301653
v 1.068704 -0.479970 -0.147609
v 1.138574 -0.319733 -0.152825
v 1.208066 -0.159399 -0.160804
v 1.068774 -0.480575 -0.005635
v -0.653597 0.278283 -0.134462
v 1.208284 -0.159172 -0.042975
v 1.068688 -0.480151 0.128762
v 1.138519 -0.320202 0.097646
v 1.208028 -0.159437 0.073307
v -1.068720 -0.480254 0.148358
v -1.138453 -0.320188 0.358524
v -1.207954 -0.159550 0.676707
v -1.068774 -0.480575 0.000000
v -0.527903 0.298521 -0.119601
v -1.208284 -0.159172 0.235414
v -1.068703 -0.479968 -0.147608
v -1.138567 -0.319727 -0.147890
v -1.208074 -0.159391 -0.132923
v -0.667822 -0.654717 0.477305
v -0.711347 -0.436431 0.514863
v -0.755355 -0.217855 0.493048
v -0.801683 -0.596446 0.364788
v -0.854255 -0.397301 0.367209
v -0.907048 -0.198176 0.679979
v -0.935807 -0.538068 0.298374
v -0.996951 -0.358125 0.447652
v -1.058069 -0.178656 0.922537
v -0.133442 -0.887736 0.726476
v -0.142265 -0.592381 1.007745
v -0.151160 -0.296141 0.555217
v -0.267060 -0.829427 0.740841
v -0.284901 -0.553372 1.015060
v -0.302625 -0.276750 0.749408
v -0.400546 -0.771172 0.694104
v -0.426731 -0.514302 0.930422
v -0.452928 -0.257403 0.955198
v -0.935909 -0.538376 -0.293383
v -0.996819 -0.358918 -0.293383
v -1.057728 -0.179459 -0.293383
v -0.802249 -0.596745 -0.293384
v -0.854455 -0.397821 -0.293384
v -0.906642 -0.198904 -0.293383
v -0.668706 -0.655175 -0.285975
v -0.712272 -0.436772 -0.277804
v -0.755712 -0.218336 -0.288645
v -0.874626 -0.717235 -0.147899
v -0.749619 -0.795039 -0.147769
v -0.624604 -0.872892 -0.138394
v -0.527945 0.298133 0.734558
v -0.779250 0.257839 0.281178
v -0.653505 0.277694 0.275550
v -0.874651 -0.717211 0.150191
v -0.749679 -0.794888 0.179015
v -0.624675 -0.872657 0.218465
v -1.057728 0.214943 -0.293383
v -0.996896 0.429614 -0.293424
v -0.936037 0.644242 -0.119870
v -0.906624 0.219951 -0.293383
v -0.854384 0.439562 -0.293443
v -0.802114 0.659254 -0.106120
v -0.755538 0.224974 -0.293383
v -0.711967 0.449591 -0.293439
v -0.668468 0.674278 -0.127283
v -0.150940 0.149848 0.885118
v -0.142543 0.300519 0.592863
v -0.134357 0.451783 0.418625
v -0.301923 0.176391 0.742719
v -0.285214 0.353988 0.516950
v -0.268053 0.531817 0.655281
v -0.453537 0.203448 0.603716
v -0.427876 0.407497 0.717099
v -0.401667 0.611215 1.003128
v -0.125646 0.601825 -0.098088
v -0.250646 0.707585 0.100970
v -0.375646 0.813346 0.403400
v -0.125646 0.601825 0.179224
v -0.250646 0.707585 0.550592
v -0.375646 0.813346 0.727547
v -0.125646 0.601825 0.399670
v -0.250646 0.707585 0.837615
v -0.375646 0.813346 1.056198
v 0.133849 -0.888915 -0.205601
v 0.142718 -0.592649 0.011665
v 0.151546 -0.295955 0.027090
v 0.267689 -0.830533 -0.199723
v 0.285273 -0.553615 -0.037693
v 0.302714 -0.276428 -0.093139
v 0.401463 -0.772099 -0.218583
v 0.427711 -0.514602 -0.124330
v 0.453757 -0.256958 -0.204788
v 0.935836 -0.538641 0.263857
v 0.996977 -0.359352 0.191123
v 1.058094 -0.179861 0.125149
v 0.801665 -0.596760 0.333421
v 0.854047 -0.398230 0.229636
v 0.906617 -0.199450 0.081863
v 0.667778 -0.654857 0.459993
v 0.711240 -0.436902 0.392499
v 0.754939 -0.218872 0.183518
v 0.874842 0.858784 -0.546349
v 0.749842 0.878817 -0.399542
v 0.624842 0.898850 -0.239297
v 0.874842 0.858784 -0.300087
v 0.749842 0.878817 -0.203257
v 0.624842 0.898850 -0.089884
v 0.874842 0.858784 -0.043908
v 0.749842 0.878817 -0.001050
v 0.624842 0.898849 0.045332
v 1.058301 0.214926 0.006609
v 0.997367 0.430084 -0.003909
v 0.936342 0.645263 0.015608
v 0.907065 0.219881 -0.100994
v 0.854786 0.440150 -0.093638
v 0.802405 0.660356 -0.029118
v 0.755526 0.224749 -0.167810
v 0.712074 0.450193 -0.135790
v 0.668518 0.675434 -0.004422
v 0.151513 0.151020 -0.240963
v 0.142719 0.301533 -0.294172
v 0.133910 0.451984 -0.316738
v 0.302575 0.177338 -0.328361
v 0.285076 0.354226 -0.353664
v 0.267579 0.531154 -0.333783
v 0.453533 0.203656 -0.387865
v 0.427365 0.406973 -0.381347
v 0.401219 0.610411 -0.338782
v 0.124449 -1.184013 -0.146714
v 0.249646 -1.106181 -0.135685
v 0.374632 -1.028438 -0.126076
v 0.124039 -1.184911 0.018310
v -0.527853 0.298128 0.317148
v -0.779325 0.258231 -0.121905
v 0.124317 -1.184321 0.187144
v 0.249558 -1.106384 0.225855
v 0.374612 -1.028428 0.248914
v 0.918416 0.113486 -0.300141
v 0.848747 0.323264 -0.325574
v 0.779062 0.533159 -0.384954
v 0.917965 0.113488 -0.242774
v 0.848354 0.323423 -0.276788
v 0.778744 0.533358 -0.320369
v 0.918041 0.113639 -0.174366
v 0.848449 0.323536 -0.215709
v 0.778862 0.533354 -0.231561
vn -0.2058 -0.7342 0.6470
vn -0.0833 0.4355 -0.8963
vn -0.9874 -0.1582 -0.0000
vn 0.9874 0.1582 -0.0000
vn -0.1582 0.9874 -0.0000
vn 0.4834 -0.4091 0.7739
vn -0.0000 -0.0000 1.0000
vn 0.6589 -0.5699 0.4910
vn 0.6660 -0.5447 0.5096
vn 0.5051 -0.3730 0.7783
vn 0.4961 -0.4782 0.7247
vn 0.5922 -0.6144 0.5213
vn -0.9492 0.3147 -0.0000
vn 0.9492 0.3147 -0.0000
vn -0.1382 0.4393 -0.8877
vn 0.4198 -0.6358 0.6477
vn 0.5284 -0.8490 -0.0000
vn -0.3147 0.9492 -0.0000
vn 0.5104 0.0109 -0.8599
vn 0.5122 -0.1823 -0.8393
vn -0.3364 0.0236 0.9414
vn 0.2379 0.4305 -0.8707
vn 0.5328 0.0439 -0.8451
vn -0.3223 0.1144 0.9397
vn 0.3147 -0.9492 -0.0000
vn 0.0435 -0.0276 -0.9987
vn -0.4645 -0.4660 -0.7531
vn 0.1495 -0.1544 -0.9766
vn -0.2368 -0.7166 -0.6560
vn 0.0535 -0.1216 -0.9911
vn 0.0405 0.0895 -0.9952
vn -0.3352 -0.0468 -0.9410
vn -0.5777 0.0574 -0.8142
vn -0.7785 -0.0894 -0.6213
vn -0.6948 -0.2960 -0.6555
vn -0.2074 -0.5877 -0.7820
vn 0.1370 -0.7650 -0.6293
vn 0.2697 -0.1178 -0.9557
vn 0.1487 -0.0312 -0.9884
vn 0.2128 -0.0635 -0.9750
vn 0.1805 -0.0872 -0.9797
vn 0.1770 -0.2925 -0.9398
vn -0.0858 0.1104 -0.9902
vn 0.1753 -0.4803 -0.8594
vn 0.0618 -0.2135 -0.9750
vn 0.3014 -0.2304 -0.9252
vn 0.0770 -0.0770 -0.9941
vn -0.1419 0.4630 -0.8749
vn -0.1479 0.6668 -0.7304
vn -0.3594 0.5345 -0.7650
vn -0.0750 0.1498 -0.9859
vn -0.0065 -0.0796 -0.9968
vn -0.0801 -0.3691 -0.9259
vn -0.1361 -0.5120 -0.8481
vn -0.1704 -0.5498 -0.8177
vn 0.2737 -0.5259 -0.8053
vn 0.3979 -0.4114 -0.8200
vn -0.0000 -1.0000 -0.0000
vn -0.5284 -0.8490 -0.0000
vn -0.0000 0.0017 1.0000
vn -0.0000 0.1201 0.9928
vn 0.6425 0.6302 0.4359
vn 0.6241 0.1625 0.7642
vn 0.5174 0.7761 0.3604
vn 0.5896 0.5856 0.5562
vn 0.6871 0.6062 0.4004
vn 0.6106 0.3891 0.6898
vn 0.3324 -0.3693 0.8678
vn 0.1759 -0.5645 0.8065
vn 0.3911 -0.4278 0.8148
vn 0.5696 0.0073 0.8219
vn 0.5282 0.5161 0.6743
vn 0.3905 0.7963 0.4620
vn 0.3017 0.8790 0.3692
vn 0.1589 0.8461 0.5088
vn 0.5496 0.7689 0.3266
vn 0.6818 0.6631 0.3089
vn -0.6459 0.7634 -0.0000
vn 0.6206 -0.6039 0.5002
vn 0.8108 -0.0159 0.5852
vn 0.2615 -0.7701 0.5819
vn -0.7194 0.3799 0.5815
vn 0.5454 -0.6144 0.5702
vn 0.7849 -0.3803 0.4891
vn 0.9123 0.0756 0.4024
vn 0.8123 0.4676 0.3486
vn 0.7870 0.4648 0.4056
vn -0.1989 -0.1252 0.9720
vn -0.2982 -0.7494 0.5911
vn -0.3959 0.7414 0.5418
vn 0.1426 -0.8031 0.5785
vn 0.1315 -0.7630 0.6328
vn 0.2755 -0.7653 0.5817
vn 0.4217 -0.7109 0.5629
vn 0.4387 0.4319 -0.7880
vn 0.5801 0.1406 -0.8023
vn 0.3034 0.5389 -0.7858
vn 0.4404 0.2360 -0.8662
vn 0.2571 0.2482 -0.9340
vn 0.4853 0.3055 -0.8192
vn 0.5863 0.0716 -0.8070
vn 0.5135 -0.1841 -0.8381
vn 0.5435 -0.2625 -0.7973
vn 0.3897 -0.3562 -0.8493
vn -0.1125 -0.4575 -0.8821
vn 0.0657 0.3008 -0.9514
vn 0.1205 0.5971 -0.7930
vn 0.0183 0.2350 -0.9718
vn 0.1391 0.3051 -0.9421
vn 0.2305 0.3102 -0.9223
vn -0.0892 0.0302 -0.9956
vn 0.0125 -0.1626 -0.9866
vn 0.0070 -0.0061 -1.0000
vn 0.0775 -0.1032 -0.9916
vn -0.1925 0.1339 -0.9721
vn -0.3794 0.1541 -0.9123
vn -0.3012 -0.1863 -0.9352
vn -0.0860 -0.2718 -0.9585
vn 0.1302 -0.1896 -0.9732
vn 0.1562 -0.1286 -0.9793
vn 0.0813 -0.0543 -0.9952
vn 0.0360 -0.0378 -0.9986
vn 0.0005 -0.0005 -1.0000
vn -0.0000 -0.0000 -1.0000
vn -0.0433 0.0277 -0.9987
vn 0.0011 0.0154 0.9999
vn 0.0070 -0.0187 0.9998
vn 0.9170 -0.3989 -0.0000
vn -0.1341 0.6715 -0.7288
vn -0.0554 0.4864 -0.8720
vn -0.0000 1.0000 -0.0000
vn -0.9170 -0.3989 -0.0000
vn -0.7087 -0.2267 0.6681
vn -0.0045 -0.5725 0.8199
vn -0.0925 -0.3936 0.9146
vn 0.3261 -0.8329 0.4472
vn -0.6165 -0.4976 0.6102
vn -0.7675 -0.3258 0.5521
vn -0.8114 -0.0737 0.5799
vn 0.0090 -0.4756 0.8796
vn 0.5489 -0.6608 0.5119
vn 0.6706 -0.5610 0.4853
vn 0.0117 -0.8380 0.5456
vn 0.0330 -0.9268 0.3742
vn 0.0418 -0.7761 0.6293
vn -0.0200 -0.0359 0.9992
vn -0.4480 -0.2082 0.8694
vn -0.6136 -0.3641 0.7006
vn -0.1875 -0.6886 0.7004
vn 0.4994 0.6861 0.5290
vn -0.5049 -0.6180 0.6026
vn 0.4162 0.4019 0.8156
vn -0.1315 -0.7630 0.6328
vn -0.3359 -0.7293 0.5960
vn -0.1697 0.8253 0.5386
vn -0.2614 -0.8002 0.5398
vn 0.2447 -0.7384 0.6284
vn -0.0421 -0.0314 0.9986
vn -0.7626 0.2498 0.5967
vn -0.8518 -0.0995 0.5144
vn -0.7271 -0.4596 0.5100
vn -0.5428 -0.6164 0.5705
vn -0.4217 -0.7109 0.5629
vn -0.2755 -0.7653 0.5817
vn 0.0978 0.0419 -0.9943
vn 0.0671 -0.0106 -0.9977
vn 0.0148 -0.0080 -0.9999
vn 0.2665 -0.0793 -0.9606
vn 0.4321 0.0292 -0.9014
vn 0.3958 0.1743 -0.9016
vn 0.1925 0.1339 -0.9721
vn 0.0433 0.0277 -0.9987
vn -0.0000 0.1406 0.9901
vn -0.0000 0.0159 0.9999
vn -0.0000 -0.1231 0.9924
vn -0.0000 -0.1418 0.9899
vn -0.0000 0.4444 -0.8958
vn -0.0000 0.2851 -0.9585
vn -0.0200 0.6418 -0.7666
vn -0.1161 0.6334 -0.7651
vn 0.2634 0.4291 -0.8640
vn 0.3869 0.5586 -0.7337
vn -0.2375 0.5711 -0.7858
vn 0.0756 0.5321 -0.8433
vn -0.0848 0.6435 -0.7607
vn -0.0517 0.5961 -0.8012
vn 0.0618 -0.0523 -0.9967
vn -0.1613 0.8375 0.5220
vn 0.5212 0.0525 0.8518
vn 0.2610 0.2461 0.9334
vn 0.6478 -0.5987 0.4711
vn -0.2135 0.6596 0.7206
vn 0.0471 0.9037 0.4256
vn 0.2671 0.8052 0.5295
vn 0.7429 0.0406 0.6681
vn 0.6589 -0.6247 0.4191
vn 0.5207 -0.7125 0.4703
vn 0.3363 -0.4327 0.8365
vn 0.6317 -0.6008 0.4898
vn 0.7519 -0.4577 0.4746
vn 0.2362 -0.1872 0.9535
vn -0.5783 0.6040 0.5484
vn -0.3251 0.7116 0.6229
vn 0.6459 0.7634 -0.0000
vn -0.3118 0.5344 -0.7856
vn -0.4941 -0.0381 -0.8686
vn -0.4488 0.4162 -0.7908
vn -0.5286 -0.1686 -0.8320
vn -0.0183 0.2350 -0.9718
vn -0.1205 0.5971 -0.7930
vn -0.2881 0.1823 -0.9401
vn -0.4152 -0.4654 -0.7817
vn -0.5026 -0.4477 -0.7396
vn -0.4455 -0.4217 -0.7897
vn -0.3082 -0.3661 -0.8781
vn -0.4617 -0.2069 -0.8626
vn -0.4773 0.2826 -0.8321
vn -0.2571 0.2482 -0.9340
vn -0.2305 0.3102 -0.9223
vn -0.1391 0.3051 -0.9421
vn 0.2294 0.3545 0.9065
vn -0.1163 0.5147 0.8494
vn 0.6944 0.1312 0.7075
vn 0.5345 0.4750 0.6990
vn -0.0844 0.2086 0.9743
vn -0.2483 0.3856 0.8886
vn -0.3853 0.3802 0.8408
vn -0.4882 0.2838 0.8253
vn -0.4169 0.4112 0.8106
vn 0.1402 0.5948 0.7916
vn 0.6658 0.5511 0.5030
vn 0.8372 0.2673 0.4771
vn 0.8291 -0.1305 0.5437
vn 0.6384 -0.4737 0.6066
vn 0.6272 -0.2901 0.7228
vn 0.3886 -0.0349 0.9208
vn 0.1582 0.9874 -0.0000
vn -0.5571 -0.1389 0.8187
vn -0.4404 -0.2793 0.8532
vn -0.3504 -0.1571 0.9233
vn -0.0948 -0.4179 0.9035
vn -0.5684 0.1253 0.8131
vn -0.5844 -0.1075 0.8043
vn -0.5834 -0.2620 0.7688
vn -0.4395 -0.5405 0.7174
vn -0.2396 -0.6467 0.7242
vn -0.0035 -0.6339 0.7734
vn 0.0372 -0.5949 0.8030
vn 0.0035 -0.5309 0.8474
vn 0.1477 -0.0052 0.9890
vn 0.4357 0.5838 0.6851
vn -0.2779 0.3492 0.8949
vn -0.5576 0.1682 0.8129
vn -0.3806 -0.2444 -0.8919
vn -0.2545 -0.0284 -0.9667
vn -0.2648 -0.0779 -0.9612
vn -0.1818 0.1389 -0.9735
vn -0.4227 -0.4644 -0.7783
vn -0.3603 -0.3935 -0.8458
vn -0.2529 -0.2670 -0.9299
vn -0.1618 -0.0250 -0.9865
vn -0.1573 0.1201 -0.9802
vn -0.1192 0.1643 -0.9792
vn -0.0803 0.1678 -0.9825
vn -0.0898 0.1986 -0.9760
vn -0.0991 0.0563 -0.9935
vn -0.1624 -0.1991 -0.9664
vn -0.3562 -0.2943 -0.8869
vn -0.4601 -0.3770 -0.8039
vn -0.0000 -0.0358 -0.9994
vn -0.0000 -0.3333 -0.9428
vn -0.0000 -0.4527 -0.8917
vn -0.0000 -0.3487 -0.9373
vn -0.0001 -0.0308 -0.9995
vn -0.1903 0.5312 0.8256
vn 0.2949 0.3828 0.8755
vn 0.2066 0.7344 -0.6465
vn 0.0818 -0.4357 0.8964
vn 0.9874 0.1584 -0.0001
vn -0.9874 -0.1581 -0.0001
vn 0.1578 -0.9875 0.0001
vn 0.1567 -0.9876 0.0004
vn 0.1599 -0.9871 0.0005
vn 0.1582 -0.9874 0.0002
vn 0.1591 -0.9873 0.0001
vn 0.1593 -0.9872 -0.0008
vn 0.1572 -0.9876 0.0010
vn 0.1586 -0.9873 0.0013
vn 0.1579 -0.9875 0.0013
vn 0.1587 -0.9873 0.0018
vn 0.1576 -0.9875 -0.0008
vn 0.1568 -0.9876 0.0001
vn -0.4836 0.4092 -0.7737
vn 0.0006 -0.0005 -1.0000
vn 0.0001 -0.0001 -1.0000
vn -0.6587 0.5697 -0.4916
vn -0.6661 0.5448 -0.5094
vn -0.5052 0.3731 -0.7781
vn 0.0005 0.0011 -1.0000
vn -0.0001 0.0013 -1.0000
vn -0.0002 0.0014 -1.0000
vn -0.0017 0.0015 -1.0000
vn -0.0022 0.0007 -1.0000
vn -0.0020 0.0005 -1.0000
vn -0.0014 -0.0000 -1.0000
vn -0.4964 0.4784 -0.7244
vn -0.5923 0.6145 -0.5211
vn 0.9492 -0.3147 -0.0000
vn 0.9490 -0.3152 0.0010
vn 0.9492 -0.3147 0.0009
vn 0.9493 -0.3144 0.0008
vn 0.9494 -0.3141 -0.0000
vn 0.9496 -0.3135 -0.0008
vn 0.9495 -0.3138 -0.0014
vn 0.9492 -0.3146 -0.0016
vn 0.9491 -0.3148 -0.0013
vn 0.9491 -0.3150 -0.0000
vn -0.9487 -0.3160 -0.0050
vn -0.9488 -0.3158 -0.0071
vn 0.1396 -0.4390 0.8876
vn -0.4206 0.6358 -0.6472
vn -0.5286 0.8489 -0.0003
vn -0.5287 0.8488 -0.0001
vn -0.5284 0.8490 -0.0000
vn -0.5293 0.8485 -0.0009
vn 0.9875 0.1578 0.0010
vn -0.9873 -0.1587 0.0010
vn -0.5288 0.8488 0.0009
vn -0.5280 0.8493 -0.0004
vn -0.5283 0.8490 -0.0005
vn -0.5285 0.8489 -0.0007
vn 0.1565 -0.9877 0.0002
vn 0.1600 -0.9871 0.0002
vn 0.3168 -0.9485 -0.0024
vn -0.5105 -0.0109 0.8598
vn -0.5123 0.1815 0.8394
vn 0.3362 -0.0233 -0.9415
vn -0.9494 -0.3141 -0.0000
vn -0.9493 -0.3145 0.0020
vn -0.9492 -0.3145 0.0002
vn -0.9489 -0.3156 -0.0015
vn -0.2385 -0.4300 0.8708
vn -0.5328 -0.0438 0.8451
vn -0.9490 -0.3153 0.0018
vn -0.9493 -0.3144 0.0024
vn -0.9493 -0.3144 0.0033
vn -0.9496 -0.3135 0.0029
vn 0.3232 -0.1154 -0.9393
vn -0.3128 0.9498 0.0020
vn -0.0433 0.0278 0.9987
vn 0.4642 0.4658 0.7534
vn -0.1494 0.1547 0.9766
vn 0.2366 0.7165 0.6562
vn -0.0536 0.1216 0.9911
vn -0.0404 -0.0894 0.9952
vn 0.3353 0.0468 0.9410
vn 0.5776 -0.0560 0.8144
vn 0.7783 0.0909 0.6213
vn 0.6946 0.2976 0.6550
vn 0.2092 0.5890 0.7806
vn -0.1344 0.7653 0.6295
vn -0.2683 0.1187 0.9560
vn -0.1469 0.0317 0.9886
vn -0.2128 0.0635 0.9750
vn -0.1806 0.0872 0.9797
vn -0.1771 0.2926 0.9397
vn 0.0858 -0.1104 0.9902
vn -0.1753 0.4804 0.8594
vn -0.0619 0.2137 0.9749
vn -0.3014 0.2305 0.9252
vn -0.0771 0.0772 0.9940
vn 0.1420 -0.4632 0.8748
vn 0.1485 -0.6664 0.7307
vn 0.3601 -0.5337 0.7652
vn 0.0760 -0.1484 0.9860
vn 0.0070 0.0812 0.9967
vn 0.0801 0.3692 0.9259
vn 0.1361 0.5120 0.8481
vn 0.1703 0.5498 0.8178
vn -0.2736 0.5259 0.8053
vn -0.3979 0.4115 0.8199
vn 0.1566 -0.9877 -0.0012
vn 0.1600 -0.9871 -0.0012
vn -0.0000 1.0000 -0.0006
vn -0.0000 0.0078 -1.0000
vn 0.5284 0.8490 -0.0006
vn 0.5282 0.8491 -0.0010
vn 0.5280 0.8492 -0.0012
vn 0.5283 0.8491 -0.0015
vn 0.5267 0.8500 0.0017
vn 0.5259 0.8505 -0.0011
vn 0.5279 0.8493 -0.0009
vn 0.5279 0.8493 -0.0020
vn 0.5285 0.8489 -0.0018
vn 0.5286 0.8488 -0.0011
vn -0.0000 -0.0017 -1.0000
vn -0.0000 -0.1196 -0.9928
vn -0.6425 -0.6301 -0.4361
vn -0.6241 -0.1624 -0.7643
vn -0.5174 -0.7761 -0.3604
vn -0.5896 -0.5854 -0.5565
vn -0.6871 -0.6062 -0.4006
vn -0.6104 -0.3887 -0.6901
vn -0.3327 0.3689 -0.8679
vn -0.1771 0.5660 -0.8052
vn -0.3929 0.4295 -0.8131
vn -0.5717 -0.0047 -0.8205
vn -0.5285 -0.5152 -0.6747
vn -0.3905 -0.7962 -0.4621
vn -0.3018 -0.8790 -0.3692
vn -0.1588 -0.8469 -0.5074
vn -0.5499 -0.7690 -0.3259
vn -0.6818 -0.6631 -0.3089
vn 0.6459 -0.7634 -0.0000
vn 0.6460 -0.7633 -0.0012
vn 0.6460 -0.7633 -0.0021
vn 0.6459 -0.7635 -0.0022
vn 0.6443 -0.7648 -0.0025
vn 0.6448 -0.7643 -0.0000
vn 0.6459 -0.7634 0.0033
vn 0.6466 -0.7628 0.0031
vn 0.6456 -0.7637 0.0041
vn 0.6453 -0.7639 0.0037
vn 0.6463 -0.7631 -0.0000
vn -0.6209 0.6039 -0.4998
vn -0.8113 0.0160 -0.5844
vn -0.2623 0.7702 -0.5813
vn 0.7206 -0.3798 -0.5801
vn -0.5454 0.6143 -0.5702
vn -0.7849 0.3803 -0.4891
vn -0.9123 -0.0757 -0.4024
vn -0.8123 -0.4676 -0.3486
vn -0.7872 -0.4649 -0.4052
vn 0.2011 0.1259 -0.9714
vn 0.2987 0.7494 -0.5909
vn 0.3959 -0.7416 -0.5415
vn -0.1430 0.8035 -0.5779
vn -0.1315 0.7629 -0.6330
vn -0.2754 0.7653 -0.5818
vn -0.4216 0.7108 -0.5630
vn -0.4387 -0.4319 0.7880
vn -0.5801 -0.1406 0.8023
vn -0.3034 -0.5389 0.7858
vn -0.4402 -0.2359 0.8664
vn -0.2580 -0.2499 0.9333
vn -0.4853 -0.3055 0.8192
vn -0.5863 -0.0716 0.8070
vn -0.5136 0.1841 0.8381
vn -0.5435 0.2625 0.7973
vn -0.3895 0.3562 0.8494
vn 0.1123 0.4573 0.8822
vn -0.0656 -0.3006 0.9515
vn -0.1204 -0.5972 0.7930
vn -0.0185 -0.2363 0.9715
vn -0.1397 -0.3065 0.9416
vn -0.2312 -0.3117 0.9216
vn 0.0892 -0.0302 0.9956
vn -0.0126 0.1626 0.9866
vn -0.0070 0.0061 1.0000
vn -0.0775 0.1031 0.9916
vn 0.1935 -0.1356 0.9717
vn 0.3795 -0.1540 0.9123
vn 0.3013 0.1863 0.9352
vn 0.0860 0.2718 0.9585
vn -0.1303 0.1896 0.9732
vn -0.1562 0.1286 0.9793
vn -0.0793 0.0538 0.9954
vn -0.0339 0.0371 0.9987
vn 0.0020 -0.0004 1.0000
vn 0.0024 -0.0020 1.0000
vn 0.0010 -0.0018 1.0000
vn 0.0442 -0.0293 0.9986
vn -0.0011 -0.0172 -0.9999
vn -0.0070 0.0218 -0.9997
vn -0.0001 1.0000 -0.0009
vn 0.0002 1.0000 0.0012
vn -0.9169 0.3991 -0.0011
vn -0.9168 0.3993 -0.0005
vn -0.9173 0.3982 -0.0007
vn -0.9167 0.3996 -0.0005
vn -0.9162 0.4008 0.0016
vn -0.9164 0.4002 -0.0026
vn -0.9168 0.3992 0.0034
vn -0.9173 0.3982 0.0020
vn -0.9166 0.3998 0.0010
vn -0.9167 0.3997 0.0016
vn -0.9166 0.3999 -0.0011
vn -0.9166 0.3998 0.0013
vn 0.1347 -0.6686 0.7313
vn 0.0554 -0.4875 0.8713
vn -0.0000 -1.0000 0.0026
vn -0.0000 -1.0000 -0.0042
vn 0.9169 0.3990 -0.0000
vn 0.9163 0.4005 -0.0009
vn 0.9174 0.3981 -0.0000
vn 0.9172 0.3985 0.0006
vn 0.9170 0.3989 -0.0002
vn 0.9171 0.3986 0.0001
vn 0.9169 0.3990 -0.0013
vn 0.9172 0.3984 -0.0008
vn 0.9168 0.3993 -0.0005
vn 0.9169 0.3991 -0.0011
vn 0.9166 0.3998 0.0013
vn 0.9164 0.4002 -0.0008
vn 0.7083 0.2271 -0.6684
vn 0.0049 0.5723 -0.8200
vn 0.0924 0.3937 -0.9146
vn -0.3256 0.8329 -0.4474
vn 0.6166 0.4974 -0.6103
vn 0.7675 0.3258 -0.5521
vn 0.8109 0.0742 -0.5804
vn -0.0084 0.4754 -0.8797
vn -0.5484 0.6609 -0.5123
vn -0.6710 0.5607 -0.4852
vn -0.0129 0.8381 -0.5454
vn -0.0340 0.9267 -0.3743
vn -0.0437 0.7754 -0.6299
vn 0.0175 0.0345 -0.9993
vn 0.4478 0.2074 -0.8698
vn 0.6137 0.3637 -0.7008
vn 0.1878 0.6891 -0.6999
vn -0.4988 -0.6865 -0.5291
vn 0.5057 0.6182 -0.6017
vn -0.4182 -0.4022 -0.8145
vn 0.1314 0.7629 -0.6330
vn 0.3356 0.7298 -0.5956
vn 0.1698 -0.8253 -0.5385
vn 0.2615 0.8001 -0.5399
vn -0.2450 0.7385 -0.6281
vn 0.0418 0.0314 -0.9986
vn 0.7623 -0.2494 -0.5973
vn 0.8520 0.0997 -0.5139
vn 0.7273 0.4596 -0.5097
vn 0.5428 0.6163 -0.5706
vn 0.4216 0.7108 -0.5630
vn 0.2754 0.7653 -0.5818
vn -0.0977 -0.0419 0.9943
vn -0.0671 0.0105 0.9977
vn -0.0024 -0.0020 1.0000
vn -0.0025 -0.0009 1.0000
vn -0.0022 -0.0008 1.0000
vn -0.0022 -0.0006 1.0000
vn -0.0147 0.0080 0.9999
vn -0.2665 0.0793 0.9606
vn -0.4322 -0.0292 0.9013
vn -0.3959 -0.1744 0.9016
vn -0.1935 -0.1356 0.9717
vn -0.0442 -0.0293 0.9986
vn -0.0010 -0.0018 1.0000
vn -0.0000 -0.1405 -0.9901
vn -0.0000 -0.0164 -0.9999
vn -0.0000 0.1227 -0.9924
vn -0.0000 0.1403 -0.9901
vn 0.5293 0.8485 -0.0009
vn 0.5284 0.8490 -0.0000
vn 0.5287 0.8488 -0.0001
vn 0.5286 0.8489 -0.0003
vn -0.0000 -1.0000 -0.0054
vn -0.0000 -1.0000 0.0035
vn 0.5286 0.8489 -0.0007
vn 0.5281 0.8492 -0.0007
vn 0.5289 0.8487 0.0004
vn -0.0000 -0.4448 0.8956
vn -0.0000 -0.2837 0.9589
vn 0.0001 0.0002 1.0000
vn 0.0199 -0.6420 0.7664
vn -0.0000 0.0003 1.0000
vn 0.1161 -0.6335 0.7650
vn -0.0021 0.0005 1.0000
vn -0.0018 0.0006 1.0000
vn -0.2656 -0.4284 0.8637
vn -0.3887 -0.5573 0.7337
vn 0.2369 -0.5708 0.7861
vn -0.0753 -0.5317 0.8435
vn 0.0850 -0.6432 0.7610
vn 0.0517 -0.5963 0.8011
vn -0.0000 0.0002 1.0000
vn -0.0617 0.0522 0.9967
vn 0.1605 -0.8372 -0.5228
vn -0.5210 -0.0528 -0.8519
vn -0.2613 -0.2459 -0.9334
vn -0.6478 0.5982 -0.4717
vn 0.2131 -0.6606 -0.7198
vn -0.0473 -0.9037 -0.4256
vn -0.2678 -0.8046 -0.5299
vn -0.7422 -0.0403 -0.6690
vn -0.6572 0.6261 -0.4196
vn -0.5192 0.7138 -0.4700
vn -0.3358 0.4342 -0.8359
vn -0.6318 0.6009 -0.4896
vn -0.7518 0.4572 -0.4752
vn -0.2358 0.1868 -0.9537
vn 0.5779 -0.6039 -0.5489
vn 0.3250 -0.7124 -0.6220
vn -0.6459 -0.7634 -0.0000
vn -0.6448 -0.7644 -0.0024
vn -0.6465 -0.7629 -0.0011
vn -0.6462 -0.7631 -0.0006
vn -0.6463 -0.7631 -0.0002
vn -0.6463 -0.7631 -0.0000
vn -0.6458 -0.7635 0.0020
vn -0.6432 -0.7657 0.0027
vn -0.6417 -0.7669 0.0022
vn -0.6453 -0.7640 0.0003
vn -0.6448 -0.7643 -0.0000
vn 0.3119 -0.5343 0.7857
vn 0.4940 0.0380 0.8687
vn 0.4488 -0.4161 0.7908
vn 0.5286 0.1684 0.8320
vn 0.0185 -0.2363 0.9715
vn 0.1205 -0.5971 0.7930
vn 0.2881 -0.1823 0.9401
vn 0.4151 0.4653 0.7818
vn 0.5026 0.4477 0.7396
vn 0.4455 0.4217 0.7897
vn 0.3083 0.3661 0.8780
vn 0.4617 0.2068 0.8626
vn 0.4774 -0.2826 0.8320
vn 0.2580 -0.2499 0.9333
vn 0.2312 -0.3117 0.9216
vn 0.1397 -0.3065 0.9416
vn -0.2294 -0.3546 -0.9064
vn 0.1160 -0.5148 -0.8494
vn -0.6943 -0.1312 -0.7076
vn -0.5343 -0.4750 -0.6992
vn 0.0864 -0.2113 -0.9736
vn 0.2514 -0.3866 -0.8873
vn 0.3883 -0.3810 -0.8391
vn 0.4908 -0.2846 -0.8235
vn 0.4167 -0.4114 -0.8106
vn -0.1401 -0.5948 -0.7916
vn -0.6656 -0.5511 -0.5032
vn -0.8372 -0.2673 -0.4771
vn -0.8291 0.1305 -0.5437
vn -0.6384 0.4736 -0.6067
vn -0.6272 0.2897 -0.7230
vn -0.3881 0.0337 -0.9210
vn -0.1582 -0.9874 -0.0000
vn -0.1581 -0.9874 -0.0024
vn -0.1611 -0.9869 -0.0026
vn -0.1608 -0.9870 -0.0023
vn -0.1594 -0.9872 -0.0016
vn -0.1590 -0.9873 -0.0000
vn -0.1580 -0.9874 0.0039
vn -0.1574 -0.9875 0.0039
vn -0.1579 -0.9875 0.0029
vn -0.1579 -0.9875 0.0020
vn -0.1543 -0.9880 -0.0010
vn -0.1542 -0.9880 0.0011
vn 0.5570 0.1389 -0.8188
vn 0.4403 0.2794 -0.8533
vn 0.3500 0.1568 -0.9236
vn 0.0950 0.4178 -0.9036
vn 0.5710 -0.1242 -0.8115
vn 0.5870 0.1083 -0.8023
vn 0.5862 0.2627 -0.7664
vn 0.4416 0.5417 -0.7153
vn 0.2396 0.6483 -0.7227
vn 0.0039 0.6354 -0.7721
vn -0.0372 0.5965 -0.8017
vn -0.0038 0.5306 -0.8476
vn -0.1480 0.0049 -0.9890
vn -0.4353 -0.5837 -0.6854
vn 0.2775 -0.3494 -0.8950
vn 0.5575 -0.1684 -0.8130
vn 0.3806 0.2444 0.8918
vn 0.2545 0.0284 0.9667
vn 0.2648 0.0779 0.9612
vn 0.1818 -0.1390 0.9735
vn 0.4226 0.4644 0.7783
vn 0.3603 0.3935 0.8458
vn 0.2529 0.2671 0.9299
vn 0.1614 0.0264 0.9865
vn 0.1565 -0.1189 0.9805
vn 0.1184 -0.1632 0.9795
vn 0.0800 -0.1665 0.9828
vn 0.0898 -0.1985 0.9760
vn 0.0991 -0.0564 0.9935
vn 0.1623 0.1991 0.9664
vn 0.3563 0.2943 0.8868
vn 0.4601 0.3770 0.8038
vn -0.0000 0.0371 0.9993
vn -0.0000 0.3337 0.9427
vn -0.0000 0.4524 0.8918
vn -0.0000 0.3479 0.9375
vn -0.5283 0.8491 -0.0015
vn -0.5280 0.8492 -0.0012
vn -0.5282 0.8491 -0.0010
vn -0.5284 0.8490 -0.0006
vn 0.0001 0.0384 0.9993
vn -0.0000 1.0000 0.0006
vn -0.5286 0.8488 -0.0011
vn -0.5285 0.8489 -0.0018
vn -0.5279 0.8493 -0.0020
vn -0.5279 0.8493 -0.0009
vn -0.5259 0.8505 -0.0011
vn -0.5268 0.8500 0.0017
vn -0.9493 -0.3144 0.0019
vn -0.9492 -0.3146 0.0016
vn -0.9495 -0.3139 -0.0013
vn -0.9495 -0.3138 0.0007
vn -0.9490 -0.3154 0.0010
vn -0.9484 -0.3169 -0.0044
vn 0.1902 -0.5308 -0.8259
vn -0.2955 -0.3818 -0.8757
vn -0.3131 0.9497 -0.0020
vn 0.3148 -0.9491 0.0043
vt 0.828125 0.562500
vt 0.843750 0.562500
vt 0.859375 0.687500
vt 0.843750 0.687500
vt 0.828125 0.625000
vt 0.859375 0.562500
vt 0.859375 0.625000
vt 0.812500 0.500000
vt 0.828125 0.500000
vt 0.812500 0.562500
vt 0.843750 0.500000
vt 0.859375 0.500000
vt 0.875000 0.500000
vt 0.875000 0.562500
vt 0.875000 0.625000
vt 0.875000 0.687500
vt 0.875000 0.750000
vt 0.859375 0.750000
vt 0.843750 0.750000
vt 0.828125 0.687500
vt 0.828125 0.750000
vt 0.812500 0.687500
vt 0.812500 0.750000
vt 0.812500 0.625000
vt 0.531250 0.953125
vt 0.562500 0.953125
vt 0.562500 0.968750
vt 0.531250 0.968750
vt 0.593750 0.953125
vt 0.593750 0.968750
vt 0.562500 0.984375
vt 0.531250 0.984375
vt 0.593750 0.984375
vt 0.500000 0.937500
vt 0.531250 0.937500
vt 0.500000 0.953125
vt 0.562500 0.937500
vt 0.593750 0.937500
vt 0.625000 0.937500
vt 0.625000 0.953125
vt 0.625000 0.968750
vt 0.625000 0.984375
vt 0.625000 1.000000
vt 0.593750 1.000000
vt 0.562500 1.000000
vt 0.531250 1.000000
vt 0.500000 0.984375
vt 0.500000 1.000000
vt 0.500000 0.968750
vt 0.531250 0.062500
vt 0.562500 0.062500
vt 0.562500 0.125000
vt 0.531250 0.125000
vt 0.593750 0.062500
vt 0.593750 0.125000
vt 0.562500 0.187500
vt 0.531250 0.187500
vt 0.593750 0.187500
vt 0.500000 0.000000
vt 0.531250 0.000000
vt 0.500000 0.062500
vt 0.562500 0.000000
vt 0.593750 0.000000
vt 0.625000 0.000000
vt 0.625000 0.062500
vt 0.625000 0.125000
vt 0.625000 0.187500
vt 0.625000 0.250000
vt 0.593750 0.250000
vt 0.562500 0.250000
vt 0.531250 0.250000
vt 0.500000 0.187500
vt 0.500000 0.250000
vt 0.500000 0.125000
vt 0.562500 0.562500
vt 0.593750 0.562500
vt 0.593750 0.625000
vt 0.562500 0.625000
vt 0.531250 0.562500
vt 0.531250 0.625000
vt 0.312500 0.500000
vt 0.328125 0.500000
vt 0.328125 0.562500
vt 0.312500 0.562500
vt 0.343750 0.500000
vt 0.343750 0.562500
vt 0.359375 0.500000
vt 0.359375 0.562500
vt 0.375000 0.500000
vt 0.375000 0.562500
vt 0.359375 0.687500
vt 0.375000 0.687500
vt 0.375000 0.750000
vt 0.359375 0.750000
vt 0.343750 0.687500
vt 0.343750 0.750000
vt 0.328125 0.687500
vt 0.328125 0.750000
vt 0.312500 0.687500
vt 0.312500 0.750000
vt 0.843750 0.625000
vt 0.500000 0.625000
vt 0.500000 0.562500
vt 0.593750 0.687500
vt 0.562500 0.687500
vt 0.531250 0.687500
vt 0.500000 0.687500
vt 0.500000 0.500000
vt 0.531250 0.500000
vt 0.562500 0.500000
vt 0.593750 0.500000
vt 0.625000 0.500000
vt 0.625000 0.562500
vt 0.625000 0.687500
vt 0.625000 0.750000
vt 0.593750 0.750000
vt 0.562500 0.750000
vt 0.531250 0.750000
vt 0.500000 0.750000
vt 0.625000 0.625000
vt 0.531250 0.453125
vt 0.562500 0.453125
vt 0.562500 0.468750
vt 0.531250 0.468750
vt 0.593750 0.453125
vt 0.593750 0.468750
vt 0.562500 0.484375
vt 0.531250 0.484375
vt 0.593750 0.484375
vt 0.500000 0.437500
vt 0.531250 0.437500
vt 0.500000 0.453125
vt 0.562500 0.437500
vt 0.593750 0.437500
vt 0.625000 0.437500
vt 0.625000 0.453125
vt 0.625000 0.468750
vt 0.625000 0.484375
vt 0.500000 0.484375
vt 0.500000 0.468750
vt 0.531250 0.328125
vt 0.562500 0.328125
vt 0.562500 0.343750
vt 0.531250 0.343750
vt 0.593750 0.328125
vt 0.593750 0.343750
vt 0.562500 0.359375
vt 0.531250 0.359375
vt 0.593750 0.359375
vt 0.500000 0.312500
vt 0.531250 0.312500
vt 0.500000 0.328125
vt 0.562500 0.312500
vt 0.593750 0.312500
vt 0.625000 0.312500
vt 0.625000 0.328125
vt 0.625000 0.343750
vt 0.625000 0.359375
vt 0.625000 0.375000
vt 0.593750 0.375000
vt 0.562500 0.375000
vt 0.531250 0.375000
vt 0.500000 0.359375
vt 0.500000 0.375000
vt 0.500000 0.343750
vt 0.375000 0.625000
vt 0.375000 0.125000
vt 0.375000 0.187500
vt 0.125000 0.562500
vt 0.140625 0.562500
vt 0.187500 0.500000
vt 0.203125 0.500000
vt 0.203125 0.562500
vt 0.187500 0.562500
vt 0.218750 0.500000
vt 0.218750 0.562500
vt 0.234375 0.500000
vt 0.234375 0.562500
vt 0.250000 0.500000
vt 0.250000 0.562500
vt 0.250000 0.625000
vt 0.234375 0.625000
vt 0.250000 0.687500
vt 0.234375 0.687500
vt 0.250000 0.750000
vt 0.234375 0.750000
vt 0.218750 0.687500
vt 0.218750 0.750000
vt 0.203125 0.687500
vt 0.203125 0.750000
vt 0.187500 0.687500
vt 0.187500 0.750000
vt 0.156250 0.562500
vt 0.171875 0.562500
vt 0.531250 0.828125
vt 0.562500 0.828125
vt 0.562500 0.843750
vt 0.531250 0.843750
vt 0.593750 0.828125
vt 0.593750 0.843750
vt 0.562500 0.859375
vt 0.531250 0.859375
vt 0.593750 0.859375
vt 0.500000 0.812500
vt 0.531250 0.812500
vt 0.500000 0.828125
vt 0.562500 0.812500
vt 0.593750 0.812500
vt 0.625000 0.812500
vt 0.625000 0.828125
vt 0.625000 0.843750
vt 0.625000 0.859375
vt 0.625000 0.875000
vt 0.593750 0.875000
vt 0.562500 0.875000
vt 0.531250 0.875000
vt 0.500000 0.859375
vt 0.500000 0.875000
vt 0.500000 0.843750
vt 0.703125 0.562500
vt 0.718750 0.562500
vt 0.718750 0.625000
vt 0.703125 0.625000
vt 0.734375 0.562500
vt 0.734375 0.625000
vt 0.718750 0.687500
vt 0.703125 0.687500
vt 0.734375 0.687500
vt 0.687500 0.500000
vt 0.703125 0.500000
vt 0.687500 0.562500
vt 0.718750 0.500000
vt 0.734375 0.500000
vt 0.750000 0.500000
vt 0.750000 0.562500
vt 0.750000 0.625000
vt 0.750000 0.687500
vt 0.750000 0.750000
vt 0.734375 0.750000
vt 0.718750 0.750000
vt 0.703125 0.750000
vt 0.687500 0.687500
vt 0.687500 0.750000
vt 0.687500 0.625000
vt 0.406250 0.828125
vt 0.437500 0.828125
vt 0.437500 0.843750
vt 0.406250 0.843750
vt 0.468750 0.828125
vt 0.468750 0.843750
vt 0.437500 0.859375
vt 0.406250 0.859375
vt 0.468750 0.859375
vt 0.375000 0.812500
vt 0.406250 0.812500
vt 0.375000 0.828125
vt 0.437500 0.812500
vt 0.468750 0.812500
vt 0.468750 0.875000
vt 0.437500 0.875000
vt 0.406250 0.875000
vt 0.375000 0.859375
vt 0.375000 0.875000
vt 0.375000 0.843750
vt 0.406250 0.328125
vt 0.437500 0.328125
vt 0.437500 0.343750
vt 0.406250 0.343750
vt 0.468750 0.328125
vt 0.468750 0.343750
vt 0.437500 0.359375
vt 0.406250 0.359375
vt 0.468750 0.359375
vt 0.375000 0.312500
vt 0.406250 0.312500
vt 0.375000 0.328125
vt 0.437500 0.312500
vt 0.468750 0.312500
vt 0.468750 0.375000
vt 0.437500 0.375000
vt 0.406250 0.375000
vt 0.375000 0.359375
vt 0.375000 0.375000
vt 0.375000 0.343750
vt 0.406250 0.453125
vt 0.437500 0.453125
vt 0.437500 0.468750
vt 0.406250 0.468750
vt 0.468750 0.453125
vt 0.468750 0.468750
vt 0.437500 0.484375
vt 0.406250 0.484375
vt 0.468750 0.484375
vt 0.375000 0.437500
vt 0.406250 0.437500
vt 0.375000 0.453125
vt 0.437500 0.437500
vt 0.468750 0.437500
vt 0.468750 0.500000
vt 0.437500 0.500000
vt 0.406250 0.500000
vt 0.375000 0.484375
vt 0.375000 0.468750
vt 0.437500 0.187500
vt 0.406250 0.187500
vt 0.406250 0.562500
vt 0.437500 0.562500
vt 0.468750 0.187500
vt 0.468750 0.562500
vt 0.468750 0.125000
vt 0.468750 0.625000
vt 0.468750 0.062500
vt 0.468750 0.687500
vt 0.468750 0.750000
vt 0.437500 0.687500
vt 0.437500 0.750000
vt 0.406250 0.687500
vt 0.406250 0.750000
vt 0.406250 0.625000
vt 0.437500 0.062500
vt 0.406250 0.062500
vt 0.406250 0.125000
vt 0.375000 0.000000
vt 0.406250 0.000000
vt 0.375000 0.062500
vt 0.437500 0.000000
vt 0.468750 0.000000
vt 0.468750 0.250000
vt 0.437500 0.250000
vt 0.406250 0.250000
vt 0.375000 0.250000
vt 0.406250 0.953125
vt 0.437500 0.953125
vt 0.437500 0.968750
vt 0.406250 0.968750
vt 0.468750 0.953125
vt 0.468750 0.968750
vt 0.437500 0.984375
vt 0.406250 0.984375
vt 0.468750 0.984375
vt 0.375000 0.937500
vt 0.406250 0.937500
vt 0.375000 0.953125
vt 0.437500 0.937500
vt 0.468750 0.937500
vt 0.468750 1.000000
vt 0.437500 1.000000
vt 0.406250 1.000000
vt 0.375000 0.984375
vt 0.375000 1.000000
vt 0.375000 0.968750
vt 0.406250 0.890625
vt 0.437500 0.890625
vt 0.437500 0.906250
vt 0.406250 0.906250
vt 0.468750 0.890625
vt 0.468750 0.906250
vt 0.437500 0.921875
vt 0.406250 0.921875
vt 0.468750 0.921875
vt 0.375000 0.890625
vt 0.500000 0.890625
vt 0.500000 0.906250
vt 0.500000 0.921875
vt 0.375000 0.921875
vt 0.375000 0.906250
vt 0.406250 0.265625
vt 0.437500 0.265625
vt 0.437500 0.281250
vt 0.406250 0.281250
vt 0.468750 0.265625
vt 0.468750 0.281250
vt 0.437500 0.296875
vt 0.406250 0.296875
vt 0.468750 0.296875
vt 0.375000 0.265625
vt 0.500000 0.265625
vt 0.500000 0.281250
vt 0.500000 0.296875
vt 0.375000 0.296875
vt 0.375000 0.281250
vt 0.296875 0.562500
vt 0.281250 0.562500
vt 0.265625 0.562500
vt 0.125000 0.500000
vt 0.140625 0.500000
vt 0.156250 0.500000
vt 0.171875 0.500000
vt 0.265625 0.625000
vt 0.265625 0.687500
vt 0.171875 0.687500
vt 0.171875 0.750000
vt 0.156250 0.687500
vt 0.156250 0.750000
vt 0.140625 0.687500
vt 0.140625 0.750000
vt 0.125000 0.687500
vt 0.125000 0.750000
vt 0.281250 0.687500
vt 0.296875 0.687500
vt 0.531250 0.265625
vt 0.562500 0.265625
vt 0.562500 0.281250
vt 0.531250 0.281250
vt 0.593750 0.265625
vt 0.593750 0.281250
vt 0.562500 0.296875
vt 0.531250 0.296875
vt 0.593750 0.296875
vt 0.625000 0.265625
vt 0.625000 0.281250
vt 0.625000 0.296875
vt 0.531250 0.890625
vt 0.562500 0.890625
vt 0.562500 0.906250
vt 0.531250 0.906250
vt 0.593750 0.890625
vt 0.593750 0.906250
vt 0.562500 0.921875
vt 0.531250 0.921875
vt 0.593750 0.921875
vt 0.625000 0.890625
vt 0.625000 0.906250
vt 0.625000 0.921875
vt 0.765625 0.562500
vt 0.781250 0.562500
vt 0.781250 0.625000
vt 0.765625 0.625000
vt 0.796875 0.562500
vt 0.796875 0.625000
vt 0.781250 0.687500
vt 0.765625 0.687500
vt 0.796875 0.687500
vt 0.765625 0.500000
vt 0.781250 0.500000
vt 0.796875 0.500000
vt 0.796875 0.750000
vt 0.781250 0.750000
vt 0.765625 0.750000
vt 0.406250 0.390625
vt 0.437500 0.390625
vt 0.437500 0.406250
vt 0.406250 0.406250
vt 0.468750 0.390625
vt 0.468750 0.406250
vt 0.437500 0.421875
vt 0.406250 0.421875
vt 0.468750 0.421875
vt 0.375000 0.390625
vt 0.500000 0.390625
vt 0.500000 0.406250
vt 0.500000 0.421875
vt 0.375000 0.421875
vt 0.375000 0.406250
vt 0.406250 0.765625
vt 0.437500 0.765625
vt 0.437500 0.781250
vt 0.406250 0.781250
vt 0.468750 0.765625
vt 0.468750 0.781250
vt 0.437500 0.796875
vt 0.406250 0.796875
vt 0.468750 0.796875
vt 0.375000 0.765625
vt 0.500000 0.765625
vt 0.500000 0.781250
vt 0.500000 0.796875
vt 0.375000 0.796875
vt 0.375000 0.781250
vt 0.640625 0.562500
vt 0.656250 0.562500
vt 0.656250 0.625000
vt 0.640625 0.625000
vt 0.671875 0.562500
vt 0.671875 0.625000
vt 0.656250 0.687500
vt 0.640625 0.687500
vt 0.671875 0.687500
vt 0.640625 0.500000
vt 0.656250 0.500000
vt 0.671875 0.500000
vt 0.671875 0.750000
vt 0.656250 0.750000
vt 0.640625 0.750000
vt 0.531250 0.765625
vt 0.562500 0.765625
vt 0.562500 0.781250
vt 0.531250 0.781250
vt 0.593750 0.765625
vt 0.593750 0.781250
vt 0.562500 0.796875
vt 0.531250 0.796875
vt 0.593750 0.796875
vt 0.625000 0.765625
vt 0.625000 0.781250
vt 0.625000 0.796875
vt 0.531250 0.390625
vt 0.562500 0.390625
vt 0.562500 0.406250
vt 0.531250 0.406250
vt 0.593750 0.390625
vt 0.593750 0.406250
vt 0.562500 0.421875
vt 0.531250 0.421875
vt 0.593750 0.421875
vt 0.625000 0.390625
vt 0.625000 0.406250
vt 0.625000 0.421875
vt 0.265625 0.500000
vt 0.281250 0.500000
vt 0.296875 0.500000
vt 0.296875 0.750000
vt 0.281250 0.750000
vt 0.265625 0.750000
s 0
usemtl Material
f 199/1/1 200/2/1 317/2/1 326/1/1
f 207/3/2 206/4/2 263/4/2 262/3/2
f 202/5/3 199/1/3 326/1/3 443/5/3
f 201/6/4 204/7/4 362/7/4 444/6/4
f 22/8/5 138/9/5 199/1/5 160/10/5
f 138/9/5 137/11/5 200/2/5 199/1/5
f 137/11/5 136/12/5 201/6/5 200/2/5
f 136/12/5 5/13/5 60/14/5 201/6/5
f 201/6/5 60/14/5 59/15/5 204/7/5
f 204/7/5 59/15/5 58/16/5 207/3/5
f 207/3/5 58/16/5 7/17/5 51/18/5
f 206/4/5 207/3/5 51/18/5 50/19/5
f 205/20/5 206/4/5 50/19/5 49/21/5
f 162/22/5 205/20/5 49/21/5 20/23/5
f 161/24/5 202/5/5 205/20/5 162/22/5
f 160/10/5 199/1/5 202/5/5 161/24/5
f 208/25/6 209/26/6 212/27/6 211/28/6
f 209/26/7 210/29/7 213/30/7 212/27/7
f 211/28/7 212/27/7 215/31/7 214/32/7
f 212/27/7 213/30/7 216/33/7 215/31/7
f 24/34/8 159/35/8 208/25/8 124/36/8
f 159/35/9 158/37/9 209/26/9 208/25/9
f 158/37/10 157/38/10 210/29/10 209/26/10
f 157/38/7 20/39/7 49/40/7 210/29/7
f 210/29/7 49/40/7 50/41/7 213/30/7
f 213/30/7 50/41/7 51/42/7 216/33/7
f 216/33/7 51/42/7 7/43/7 42/44/7
f 215/31/7 216/33/7 42/44/7 41/45/7
f 214/32/7 215/31/7 41/45/7 40/46/7
f 126/47/7 214/32/7 40/46/7 14/48/7
f 125/49/11 211/28/11 214/32/11 126/47/11
f 124/36/12 208/25/12 211/28/12 125/49/12
f 217/50/13 218/51/13 221/52/13 220/53/13
f 218/51/13 219/54/13 222/55/13 221/52/13
f 220/53/13 221/52/13 224/56/13 223/57/13
f 221/52/13 222/55/13 225/58/13 224/56/13
f 14/59/13 40/60/13 217/50/13 121/61/13
f 40/60/13 41/62/13 218/51/13 217/50/13
f 41/62/13 42/63/13 219/54/13 218/51/13
f 42/63/13 7/64/13 58/65/13 219/54/13
f 219/54/13 58/65/13 59/66/13 222/55/13
f 222/55/13 59/66/13 60/67/13 225/58/13
f 225/58/13 60/67/13 5/68/13 100/69/13
f 224/56/13 225/58/13 100/69/13 101/70/13
f 223/57/13 224/56/13 101/70/13 102/71/13
f 123/72/13 223/57/13 102/71/13 16/73/13
f 122/74/13 220/53/13 223/57/13 123/72/13
f 121/61/13 217/50/13 220/53/13 122/74/13
f 449/75/14 450/76/14 453/77/14 452/78/14
f 448/79/14 449/75/14 452/78/14 451/80/14
f 206/4/15 205/20/15 361/20/15 263/4/15
f 200/2/16 201/6/16 444/6/16 317/2/16
f 27/81/17 171/82/17 226/83/17 196/84/17
f 171/82/17 170/85/17 227/86/17 226/83/17
f 170/85/17 169/87/17 228/88/17 227/86/17
f 169/87/17 2/89/17 66/90/17 228/88/17
f 205/20/3 202/5/3 443/5/3 361/20/3
f 204/7/4 207/3/4 262/3/4 362/7/4
f 234/91/17 64/92/17 4/93/17 57/94/17
f 233/95/17 234/91/17 57/94/17 56/96/17
f 232/97/17 233/95/17 56/96/17 55/98/17
f 198/99/17 232/97/17 55/98/17 25/100/17
f 363/101/5 362/7/5 262/3/5 263/4/5
f 443/5/5 363/101/5 263/4/5 361/20/5
f 119/102/18 118/103/18 229/103/18 197/102/18
f 240/104/19 239/105/19 455/105/19 456/104/19
f 238/106/20 120/107/20 152/107/20 454/106/20
f 235/79/21 236/75/21 449/75/21 448/79/21
f 13/108/14 93/109/14 235/79/14 118/103/14
f 93/109/14 92/110/14 236/75/14 235/79/14
f 92/110/14 91/111/14 237/76/14 236/75/14
f 91/111/14 1/112/14 52/113/14 237/76/14
f 54/114/22 240/104/22 456/104/22 230/114/22
f 239/105/23 238/106/23 454/106/23 455/105/23
f 240/104/14 54/114/14 3/115/14 97/116/14
f 239/105/14 240/104/14 97/116/14 98/117/14
f 238/106/14 239/105/14 98/117/14 99/118/14
f 120/107/14 238/106/14 99/118/14 15/119/14
f 118/103/24 235/79/24 448/79/24 229/103/24
f 53/120/25 54/114/25 230/114/25 231/120/25
f 241/121/26 242/122/26 245/123/26 244/124/26
f 242/122/27 243/125/27 246/126/27 245/123/27
f 244/124/28 245/123/28 248/127/28 247/128/28
f 245/123/29 246/126/29 249/129/29 248/127/29
f 30/130/30 195/131/30 241/121/30 115/132/30
f 195/131/31 194/133/31 242/122/31 241/121/31
f 194/133/32 193/134/32 243/125/32 242/122/32
f 193/134/33 26/135/33 61/136/33 243/125/33
f 243/125/34 61/136/34 62/137/34 246/126/34
f 246/126/35 62/137/35 63/138/35 249/129/35
f 249/129/36 63/138/36 1/112/36 91/111/36
f 248/127/37 249/129/37 91/111/37 92/110/37
f 247/128/38 248/127/38 92/110/38 93/109/38
f 117/139/39 247/128/39 93/109/39 13/108/39
f 116/140/40 244/124/40 247/128/40 117/139/40
f 115/132/41 241/121/41 244/124/41 116/140/41
f 250/141/42 251/142/42 254/143/42 253/144/42
f 251/142/43 252/145/43 255/146/43 254/143/43
f 253/144/44 254/143/44 257/147/44 256/148/44
f 254/143/45 255/146/45 258/149/45 257/147/45
f 23/150/46 156/151/46 250/141/46 112/152/46
f 156/151/47 155/153/47 251/142/47 250/141/47
f 155/153/48 154/154/48 252/145/48 251/142/48
f 154/154/49 22/155/49 76/156/49 252/145/49
f 252/145/50 76/156/50 77/157/50 255/146/50
f 255/146/51 77/157/51 78/158/51 258/149/51
f 258/149/52 78/158/52 12/159/52 103/160/52
f 257/147/53 258/149/53 103/160/53 104/161/53
f 256/148/54 257/147/54 104/161/54 105/162/54
f 114/163/55 256/148/55 105/162/55 17/164/55
f 113/165/56 253/144/56 256/148/56 114/163/56
f 112/152/57 250/141/57 253/144/57 113/165/57
f 317/2/5 444/6/5 362/7/5 363/101/5
f 326/1/5 317/2/5 363/101/5 443/5/5
f 66/90/58 65/166/58 32/167/58 31/168/58
f 228/88/7 66/90/7 31/169/7 358/170/7
f 19/171/59 129/172/59 259/173/59 151/174/59
f 129/172/59 128/175/59 260/176/59 259/173/59
f 128/175/59 127/177/59 261/178/59 260/176/59
f 127/177/59 9/179/59 82/180/59 261/178/59
f 261/178/59 82/180/59 83/181/59 264/182/59
f 264/182/59 83/181/59 84/183/59 267/184/59
f 267/184/59 84/183/59 11/185/59 75/186/59
f 266/187/59 267/184/59 75/186/59 74/188/59
f 265/189/59 266/187/59 74/188/59 73/190/59
f 153/191/59 265/189/59 73/190/59 21/192/59
f 227/86/60 228/88/60 358/170/60 359/193/60
f 226/83/61 227/86/61 359/193/61 360/194/61
f 268/195/62 269/196/62 272/197/62 271/198/62
f 269/196/63 270/199/63 273/200/63 272/197/63
f 271/198/64 272/197/64 275/201/64 274/202/64
f 272/197/65 273/200/65 276/203/65 275/201/65
f 29/204/66 192/205/66 268/195/66 109/206/66
f 192/205/67 191/207/67 269/196/67 268/195/67
f 191/207/68 190/208/68 270/199/68 269/196/68
f 190/208/69 28/209/69 70/210/69 270/199/69
f 270/199/70 70/210/70 71/211/70 273/200/70
f 273/200/71 71/211/71 72/212/71 276/203/71
f 276/203/72 72/212/72 10/213/72 106/214/72
f 275/201/73 276/203/73 106/214/73 107/215/73
f 274/202/74 275/201/74 107/215/74 108/216/74
f 111/217/75 274/202/75 108/216/75 18/218/75
f 110/219/76 271/198/76 274/202/76 111/217/76
f 109/206/77 268/195/77 271/198/77 110/219/77
f 277/220/78 278/221/78 281/222/78 280/223/78
f 278/221/78 279/224/78 282/225/78 281/222/78
f 280/223/78 281/222/78 284/226/78 283/227/78
f 281/222/78 282/225/78 285/228/78 284/226/78
f 26/229/78 168/230/78 277/220/78 187/231/78
f 168/230/78 167/232/78 278/221/78 277/220/78
f 167/232/78 166/233/78 279/224/78 278/221/78
f 166/233/78 12/234/78 88/235/78 279/224/78
f 279/224/78 88/235/78 89/236/78 282/225/78
f 282/225/78 89/236/78 90/237/78 285/228/78
f 285/228/78 90/237/78 10/238/78 72/239/78
f 284/226/78 285/228/78 72/239/78 71/240/78
f 283/227/78 284/226/78 71/240/78 70/241/78
f 189/242/78 283/227/78 70/241/78 28/243/78
f 188/244/78 280/223/78 283/227/78 189/242/78
f 187/231/78 277/220/78 280/223/78 188/244/78
f 286/245/79 287/246/79 290/247/79 289/248/79
f 287/246/80 288/249/80 291/250/80 290/247/80
f 289/248/81 290/247/81 293/251/81 292/252/81
f 290/247/82 291/250/82 294/253/82 293/251/82
f 25/254/83 186/255/83 286/245/83 165/256/83
f 186/255/84 185/257/84 287/246/84 286/245/84
f 185/257/85 184/258/85 288/249/85 287/246/85
f 184/258/86 29/204/86 109/206/86 288/249/86
f 288/249/87 109/206/87 110/219/87 291/250/87
f 291/250/88 110/219/88 111/217/88 294/253/88
f 294/253/89 111/217/89 18/218/89 85/259/89
f 293/251/90 294/253/90 85/259/90 86/260/90
f 292/252/91 293/251/91 86/260/91 87/261/91
f 163/262/92 292/252/92 87/261/92 11/263/92
f 164/264/93 289/248/93 292/252/93 163/262/93
f 165/256/94 286/245/94 289/248/94 164/264/94
f 295/265/95 296/266/95 299/267/95 298/268/95
f 296/266/96 297/269/96 300/270/96 299/267/96
f 298/268/97 299/267/97 302/271/97 301/272/97
f 299/267/98 300/270/98 303/273/98 302/271/98
f 19/274/99 150/275/99 295/265/99 129/276/99
f 150/275/100 149/277/100 296/266/100 295/265/100
f 149/277/101 148/278/101 297/269/101 296/266/101
f 148/278/102 23/150/102 112/152/102 297/269/102
f 297/269/103 112/152/103 113/165/103 300/270/103
f 300/270/104 113/165/104 114/163/104 303/273/104
f 303/273/105 114/163/105 17/164/105 79/279/105
f 302/271/106 303/273/106 79/279/106 80/280/106
f 301/272/107 302/271/107 80/280/107 81/281/107
f 127/282/108 301/272/108 81/281/108 9/283/108
f 128/284/109 298/268/109 301/272/109 127/282/109
f 129/276/110 295/265/110 298/268/110 128/284/110
f 304/285/111 305/286/111 308/287/111 307/288/111
f 305/286/112 306/289/112 309/290/112 308/287/112
f 307/288/113 308/287/113 311/291/113 310/292/113
f 308/287/114 309/290/114 312/293/114 311/291/114
f 27/294/115 183/295/115 304/285/115 171/296/115
f 183/295/116 182/297/116 305/286/116 304/285/116
f 182/297/117 181/298/117 306/289/117 305/286/117
f 181/298/118 30/130/118 115/132/118 306/289/118
f 306/289/119 115/132/119 116/140/119 309/290/119
f 309/290/120 116/140/120 117/139/120 312/293/120
f 312/293/121 117/139/121 13/108/121 37/299/121
f 311/291/122 312/293/122 37/299/122 38/300/122
f 310/292/123 311/291/123 38/300/123 39/301/123
f 169/302/124 310/292/124 39/301/124 2/89/124
f 170/303/124 307/288/124 310/292/124 169/302/124
f 171/296/125 304/285/125 307/288/125 170/303/125
f 329/304/126 328/305/126 313/306/126 314/307/126
f 330/308/127 329/304/127 314/307/127 315/309/127
f 327/310/58 330/308/58 315/309/58 318/311/58
f 324/312/58 327/310/58 318/311/58 321/313/58
f 2/89/128 39/301/128 313/306/128 66/90/128
f 39/301/128 38/300/128 314/307/128 313/306/128
f 38/300/128 37/299/128 315/309/128 314/307/128
f 37/299/128 13/108/128 118/103/128 315/309/128
f 315/309/128 118/103/128 119/102/128 318/311/128
f 318/311/128 119/102/128 120/107/128 321/313/128
f 321/313/128 120/107/128 15/119/128 43/314/128
f 320/315/128 321/313/128 43/314/128 44/316/128
f 319/317/128 320/315/128 44/316/128 45/318/128
f 64/92/128 319/317/128 45/318/128 4/93/128
f 65/166/128 316/319/128 319/317/128 64/92/128
f 66/90/128 313/306/128 316/319/128 65/166/128
f 323/320/129 324/312/129 321/313/129 320/315/129
f 322/321/130 323/320/130 320/315/130 319/317/130
f 325/322/131 322/321/131 319/317/131 316/319/131
f 328/305/131 325/322/131 316/319/131 313/306/131
f 8/323/132 94/324/132 322/321/132 33/325/132
f 94/324/132 95/326/132 323/320/132 322/321/132
f 95/326/132 96/327/132 324/312/132 323/320/132
f 96/327/132 14/59/132 121/61/132 324/312/132
f 324/312/132 121/61/132 122/74/132 327/310/132
f 327/310/132 122/74/132 123/72/132 330/308/132
f 330/308/132 123/72/132 16/73/132 46/328/132
f 329/304/132 330/308/132 46/328/132 47/329/132
f 328/305/132 329/304/132 47/329/132 48/330/132
f 31/168/132 328/305/132 48/330/132 6/331/132
f 32/167/132 325/322/132 328/305/132 31/168/132
f 33/325/132 322/321/132 325/322/132 32/167/132
f 331/332/133 332/333/133 335/334/133 334/335/133
f 332/333/134 333/336/134 336/337/134 335/334/134
f 334/335/135 335/334/135 338/338/135 337/339/135
f 335/334/136 336/337/136 339/340/136 338/338/136
f 21/341/137 147/342/137 331/332/137 135/343/137
f 147/342/138 146/344/138 332/333/138 331/332/138
f 146/344/139 145/345/139 333/336/139 332/333/139
f 145/345/140 24/34/140 124/36/140 333/336/140
f 333/336/141 124/36/141 125/49/141 336/337/141
f 336/337/142 125/49/142 126/47/142 339/340/142
f 339/340/143 126/47/143 14/48/143 96/346/143
f 338/338/144 339/340/144 96/346/144 95/347/144
f 337/339/145 338/338/145 95/347/145 94/348/145
f 133/349/146 337/339/146 94/348/146 8/350/146
f 134/351/147 334/335/147 337/339/147 133/349/147
f 135/343/148 331/332/148 334/335/148 134/351/148
f 340/352/149 341/353/149 344/354/149 343/355/149
f 341/353/150 342/356/150 345/357/150 344/354/150
f 343/355/151 344/354/151 347/358/151 346/359/151
f 344/354/152 345/357/152 348/360/152 347/358/152
f 11/263/153 87/261/153 340/352/153 75/361/153
f 87/261/154 86/260/154 341/353/154 340/352/154
f 86/260/155 85/259/155 342/356/155 341/353/155
f 85/259/156 18/218/156 142/362/156 342/356/156
f 342/356/157 142/362/157 143/363/157 345/357/157
f 345/357/158 143/363/158 144/364/158 348/360/158
f 348/360/159 144/364/159 24/34/159 145/345/159
f 347/358/160 348/360/160 145/345/160 146/344/160
f 346/359/161 347/358/161 146/344/161 147/342/161
f 73/365/162 346/359/162 147/342/162 21/341/162
f 74/366/163 343/355/163 346/359/163 73/365/163
f 75/361/164 340/352/164 343/355/164 74/366/164
f 349/367/124 350/368/124 353/369/124 352/370/124
f 350/368/124 351/371/124 354/372/124 353/369/124
f 352/370/165 353/369/165 356/373/165 355/374/165
f 353/369/166 354/372/166 357/375/166 356/373/166
f 6/331/124 48/330/124 349/367/124 36/376/124
f 48/330/124 47/329/124 350/368/124 349/367/124
f 47/329/124 46/328/124 351/371/124 350/368/124
f 46/328/124 16/73/124 139/377/124 351/371/124
f 351/371/124 139/377/124 140/378/124 354/372/124
f 354/372/167 140/378/167 141/379/167 357/375/167
f 357/375/168 141/379/168 23/150/168 148/278/168
f 356/373/169 357/375/169 148/278/169 149/277/169
f 355/374/170 356/373/170 149/277/170 150/275/170
f 34/380/171 355/374/171 150/275/171 19/274/171
f 35/381/172 352/370/172 355/374/172 34/380/172
f 36/376/124 349/367/124 352/370/124 35/381/124
f 196/84/173 226/83/173 360/194/173 151/174/173
f 441/382/174 196/84/174 151/174/174 259/173/174
f 440/383/175 441/382/175 259/173/175 260/176/175
f 439/384/176 440/383/176 260/176/176 261/178/176
f 6/385/59 36/386/59 358/170/59 31/169/59
f 36/386/59 35/387/59 359/193/59 358/170/59
f 35/387/59 34/388/59 360/194/59 359/193/59
f 34/388/59 19/171/59 151/174/59 360/194/59
f 442/389/131 439/384/131 261/178/131 264/182/131
f 445/390/131 442/389/131 264/182/131 267/184/131
f 366/391/59 153/191/59 21/192/59 135/392/59
f 365/393/59 366/391/59 135/392/59 134/394/59
f 364/395/59 365/393/59 134/394/59 133/396/59
f 33/397/59 364/395/59 133/396/59 8/398/59
f 446/399/177 445/390/177 267/184/177 266/187/177
f 447/400/178 446/399/178 266/187/178 265/189/178
f 367/401/124 368/402/124 371/403/124 370/404/124
f 368/402/179 369/405/179 372/406/179 371/403/179
f 370/404/124 371/403/124 374/407/124 373/408/124
f 371/403/180 372/406/180 375/409/180 374/407/180
f 16/73/124 102/71/124 367/401/124 139/377/124
f 102/71/124 101/70/124 368/402/124 367/401/124
f 101/70/181 100/69/181 369/405/181 368/402/181
f 100/69/182 5/68/182 136/410/182 369/405/182
f 369/405/183 136/410/183 137/411/183 372/406/183
f 372/406/184 137/411/184 138/412/184 375/409/184
f 375/409/185 138/412/185 22/155/185 154/154/185
f 374/407/186 375/409/186 154/154/186 155/153/186
f 373/408/124 374/407/124 155/153/124 156/151/124
f 141/379/187 373/408/187 156/151/187 23/150/187
f 140/378/124 370/404/124 373/408/124 141/379/124
f 139/377/124 367/401/124 370/404/124 140/378/124
f 376/413/188 377/414/188 380/415/188 379/416/188
f 377/414/189 378/417/189 381/418/189 380/415/189
f 379/416/190 380/415/190 383/419/190 382/420/190
f 380/415/191 381/418/191 384/421/191 383/419/191
f 18/218/192 108/216/192 376/413/192 142/362/192
f 108/216/193 107/215/193 377/414/193 376/413/193
f 107/215/194 106/214/194 378/417/194 377/414/194
f 106/214/195 10/213/195 130/422/195 378/417/195
f 378/417/196 130/422/196 131/423/196 381/418/196
f 381/418/197 131/423/197 132/424/197 384/421/197
f 384/421/198 132/424/198 20/39/198 157/38/198
f 383/419/199 384/421/199 157/38/199 158/37/199
f 382/420/200 383/419/200 158/37/200 159/35/200
f 144/364/201 382/420/201 159/35/201 24/34/201
f 143/363/202 379/416/202 382/420/202 144/364/202
f 142/362/203 376/413/203 379/416/203 143/363/203
f 385/425/204 386/426/204 389/427/204 388/428/204
f 386/426/204 387/429/204 390/430/204 389/427/204
f 388/428/204 389/427/204 392/431/204 391/432/204
f 389/427/204 390/430/204 393/433/204 392/431/204
f 12/234/204 78/434/204 385/425/204 88/235/204
f 78/434/204 77/435/204 386/426/204 385/425/204
f 77/435/204 76/436/204 387/429/204 386/426/204
f 76/436/204 22/8/204 160/10/204 387/429/204
f 387/429/204 160/10/204 161/24/204 390/430/204
f 390/430/204 161/24/204 162/22/204 393/433/204
f 393/433/204 162/22/204 20/23/204 132/437/204
f 392/431/204 393/433/204 132/437/204 131/438/204
f 391/432/204 392/431/204 131/438/204 130/439/204
f 90/237/204 391/432/204 130/439/204 10/238/204
f 89/236/204 388/428/204 391/432/204 90/237/204
f 88/235/204 385/425/204 388/428/204 89/236/204
f 394/440/205 395/441/205 398/442/205 397/443/205
f 395/441/206 396/444/206 399/445/206 398/442/206
f 397/443/207 398/442/207 401/446/207 400/447/207
f 398/442/208 399/445/208 402/448/208 401/446/208
f 9/283/209 81/281/209 394/440/209 69/449/209
f 81/281/210 80/280/210 395/441/210 394/440/210
f 80/280/211 79/279/211 396/444/211 395/441/211
f 79/279/212 17/164/212 178/450/212 396/444/212
f 396/444/213 178/450/213 179/451/213 399/445/213
f 399/445/214 179/451/214 180/452/214 402/448/214
f 402/448/215 180/452/215 30/130/215 181/298/215
f 401/446/216 402/448/216 181/298/216 182/297/216
f 400/447/217 401/446/217 182/297/217 183/295/217
f 67/453/218 400/447/218 183/295/218 27/294/218
f 68/454/219 397/443/219 400/447/219 67/453/219
f 69/449/220 394/440/220 397/443/220 68/454/220
f 403/455/221 404/456/221 407/457/221 406/458/221
f 404/456/222 405/459/222 408/460/222 407/457/222
f 406/458/223 407/457/223 410/461/223 409/462/223
f 407/457/224 408/460/224 411/463/224 410/461/224
f 4/93/225 45/318/225 403/455/225 57/464/225
f 45/318/226 44/316/226 404/456/226 403/455/226
f 44/316/227 43/314/227 405/459/227 404/456/227
f 43/314/228 15/119/228 175/465/228 405/459/228
f 405/459/229 175/465/229 176/466/229 408/460/229
f 408/460/230 176/466/230 177/467/230 411/463/230
f 411/463/231 177/467/231 29/204/231 184/258/231
f 410/461/232 411/463/232 184/258/232 185/257/232
f 409/462/233 410/461/233 185/257/233 186/255/233
f 55/468/234 409/462/234 186/255/234 25/254/234
f 56/469/235 406/458/235 409/462/235 55/468/235
f 57/464/236 403/455/236 406/458/236 56/469/236
f 412/470/237 413/471/237 416/472/237 415/473/237
f 413/471/237 414/474/237 417/475/237 416/472/237
f 415/473/237 416/472/237 419/476/237 418/477/237
f 416/472/237 417/475/237 420/478/237 419/476/237
f 1/112/237 63/479/237 412/470/237 52/113/237
f 63/479/237 62/480/237 413/471/237 412/470/237
f 62/480/237 61/481/237 414/474/237 413/471/237
f 61/481/237 26/229/237 187/231/237 414/474/237
f 414/474/237 187/231/237 188/244/237 417/475/237
f 417/475/237 188/244/237 189/242/237 420/478/237
f 420/478/237 189/242/237 28/243/237 174/482/237
f 419/476/237 420/478/237 174/482/237 173/483/237
f 418/477/237 419/476/237 173/483/237 172/484/237
f 54/114/237 418/477/237 172/484/237 3/115/237
f 53/120/237 415/473/237 418/477/237 54/114/237
f 52/113/237 412/470/237 415/473/237 53/120/237
f 421/485/238 422/486/238 425/487/238 424/488/238
f 422/486/239 423/489/239 426/490/239 425/487/239
f 424/488/240 425/487/240 428/491/240 427/492/240
f 425/487/241 426/490/241 429/493/241 428/491/241
f 15/119/242 99/118/242 421/485/242 175/465/242
f 99/118/243 98/117/243 422/486/243 421/485/243
f 98/117/244 97/116/244 423/489/244 422/486/244
f 97/116/245 3/115/245 172/494/245 423/489/245
f 423/489/246 172/494/246 173/495/246 426/490/246
f 426/490/247 173/495/247 174/496/247 429/493/247
f 429/493/248 174/496/248 28/209/248 190/208/248
f 428/491/249 429/493/249 190/208/249 191/207/249
f 427/492/250 428/491/250 191/207/250 192/205/250
f 177/467/251 427/492/251 192/205/251 29/204/251
f 176/466/252 424/488/252 427/492/252 177/467/252
f 175/465/253 421/485/253 424/488/253 176/466/253
f 430/497/254 431/498/254 434/499/254 433/500/254
f 431/498/255 432/501/255 435/502/255 434/499/255
f 433/500/256 434/499/256 437/503/256 436/504/256
f 434/499/257 435/502/257 438/505/257 437/503/257
f 17/164/258 105/162/258 430/497/258 178/450/258
f 105/162/259 104/161/259 431/498/259 430/497/259
f 104/161/260 103/160/260 432/501/260 431/498/260
f 103/160/261 12/159/261 166/506/261 432/501/261
f 432/501/262 166/506/262 167/507/262 435/502/262
f 435/502/263 167/507/263 168/508/263 438/505/263
f 438/505/264 168/508/264 26/135/264 193/134/264
f 437/503/265 438/505/265 193/134/265 194/133/265
f 436/504/266 437/503/266 194/133/266 195/131/266
f 180/452/267 436/504/267 195/131/267 30/130/267
f 179/451/268 433/500/268 436/504/268 180/452/268
f 178/450/269 430/497/269 433/500/269 179/451/269
f 198/99/270 447/400/270 265/189/270 153/191/270
f 232/97/271 198/99/271 153/191/271 366/391/271
f 233/95/272 232/97/272 366/391/272 365/393/272
f 234/91/273 233/95/273 365/393/273 364/395/273
f 9/179/17 69/509/17 439/384/17 82/180/17
f 69/509/17 68/510/17 440/383/17 439/384/17
f 68/510/17 67/511/17 441/382/17 440/383/17
f 67/511/17 27/81/17 196/84/17 441/382/17
f 64/92/274 234/91/274 364/395/274 33/397/274
f 65/166/58 64/92/58 33/325/58 32/167/58
f 447/400/17 198/99/17 25/100/17 165/512/17
f 446/399/17 447/400/17 165/512/17 164/513/17
f 445/390/17 446/399/17 164/513/17 163/514/17
f 84/183/17 445/390/17 163/514/17 11/185/17
f 83/181/17 442/389/17 445/390/17 84/183/17
f 82/180/17 439/384/17 442/389/17 83/181/17
f 451/80/14 452/78/14 455/105/14 454/106/14
f 452/78/14 453/77/14 456/104/14 455/105/14
f 450/76/14 203/113/14 231/120/14 453/77/14
f 453/77/14 231/120/14 230/114/14 456/104/14
f 197/102/14 451/80/14 454/106/14 152/107/14
f 229/103/14 448/79/14 451/80/14 197/102/14
f 236/75/275 237/76/275 450/76/275 449/75/275
f 237/76/276 52/113/276 203/113/276 450/76/276
f 52/113/25 53/120/25 231/120/25 203/113/25
f 120/107/18 119/102/18 197/102/18 152/107/18
f 655/1/277 782/1/277 773/2/277 656/2/277
f 663/3/278 718/3/278 719/4/278 662/4/278
f 658/5/279 899/5/279 782/1/279 655/1/279
f 657/6/280 900/6/280 818/7/280 660/7/280
f 478/8/281 616/10/281 655/1/281 594/9/281
f 594/9/282 655/1/282 656/2/282 593/11/282
f 593/11/283 656/2/283 657/6/283 592/12/283
f 592/12/284 657/6/284 516/14/284 461/13/284
f 657/6/285 660/7/285 515/15/285 516/14/285
f 660/7/286 663/3/286 514/16/286 515/15/286
f 663/3/287 507/18/287 463/17/287 514/16/287
f 662/4/288 506/19/288 507/18/288 663/3/288
f 661/20/289 505/21/289 506/19/289 662/4/289
f 618/22/290 476/23/290 505/21/290 661/20/290
f 617/24/291 618/22/291 661/20/291 658/5/291
f 616/10/292 617/24/292 658/5/292 655/1/292
f 664/25/293 667/28/293 668/27/293 665/26/293
f 665/26/294 668/27/294 669/30/294 666/29/294
f 667/28/123 670/32/123 671/31/123 668/27/123
f 668/27/295 671/31/295 672/33/295 669/30/295
f 480/34/296 580/36/296 664/25/296 615/35/296
f 615/35/297 664/25/297 665/26/297 614/37/297
f 614/37/298 665/26/298 666/29/298 613/38/298
f 613/38/299 666/29/299 505/40/299 476/39/299
f 666/29/300 669/30/300 506/41/300 505/40/300
f 669/30/301 672/33/301 507/42/301 506/41/301
f 672/33/302 498/44/302 463/43/302 507/42/302
f 671/31/303 497/45/303 498/44/303 672/33/303
f 670/32/304 496/46/304 497/45/304 671/31/304
f 582/47/305 470/48/305 496/46/305 670/32/305
f 581/49/306 582/47/306 670/32/306 667/28/306
f 580/36/307 581/49/307 667/28/307 664/25/307
f 673/50/308 676/53/308 677/52/308 674/51/308
f 674/51/308 677/52/308 678/55/308 675/54/308
f 676/53/308 679/57/308 680/56/308 677/52/308
f 677/52/308 680/56/308 681/58/308 678/55/308
f 470/59/309 577/61/309 673/50/309 496/60/309
f 496/60/310 673/50/310 674/51/310 497/62/310
f 497/62/310 674/51/310 675/54/310 498/63/310
f 498/63/311 675/54/311 514/65/311 463/64/311
f 675/54/312 678/55/312 515/66/312 514/65/312
f 678/55/312 681/58/312 516/67/312 515/66/312
f 681/58/313 556/69/313 461/68/313 516/67/313
f 680/56/314 557/70/314 556/69/314 681/58/314
f 679/57/315 558/71/315 557/70/315 680/56/315
f 579/72/316 472/73/316 558/71/316 679/57/316
f 578/74/317 579/72/317 679/57/317 676/53/317
f 577/61/317 578/74/317 676/53/317 673/50/317
f 905/75/318 908/78/318 909/77/318 906/76/318
f 904/79/319 907/80/319 908/78/319 905/75/319
f 662/4/320 719/4/320 817/20/320 661/20/320
f 656/2/321 773/2/321 900/6/321 657/6/321
f 483/81/322 652/84/322 682/83/322 627/82/322
f 627/82/323 682/83/323 683/86/323 626/85/323
f 626/85/324 683/86/324 684/88/324 625/87/324
f 625/87/325 684/88/325 522/90/325 458/89/325
f 661/20/326 817/20/326 899/5/326 658/5/326
f 660/7/327 818/7/327 718/3/327 663/3/327
f 690/91/328 513/94/328 460/93/328 520/92/328
f 689/95/329 512/96/329 513/94/329 690/91/329
f 688/97/330 511/98/330 512/96/330 689/95/330
f 654/99/331 481/100/331 511/98/331 688/97/331
f 819/101/332 719/4/332 718/3/332 818/7/332
f 899/5/333 817/20/333 719/4/333 819/101/333
f 575/102/334 653/102/334 685/103/334 574/103/334
f 696/104/335 912/104/335 911/105/335 695/105/335
f 694/106/336 910/106/336 608/107/336 576/107/336
f 691/79/337 904/79/337 905/75/337 692/75/337
f 469/108/338 574/103/338 691/79/338 549/109/338
f 549/109/339 691/79/339 692/75/339 548/110/339
f 548/110/340 692/75/340 693/76/340 547/111/340
f 547/111/341 693/76/341 508/113/341 457/112/341
f 510/114/342 686/114/342 912/104/342 696/104/342
f 695/105/343 911/105/343 910/106/343 694/106/343
f 696/104/344 553/116/344 459/115/344 510/114/344
f 695/105/345 554/117/345 553/116/345 696/104/345
f 694/106/346 555/118/346 554/117/346 695/105/346
f 576/107/347 471/119/347 555/118/347 694/106/347
f 574/103/348 685/103/348 904/79/348 691/79/348
f 509/120/349 687/120/349 686/114/349 510/114/349
f 697/121/350 700/124/350 701/123/350 698/122/350
f 698/122/351 701/123/351 702/126/351 699/125/351
f 700/124/352 703/128/352 704/127/352 701/123/352
f 701/123/353 704/127/353 705/129/353 702/126/353
f 486/130/354 571/132/354 697/121/354 651/131/354
f 651/131/355 697/121/355 698/122/355 650/133/355
f 650/133/356 698/122/356 699/125/356 649/134/356
f 649/134/357 699/125/357 517/136/357 482/135/357
f 699/125/358 702/126/358 518/137/358 517/136/358
f 702/126/359 705/129/359 519/138/359 518/137/359
f 705/129/360 547/111/360 457/112/360 519/138/360
f 704/127/361 548/110/361 547/111/361 705/129/361
f 703/128/362 549/109/362 548/110/362 704/127/362
f 573/139/363 469/108/363 549/109/363 703/128/363
f 572/140/364 573/139/364 703/128/364 700/124/364
f 571/132/365 572/140/365 700/124/365 697/121/365
f 706/141/366 709/144/366 710/143/366 707/142/366
f 707/142/367 710/143/367 711/146/367 708/145/367
f 709/144/368 712/148/368 713/147/368 710/143/368
f 710/143/369 713/147/369 714/149/369 711/146/369
f 479/150/370 568/152/370 706/141/370 612/151/370
f 612/151/371 706/141/371 707/142/371 611/153/371
f 611/153/372 707/142/372 708/145/372 610/154/372
f 610/154/373 708/145/373 532/156/373 478/155/373
f 708/145/374 711/146/374 533/157/374 532/156/374
f 711/146/375 714/149/375 534/158/375 533/157/375
f 714/149/376 559/160/376 468/159/376 534/158/376
f 713/147/377 560/161/377 559/160/377 714/149/377
f 712/148/378 561/162/378 560/161/378 713/147/378
f 570/163/379 473/164/379 561/162/379 712/148/379
f 569/165/380 570/163/380 712/148/380 709/144/380
f 568/152/381 569/165/381 709/144/381 706/141/381
f 773/2/382 819/101/382 818/7/382 900/6/382
f 782/1/383 899/5/383 819/101/383 773/2/383
f 522/90/384 487/168/384 488/167/384 521/166/384
f 684/88/385 814/170/385 487/169/385 522/90/385
f 475/171/386 607/174/386 715/173/386 585/172/386
f 585/172/387 715/173/387 716/176/387 584/175/387
f 584/175/388 716/176/388 717/178/388 583/177/388
f 583/177/389 717/178/389 538/180/389 465/179/389
f 717/178/390 720/182/390 539/181/390 538/180/390
f 720/182/391 723/184/391 540/183/391 539/181/391
f 723/184/392 531/186/392 467/185/392 540/183/392
f 722/187/393 530/188/393 531/186/393 723/184/393
f 721/189/394 529/190/394 530/188/394 722/187/394
f 609/191/395 477/192/395 529/190/395 721/189/395
f 683/86/396 815/193/396 814/170/396 684/88/396
f 682/83/397 816/194/397 815/193/397 683/86/397
f 724/195/398 727/198/398 728/197/398 725/196/398
f 725/196/399 728/197/399 729/200/399 726/199/399
f 727/198/400 730/202/400 731/201/400 728/197/400
f 728/197/401 731/201/401 732/203/401 729/200/401
f 485/204/402 565/206/402 724/195/402 648/205/402
f 648/205/403 724/195/403 725/196/403 647/207/403
f 647/207/404 725/196/404 726/199/404 646/208/404
f 646/208/405 726/199/405 526/210/405 484/209/405
f 726/199/406 729/200/406 527/211/406 526/210/406
f 729/200/407 732/203/407 528/212/407 527/211/407
f 732/203/408 562/214/408 466/213/408 528/212/408
f 731/201/409 563/215/409 562/214/409 732/203/409
f 730/202/410 564/216/410 563/215/410 731/201/410
f 567/217/411 474/218/411 564/216/411 730/202/411
f 566/219/412 567/217/412 730/202/412 727/198/412
f 565/206/413 566/219/413 727/198/413 724/195/413
f 733/220/414 736/223/414 737/222/414 734/221/414
f 734/221/414 737/222/414 738/225/414 735/224/414
f 736/223/414 739/227/414 740/226/414 737/222/414
f 737/222/414 740/226/414 741/228/414 738/225/414
f 482/229/415 643/231/415 733/220/415 624/230/415
f 624/230/416 733/220/416 734/221/416 623/232/416
f 623/232/417 734/221/417 735/224/417 622/233/417
f 622/233/418 735/224/418 544/235/418 468/234/418
f 735/224/419 738/225/419 545/236/419 544/235/419
f 738/225/419 741/228/419 546/237/419 545/236/419
f 741/228/420 528/239/420 466/238/420 546/237/420
f 740/226/421 527/240/421 528/239/421 741/228/421
f 739/227/422 526/241/422 527/240/422 740/226/422
f 645/242/423 484/243/423 526/241/423 739/227/423
f 644/244/424 645/242/424 739/227/424 736/223/424
f 643/231/424 644/244/424 736/223/424 733/220/424
f 742/245/425 745/248/425 746/247/425 743/246/425
f 743/246/426 746/247/426 747/250/426 744/249/426
f 745/248/427 748/252/427 749/251/427 746/247/427
f 746/247/428 749/251/428 750/253/428 747/250/428
f 481/254/429 621/256/429 742/245/429 642/255/429
f 642/255/430 742/245/430 743/246/430 641/257/430
f 641/257/431 743/246/431 744/249/431 640/258/431
f 640/258/432 744/249/432 565/206/432 485/204/432
f 744/249/433 747/250/433 566/219/433 565/206/433
f 747/250/434 750/253/434 567/217/434 566/219/434
f 750/253/435 541/259/435 474/218/435 567/217/435
f 749/251/436 542/260/436 541/259/436 750/253/436
f 748/252/437 543/261/437 542/260/437 749/251/437
f 619/262/438 467/263/438 543/261/438 748/252/438
f 620/264/439 619/262/439 748/252/439 745/248/439
f 621/256/440 620/264/440 745/248/440 742/245/440
f 751/265/441 754/268/441 755/267/441 752/266/441
f 752/266/442 755/267/442 756/270/442 753/269/442
f 754/268/443 757/272/443 758/271/443 755/267/443
f 755/267/444 758/271/444 759/273/444 756/270/444
f 475/274/445 585/276/445 751/265/445 606/275/445
f 606/275/446 751/265/446 752/266/446 605/277/446
f 605/277/447 752/266/447 753/269/447 604/278/447
f 604/278/448 753/269/448 568/152/448 479/150/448
f 753/269/449 756/270/449 569/165/449 568/152/449
f 756/270/450 759/273/450 570/163/450 569/165/450
f 759/273/451 535/279/451 473/164/451 570/163/451
f 758/271/452 536/280/452 535/279/452 759/273/452
f 757/272/453 537/281/453 536/280/453 758/271/453
f 583/282/454 465/283/454 537/281/454 757/272/454
f 584/284/455 583/282/455 757/272/455 754/268/455
f 585/276/456 584/284/456 754/268/456 751/265/456
f 760/285/457 763/288/457 764/287/457 761/286/457
f 761/286/458 764/287/458 765/290/458 762/289/458
f 763/288/459 766/292/459 767/291/459 764/287/459
f 764/287/460 767/291/460 768/293/460 765/290/460
f 483/294/461 627/296/461 760/285/461 639/295/461
f 639/295/462 760/285/462 761/286/462 638/297/462
f 638/297/463 761/286/463 762/289/463 637/298/463
f 637/298/464 762/289/464 571/132/464 486/130/464
f 762/289/465 765/290/465 572/140/465 571/132/465
f 765/290/466 768/293/466 573/139/466 572/140/466
f 768/293/467 493/299/467 469/108/467 573/139/467
f 767/291/468 494/300/468 493/299/468 768/293/468
f 766/292/469 495/301/469 494/300/469 767/291/469
f 625/302/470 458/89/470 495/301/470 766/292/470
f 626/303/471 625/302/471 766/292/471 763/288/471
f 627/296/472 626/303/472 763/288/472 760/285/472
f 785/304/473 770/307/473 769/306/473 784/305/473
f 786/308/474 771/309/474 770/307/474 785/304/474
f 783/310/475 774/311/475 771/309/475 786/308/475
f 780/312/476 777/313/476 774/311/476 783/310/476
f 458/89/477 522/90/477 769/306/477 495/301/477
f 495/301/478 769/306/478 770/307/478 494/300/478
f 494/300/479 770/307/479 771/309/479 493/299/479
f 493/299/480 771/309/480 574/103/480 469/108/480
f 771/309/481 774/311/481 575/102/481 574/103/481
f 774/311/482 777/313/482 576/107/482 575/102/482
f 777/313/483 499/314/483 471/119/483 576/107/483
f 776/315/484 500/316/484 499/314/484 777/313/484
f 775/317/485 501/318/485 500/316/485 776/315/485
f 520/92/486 460/93/486 501/318/486 775/317/486
f 521/166/487 520/92/487 775/317/487 772/319/487
f 522/90/488 521/166/488 772/319/488 769/306/488
f 779/320/489 776/315/489 777/313/489 780/312/489
f 778/321/490 775/317/490 776/315/490 779/320/490
f 781/322/491 772/319/491 775/317/491 778/321/491
f 784/305/492 769/306/492 772/319/492 781/322/492
f 464/323/493 489/325/493 778/321/493 550/324/493
f 550/324/494 778/321/494 779/320/494 551/326/494
f 551/326/495 779/320/495 780/312/495 552/327/495
f 552/327/496 780/312/496 577/61/496 470/59/496
f 780/312/497 783/310/497 578/74/497 577/61/497
f 783/310/498 786/308/498 579/72/498 578/74/498
f 786/308/499 502/328/499 472/73/499 579/72/499
f 785/304/500 503/329/500 502/328/500 786/308/500
f 784/305/501 504/330/501 503/329/501 785/304/501
f 487/168/502 462/331/502 504/330/502 784/305/502
f 488/167/503 487/168/503 784/305/503 781/322/503
f 489/325/504 488/167/504 781/322/504 778/321/504
f 787/332/505 790/335/505 791/334/505 788/333/505
f 788/333/506 791/334/506 792/337/506 789/336/506
f 790/335/507 793/339/507 794/338/507 791/334/507
f 791/334/508 794/338/508 795/340/508 792/337/508
f 477/341/509 591/343/509 787/332/509 603/342/509
f 603/342/510 787/332/510 788/333/510 602/344/510
f 602/344/511 788/333/511 789/336/511 601/345/511
f 601/345/512 789/336/512 580/36/512 480/34/512
f 789/336/513 792/337/513 581/49/513 580/36/513
f 792/337/514 795/340/514 582/47/514 581/49/514
f 795/340/515 552/346/515 470/48/515 582/47/515
f 794/338/516 551/347/516 552/346/516 795/340/516
f 793/339/517 550/348/517 551/347/517 794/338/517
f 589/349/518 464/350/518 550/348/518 793/339/518
f 590/351/519 589/349/519 793/339/519 790/335/519
f 591/343/520 590/351/520 790/335/520 787/332/520
f 796/352/521 799/355/521 800/354/521 797/353/521
f 797/353/522 800/354/522 801/357/522 798/356/522
f 799/355/523 802/359/523 803/358/523 800/354/523
f 800/354/524 803/358/524 804/360/524 801/357/524
f 467/263/525 531/361/525 796/352/525 543/261/525
f 543/261/526 796/352/526 797/353/526 542/260/526
f 542/260/527 797/353/527 798/356/527 541/259/527
f 541/259/528 798/356/528 598/362/528 474/218/528
f 798/356/529 801/357/529 599/363/529 598/362/529
f 801/357/530 804/360/530 600/364/530 599/363/530
f 804/360/531 601/345/531 480/34/531 600/364/531
f 803/358/532 602/344/532 601/345/532 804/360/532
f 802/359/533 603/342/533 602/344/533 803/358/533
f 529/365/534 477/341/534 603/342/534 802/359/534
f 530/366/535 529/365/535 802/359/535 799/355/535
f 531/361/536 530/366/536 799/355/536 796/352/536
f 805/367/7 808/370/7 809/369/7 806/368/7
f 806/368/7 809/369/7 810/372/7 807/371/7
f 808/370/537 811/374/537 812/373/537 809/369/537
f 809/369/538 812/373/538 813/375/538 810/372/538
f 462/331/539 492/376/539 805/367/539 504/330/539
f 504/330/540 805/367/540 806/368/540 503/329/540
f 503/329/541 806/368/541 807/371/541 502/328/541
f 502/328/542 807/371/542 595/377/542 472/73/542
f 807/371/7 810/372/7 596/378/7 595/377/7
f 810/372/543 813/375/543 597/379/543 596/378/543
f 813/375/544 604/278/544 479/150/544 597/379/544
f 812/373/545 605/277/545 604/278/545 813/375/545
f 811/374/546 606/275/546 605/277/546 812/373/546
f 490/380/547 475/274/547 606/275/547 811/374/547
f 491/381/548 490/380/548 811/374/548 808/370/548
f 492/376/549 491/381/549 808/370/549 805/367/549
f 652/84/550 607/174/550 816/194/550 682/83/550
f 897/382/551 715/173/551 607/174/551 652/84/551
f 896/383/552 716/176/552 715/173/552 897/382/552
f 895/384/553 717/178/553 716/176/553 896/383/553
f 462/385/554 487/169/554 814/170/554 492/386/554
f 492/386/555 814/170/555 815/193/555 491/387/555
f 491/387/556 815/193/556 816/194/556 490/388/556
f 490/388/557 816/194/557 607/174/557 475/171/557
f 898/389/558 720/182/558 717/178/558 895/384/558
f 901/390/559 723/184/559 720/182/559 898/389/559
f 822/391/560 591/392/560 477/192/560 609/191/560
f 821/393/386 590/394/386 591/392/386 822/391/386
f 820/395/561 589/396/561 590/394/561 821/393/561
f 489/397/562 464/398/562 589/396/562 820/395/562
f 902/399/563 722/187/563 723/184/563 901/390/563
f 903/400/564 721/189/564 722/187/564 902/399/564
f 823/401/565 826/404/565 827/403/565 824/402/565
f 824/402/566 827/403/566 828/406/566 825/405/566
f 826/404/567 829/408/567 830/407/567 827/403/567
f 827/403/568 830/407/568 831/409/568 828/406/568
f 472/73/569 595/377/569 823/401/569 558/71/569
f 558/71/570 823/401/570 824/402/570 557/70/570
f 557/70/571 824/402/571 825/405/571 556/69/571
f 556/69/572 825/405/572 592/410/572 461/68/572
f 825/405/573 828/406/573 593/411/573 592/410/573
f 828/406/574 831/409/574 594/412/574 593/411/574
f 831/409/575 610/154/575 478/155/575 594/412/575
f 830/407/576 611/153/576 610/154/576 831/409/576
f 829/408/577 612/151/577 611/153/577 830/407/577
f 597/379/578 479/150/578 612/151/578 829/408/578
f 596/378/7 597/379/7 829/408/7 826/404/7
f 595/377/7 596/378/7 826/404/7 823/401/7
f 832/413/579 835/416/579 836/415/579 833/414/579
f 833/414/580 836/415/580 837/418/580 834/417/580
f 835/416/581 838/420/581 839/419/581 836/415/581
f 836/415/582 839/419/582 840/421/582 837/418/582
f 474/218/583 598/362/583 832/413/583 564/216/583
f 564/216/584 832/413/584 833/414/584 563/215/584
f 563/215/585 833/414/585 834/417/585 562/214/585
f 562/214/586 834/417/586 586/422/586 466/213/586
f 834/417/587 837/418/587 587/423/587 586/422/587
f 837/418/588 840/421/588 588/424/588 587/423/588
f 840/421/589 613/38/589 476/39/589 588/424/589
f 839/419/590 614/37/590 613/38/590 840/421/590
f 838/420/591 615/35/591 614/37/591 839/419/591
f 600/364/592 480/34/592 615/35/592 838/420/592
f 599/363/593 600/364/593 838/420/593 835/416/593
f 598/362/594 599/363/594 835/416/594 832/413/594
f 841/425/595 844/428/595 845/427/595 842/426/595
f 842/426/595 845/427/595 846/430/595 843/429/595
f 844/428/595 847/432/595 848/431/595 845/427/595
f 845/427/595 848/431/595 849/433/595 846/430/595
f 468/234/596 544/235/596 841/425/596 534/434/596
f 534/434/597 841/425/597 842/426/597 533/435/597
f 533/435/598 842/426/598 843/429/598 532/436/598
f 532/436/599 843/429/599 616/10/599 478/8/599
f 843/429/600 846/430/600 617/24/600 616/10/600
f 846/430/600 849/433/600 618/22/600 617/24/600
f 849/433/601 588/437/601 476/23/601 618/22/601
f 848/431/602 587/438/602 588/437/602 849/433/602
f 847/432/603 586/439/603 587/438/603 848/431/603
f 546/237/604 466/238/604 586/439/604 847/432/604
f 545/236/605 546/237/605 847/432/605 844/428/605
f 544/235/605 545/236/605 844/428/605 841/425/605
f 850/440/606 853/443/606 854/442/606 851/441/606
f 851/441/607 854/442/607 855/445/607 852/444/607
f 853/443/608 856/447/608 857/446/608 854/442/608
f 854/442/609 857/446/609 858/448/609 855/445/609
f 465/283/610 525/449/610 850/440/610 537/281/610
f 537/281/611 850/440/611 851/441/611 536/280/611
f 536/280/612 851/441/612 852/444/612 535/279/612
f 535/279/613 852/444/613 634/450/613 473/164/613
f 852/444/614 855/445/614 635/451/614 634/450/614
f 855/445/615 858/448/615 636/452/615 635/451/615
f 858/448/616 637/298/616 486/130/616 636/452/616
f 857/446/617 638/297/617 637/298/617 858/448/617
f 856/447/618 639/295/618 638/297/618 857/446/618
f 523/453/619 483/294/619 639/295/619 856/447/619
f 524/454/620 523/453/620 856/447/620 853/443/620
f 525/449/621 524/454/621 853/443/621 850/440/621
f 859/455/622 862/458/622 863/457/622 860/456/622
f 860/456/623 863/457/623 864/460/623 861/459/623
f 862/458/624 865/462/624 866/461/624 863/457/624
f 863/457/625 866/461/625 867/463/625 864/460/625
f 460/93/626 513/464/626 859/455/626 501/318/626
f 501/318/627 859/455/627 860/456/627 500/316/627
f 500/316/628 860/456/628 861/459/628 499/314/628
f 499/314/629 861/459/629 631/465/629 471/119/629
f 861/459/630 864/460/630 632/466/630 631/465/630
f 864/460/631 867/463/631 633/467/631 632/466/631
f 867/463/632 640/258/632 485/204/632 633/467/632
f 866/461/633 641/257/633 640/258/633 867/463/633
f 865/462/634 642/255/634 641/257/634 866/461/634
f 511/468/635 481/254/635 642/255/635 865/462/635
f 512/469/636 511/468/636 865/462/636 862/458/636
f 513/464/637 512/469/637 862/458/637 859/455/637
f 868/470/638 871/473/638 872/472/638 869/471/638
f 869/471/638 872/472/638 873/475/638 870/474/638
f 871/473/638 874/477/638 875/476/638 872/472/638
f 872/472/638 875/476/638 876/478/638 873/475/638
f 457/112/639 508/113/639 868/470/639 519/479/639
f 519/479/640 868/470/640 869/471/640 518/480/640
f 518/480/641 869/471/641 870/474/641 517/481/641
f 517/481/642 870/474/642 643/231/642 482/229/642
f 870/474/643 873/475/643 644/244/643 643/231/643
f 873/475/643 876/478/643 645/242/643 644/244/643
f 876/478/644 630/482/644 484/243/644 645/242/644
f 875/476/645 629/483/645 630/482/645 876/478/645
f 874/477/646 628/484/646 629/483/646 875/476/646
f 510/114/647 459/115/647 628/484/647 874/477/647
f 509/120/648 510/114/648 874/477/648 871/473/648
f 508/113/649 509/120/649 871/473/649 868/470/649
f 877/485/650 880/488/650 881/487/650 878/486/650
f 878/486/651 881/487/651 882/490/651 879/489/651
f 880/488/652 883/492/652 884/491/652 881/487/652
f 881/487/653 884/491/653 885/493/653 882/490/653
f 471/119/654 631/465/654 877/485/654 555/118/654
f 555/118/655 877/485/655 878/486/655 554/117/655
f 554/117/656 878/486/656 879/489/656 553/116/656
f 553/116/657 879/489/657 628/494/657 459/115/657
f 879/489/658 882/490/658 629/495/658 628/494/658
f 882/490/659 885/493/659 630/496/659 629/495/659
f 885/493/660 646/208/660 484/209/660 630/496/660
f 884/491/661 647/207/661 646/208/661 885/493/661
f 883/492/662 648/205/662 647/207/662 884/491/662
f 633/467/663 485/204/663 648/205/663 883/492/663
f 632/466/664 633/467/664 883/492/664 880/488/664
f 631/465/665 632/466/665 880/488/665 877/485/665
f 886/497/666 889/500/666 890/499/666 887/498/666
f 887/498/667 890/499/667 891/502/667 888/501/667
f 889/500/668 892/504/668 893/503/668 890/499/668
f 890/499/669 893/503/669 894/505/669 891/502/669
f 473/164/670 634/450/670 886/497/670 561/162/670
f 561/162/671 886/497/671 887/498/671 560/161/671
f 560/161/672 887/498/672 888/501/672 559/160/672
f 559/160/673 888/501/673 622/506/673 468/159/673
f 888/501/674 891/502/674 623/507/674 622/506/674
f 891/502/675 894/505/675 624/508/675 623/507/675
f 894/505/676 649/134/676 482/135/676 624/508/676
f 893/503/677 650/133/677 649/134/677 894/505/677
f 892/504/678 651/131/678 650/133/678 893/503/678
f 636/452/679 486/130/679 651/131/679 892/504/679
f 635/451/680 636/452/680 892/504/680 889/500/680
f 634/450/681 635/451/681 889/500/681 886/497/681
f 654/99/682 609/191/682 721/189/682 903/400/682
f 688/97/683 822/391/683 609/191/683 654/99/683
f 689/95/684 821/393/684 822/391/684 688/97/684
f 690/91/685 820/395/685 821/393/685 689/95/685
f 465/179/686 538/180/686 895/384/686 525/509/686
f 525/509/687 895/384/687 896/383/687 524/510/687
f 524/510/688 896/383/688 897/382/688 523/511/688
f 523/511/689 897/382/689 652/84/689 483/81/689
f 520/92/690 489/397/690 820/395/690 690/91/690
f 521/166/691 488/167/691 489/325/691 520/92/691
f 903/400/692 621/512/692 481/100/692 654/99/692
f 902/399/693 620/513/693 621/512/693 903/400/693
f 901/390/694 619/514/694 620/513/694 902/399/694
f 540/183/695 467/185/695 619/514/695 901/390/695
f 539/181/696 540/183/696 901/390/696 898/389/696
f 538/180/697 539/181/697 898/389/697 895/384/697
f 907/80/698 910/106/698 911/105/698 908/78/698
f 908/78/699 911/105/699 912/104/699 909/77/699
f 906/76/700 909/77/700 687/120/700 659/113/700
f 909/77/701 912/104/701 686/114/701 687/120/701
f 653/102/702 608/107/702 910/106/702 907/80/702
f 685/103/703 653/102/703 907/80/703 904/79/703
f 692/75/704 905/75/704 906/76/704 693/76/704
f 693/76/705 906/76/705 659/113/705 508/113/705
f 508/113/706 659/113/706 687/120/706 509/120/706
f 576/107/707 608/107/707 653/102/707 575/102/707
