# Blender 5.0.1
# www.blender.org
o MAINSm.002
v 0.000000 0.328460 -0.060128
v 0.942511 0.924078 -0.058185
v 0.950496 -0.884856 -0.339869
v 1.305386 0.037483 -0.302918
v 0.531719 1.216615 0.075117
v 0.534877 -1.186994 -0.050026
v 0.909512 0.079752 -0.110682
v 1.135275 0.666362 -0.009350
v 0.546876 0.702693 0.378946
v 0.330308 1.283400 0.168860
v 0.436282 0.722494 0.261541
v 0.571972 0.524167 0.544026
v 1.248920 0.398997 -0.212214
v 0.457494 0.540084 0.420608
v 1.279016 -0.269665 -0.183633
v 0.568532 -0.587701 -0.315679
v 1.161333 -0.578196 -0.229425
v 0.655438 -0.122163 -0.098518
v 0.573623 -0.084406 -0.248705
v 0.669442 -0.332006 0.068244
v 0.882298 -0.631349 -0.256236
v 0.952208 -0.290621 0.520641
v 0.761145 -1.056461 -0.189226
v 0.835068 0.717609 0.302775
v 0.892465 0.432050 0.240129
v 0.750709 1.091518 -0.042664
v 0.347655 0.318595 0.063788
v 0.626108 0.242493 0.102621
v 0.000000 0.440365 -0.020556
v 0.000000 0.386423 -0.042374
v 1.091869 0.732705 0.007771
v 1.043468 0.800015 -0.001853
v 0.992814 0.864829 -0.029391
v 0.800977 1.055715 -0.059776
v 0.848365 1.017328 -0.069966
v 0.894910 0.974078 -0.072716
v 1.293608 -0.196821 -0.208581
v 1.303084 -0.123027 -0.237236
v 1.307119 -0.045765 -0.270101
v 1.017302 0.072528 -0.185344
v 1.114086 0.062131 -0.236628
v 1.209840 0.050167 -0.267179
v 0.388679 1.270101 0.147843
v 0.438379 1.255428 0.124929
v 0.484397 1.238044 0.100922
v 0.705958 -1.092009 -0.154364
v 0.647536 -1.126783 -0.117949
v 0.589352 -1.159028 -0.082333
v 0.575317 -0.762102 -0.323371
v 0.565759 -0.908792 -0.231944
v 0.551375 -1.049180 -0.140491
v 0.400631 0.471942 0.328974
v 0.376587 0.418786 0.248265
v 0.360921 0.369110 0.161686
v 1.227009 0.473622 -0.155138
v 1.201737 0.540310 -0.101214
v 1.171645 0.603183 -0.051318
v 0.544463 1.096677 0.032267
v 0.554814 0.975034 -0.003460
v 0.559713 0.849111 0.139707
v 0.458219 0.743523 0.258715
v 0.487237 0.746432 0.278990
v 0.518427 0.732421 0.321280
v 0.907621 0.703978 0.230949
v 0.982316 0.691049 0.141441
v 0.892465 0.432050 -0.472935
v 0.486133 -1.209470 -0.022659
v 0.439354 -1.227412 0.001358
v 0.259681 1.296166 0.182498
v 0.203415 0.838057 0.128347
v 0.309750 0.803442 0.106733
v 0.339501 1.157534 0.153019
v 0.353196 1.028477 0.130954
v 0.377266 0.891694 0.094212
v 0.568251 0.659598 0.445824
v 0.580525 0.610081 0.505503
v 0.582249 0.562239 0.540204
v 1.297790 0.127958 -0.324723
v 1.285149 0.221796 -0.312611
v 1.268509 0.313856 -0.264690
v 0.425399 0.683815 0.285758
v 0.425787 0.634638 0.327879
v 0.436726 0.583786 0.376204
v 0.104747 0.548331 -0.039943
v 0.211532 0.542419 -0.003654
v 0.323303 0.536497 0.186923
v 0.975702 0.422246 0.089519
v 1.063976 0.413762 -0.054389
v 1.155608 0.406159 -0.164699
v 0.486550 0.510963 0.460688
v 0.519074 0.498287 0.496029
v 0.549428 0.502531 0.525420
v 1.201610 -0.497675 -0.180899
v 1.233951 -0.419611 -0.158224
v 1.259403 -0.343706 -0.163857
v 1.030297 -0.283707 0.383389
v 1.111483 -0.278228 0.157007
v 1.194733 -0.273707 -0.049802
v 1.003851 -0.817852 -0.352074
v 1.059132 -0.741981 -0.329705
v 1.112865 -0.660743 -0.284446
v 0.953423 -0.619836 -0.232916
v 1.023377 -0.606801 -0.219888
v 1.092550 -0.592752 -0.219606
v 0.834597 0.018601 -0.053547
v 0.772387 -0.030788 -0.037395
v 0.713276 -0.077112 -0.053320
v 0.657452 -0.633997 -0.316764
v 0.734964 -0.642949 -0.303784
v 0.809610 -0.640229 -0.282120
v 0.415215 0.050908 -0.279215
v 0.490067 -0.001213 -0.299623
v 0.612727 0.182449 -0.036442
v 0.594870 0.116365 -0.139950
v 0.576990 0.037096 -0.218623
v 0.654241 -0.397677 -0.028926
v 0.631417 -0.464653 -0.158312
v 0.602378 -0.529229 -0.262216
v 0.667703 -0.165396 -0.018550
v 0.675036 -0.215108 0.054293
v 0.676072 -0.270807 0.092030
v 0.598179 -0.061795 -0.223621
v 0.620236 -0.064664 -0.193975
v 0.639441 -0.086844 -0.155686
v 0.465462 -0.284858 -0.304822
v 0.511609 -0.206467 -0.272537
v 0.546072 -0.135634 -0.258942
v 0.530579 -0.637456 -0.329892
v 0.486374 -0.680254 -0.315115
v 0.433064 -0.718944 -0.271062
v 0.737553 -0.320463 0.263565
v 0.806696 -0.309399 0.424795
v 0.877904 -0.299292 0.518380
v 0.902379 -0.938528 -0.298380
v 0.856758 -0.982889 -0.257868
v 0.810729 -1.020994 -0.222111
v 0.942006 -0.372327 0.465448
v 0.926516 -0.454606 0.255954
v 0.906394 -0.540075 -0.040570
v 0.940113 -0.028852 -0.007456
v 0.952977 -0.120466 0.230371
v 0.956322 -0.207123 0.435236
v 0.854913 -0.730258 -0.346700
v 0.825039 -0.835483 -0.357045
v 0.793506 -0.944919 -0.279366
v 0.626504 0.739565 0.362336
v 0.696152 0.740761 0.359277
v 0.764983 0.731283 0.343840
v 0.664491 0.481467 0.555805
v 0.740530 0.459423 0.487050
v 0.815035 0.443871 0.376437
v 0.584035 1.190239 0.045296
v 0.639839 1.159753 0.012842
v 0.696331 1.126423 -0.017839
v 0.879423 0.502521 0.334055
v 0.866009 0.570990 0.374315
v 0.851474 0.641379 0.364674
v 0.816273 0.802543 0.163984
v 0.795511 0.894800 0.000293
v 0.773438 0.991938 -0.082464
v 0.919309 0.186144 -0.112545
v 0.915354 0.274594 -0.055999
v 0.905252 0.356302 0.093995
v 0.613469 0.431591 0.509068
v 0.628300 0.363216 0.394833
v 0.631813 0.301569 0.255747
v 0.561440 0.267576 0.175290
v 0.494299 0.289115 0.198179
v 0.423449 0.306368 0.160280
v 0.266147 0.325461 -0.061216
v 0.180006 0.328261 -0.152152
v 0.090775 0.328693 -0.145351
v 0.823781 0.139736 -0.066208
v 0.754597 0.180812 -0.022213
v 0.689742 0.214127 0.026966
v 0.618805 0.843475 0.153880
v 0.683594 0.835224 0.163456
v 0.749510 0.820540 0.170660
v 0.609986 0.958375 -0.018573
v 0.670289 0.939792 -0.021026
v 0.732658 0.918125 -0.012193
v 0.597933 1.074354 -0.004239
v 0.655513 1.048840 -0.039967
v 0.714765 1.020980 -0.069420
v 0.432385 0.882560 0.088090
v 0.474026 0.876399 0.092495
v 0.514087 0.863413 0.111504
v 0.412736 1.016083 0.092879
v 0.461359 1.004883 0.057948
v 0.506678 0.990959 0.023565
v 0.399123 1.144431 0.125072
v 0.449597 1.130896 0.095852
v 0.496311 1.115321 0.065457
v 0.657037 0.541879 0.569565
v 0.730177 0.525268 0.538011
v 0.803300 0.512543 0.454546
v 0.650106 0.600581 0.537939
v 0.720178 0.590821 0.527347
v 0.791512 0.580732 0.471305
v 0.638816 0.663223 0.470232
v 0.708632 0.660678 0.466726
v 0.778894 0.652303 0.432942
v 0.212092 0.603540 0.015797
v 0.322528 0.593687 0.177603
v 0.209840 0.671507 0.035625
v 0.317241 0.654621 0.149501
v 0.207343 0.748129 0.070362
v 0.314723 0.720966 0.125162
v 0.293138 0.918677 0.138302
v 0.277250 1.045244 0.167236
v 0.266860 1.171248 0.176145
v 0.568462 0.323070 0.311144
v 0.568801 0.379362 0.419641
v 0.562008 0.438996 0.497458
v 0.503908 0.341530 0.318618
v 0.510441 0.393066 0.405411
v 0.515184 0.445371 0.465883
v 0.435607 0.357003 0.270651
v 0.448273 0.406605 0.356013
v 0.464912 0.457671 0.418038
v 0.442531 0.113403 -0.205324
v 0.512633 0.075016 -0.235635
v 0.463328 0.175360 -0.090017
v 0.531773 0.146719 -0.128796
v 0.408959 0.252694 0.030532
v 0.480611 0.233982 0.053315
v 0.548605 0.209957 0.019965
v 0.680719 -0.542154 -0.206302
v 0.757283 -0.548033 -0.144359
v 0.832264 -0.546496 -0.082485
v 0.704854 -0.465206 -0.031438
v 0.778351 -0.464220 0.108074
v 0.852061 -0.460547 0.219531
v 0.724494 -0.391732 0.155849
v 0.795413 -0.385590 0.332303
v 0.867675 -0.379106 0.445664
v 0.608640 -1.025290 -0.173782
v 0.670357 -0.999727 -0.207867
v 0.733066 -0.972718 -0.243290
v 0.626382 -0.890899 -0.267413
v 0.692492 -0.874378 -0.305632
v 0.759659 -0.855874 -0.340141
v 0.641609 -0.756716 -0.344367
v 0.713633 -0.753357 -0.353275
v 0.785267 -0.744038 -0.353572
v 0.452076 -1.092047 -0.079921
v 0.500551 -1.071352 -0.109527
v 0.464270 -0.955905 -0.163829
v 0.513452 -0.931067 -0.198458
v 0.422250 -0.849966 -0.202569
v 0.475586 -0.818468 -0.244483
v 0.523475 -0.786561 -0.284047
v 0.742789 -0.251984 0.267004
v 0.810835 -0.234263 0.401916
v 0.881550 -0.218820 0.467555
v 0.740263 -0.187558 0.186602
v 0.807121 -0.161095 0.272889
v 0.877330 -0.137392 0.289510
v 0.730338 -0.128681 0.059911
v 0.794813 -0.091902 0.087936
v 0.863364 -0.056058 0.056533
v 0.363862 -0.209983 -0.320290
v 0.417320 -0.138116 -0.325927
v 0.377996 -0.009744 -0.308888
v 0.458702 -0.069513 -0.325356
v 0.980295 -0.531242 -0.038670
v 1.054112 -0.520894 -0.072952
v 1.127875 -0.509537 -0.125325
v 1.002177 -0.447133 0.197158
v 1.078865 -0.438567 0.075875
v 1.156236 -0.429271 -0.051547
v 1.018901 -0.365344 0.358898
v 1.097900 -0.358213 0.163411
v 1.178301 -0.350984 -0.025552
v 1.036069 -0.200210 0.285261
v 1.119798 -0.197106 0.077384
v 1.206075 -0.196382 -0.101273
v 1.035414 -0.113469 0.109607
v 1.122703 -0.113742 -0.037945
v 1.212370 -0.117595 -0.162721
v 1.027965 -0.022415 -0.076521
v 1.120312 -0.027332 -0.152823
v 1.213582 -0.035871 -0.217651
v 0.849358 -0.916676 -0.312490
v 0.901868 -0.886656 -0.339698
v 0.952997 -0.853510 -0.352321
v 0.886814 -0.813950 -0.360581
v 0.945661 -0.791159 -0.355355
v 1.002802 -0.766967 -0.344160
v 0.921910 -0.714433 -0.333766
v 0.986739 -0.697316 -0.316437
v 1.050153 -0.679268 -0.298890
v 0.680037 0.411977 0.467228
v 0.692735 0.342474 0.320743
v 0.696386 0.276806 0.157536
v 0.752470 0.390170 0.368279
v 0.762053 0.318947 0.202533
v 0.764218 0.248323 0.052509
v 0.826818 0.371598 0.238389
v 0.835751 0.295419 0.065949
v 0.837508 0.216338 -0.031618
v 0.960925 0.494064 0.189378
v 1.047051 0.486664 0.041429
v 1.136260 0.479967 -0.083079
v 0.945265 0.562262 0.246694
v 1.028528 0.554441 0.107848
v 1.114465 0.547224 -0.017189
v 0.927802 0.630884 0.264247
v 1.007314 0.621200 0.144637
v 1.135275 0.666362 -0.502431
v 0.884111 0.784550 0.135694
v 0.952849 0.767042 0.092172
v 1.022203 0.749809 0.045897
v 0.857890 0.871461 0.008125
v 0.919859 0.848040 0.009026
v 0.981687 0.824172 0.004698
v 0.829880 0.962548 -0.078408
v 0.884654 0.931981 -0.064689
v 0.938782 0.899272 -0.046710
v 0.989992 0.343607 -0.051403
v 1.002116 0.258336 -0.171398
v 1.010457 0.167454 -0.201400
v 1.079987 0.332762 -0.176793
v 1.094146 0.245217 -0.271249
v 1.105426 0.153924 -0.279608
v 1.173401 0.323038 -0.256752
v 1.188999 0.233285 -0.322932
v 1.201419 0.140957 -0.311023
v 0.278056 0.377557 0.011829
v 0.291512 0.428008 0.080749
v 0.308512 0.480533 0.145430
v 0.188706 0.382839 -0.111258
v 0.197284 0.434518 -0.070701
v 0.205820 0.486822 -0.033007
v 0.095333 0.385613 -0.127657
v 0.099364 0.438789 -0.104013
v 0.102683 0.491853 -0.075334
v 0.672997 0.152529 -0.057372
v 0.649620 0.088081 -0.127031
v 0.623749 0.016782 -0.189126
v 0.730747 0.117952 -0.069905
v 0.697227 0.057436 -0.116022
v 0.659572 -0.003383 -0.156427
v 0.786586 0.075232 -0.078527
v 0.738989 0.018711 -0.088597
v 0.689427 -0.034699 -0.115127
v -0.000000 0.328460 -0.369321
v 0.942511 0.924078 -0.351873
v 0.950496 -0.884856 -0.492800
v 1.305386 0.037483 -0.508532
v 0.531719 1.216615 -0.362360
v 0.534877 -1.186994 -0.291857
v 0.909512 0.079752 -0.453570
v 1.135275 0.666362 -0.252620
v 0.546876 0.702693 0.153100
v 0.330308 1.283400 -0.215222
v 0.436282 0.722494 0.017700
v 0.571972 0.524167 0.200999
v 1.248920 0.398997 -0.412625
v 0.457494 0.540084 0.106355
v 1.279016 -0.269665 -0.450806
v 0.568532 -0.587701 -0.509051
v 1.161333 -0.578196 -0.463986
v 0.655438 -0.122163 -0.457309
v 0.573623 -0.084406 -0.495170
v 0.669442 -0.332006 -0.430148
v 0.882298 -0.631349 -0.461073
v 0.952208 -0.290621 -0.336680
v 0.761145 -1.056461 -0.392409
v 0.835068 0.717609 -0.002197
v 0.892465 0.432050 -0.134887
v 0.750709 1.091518 -0.473901
v 0.347655 0.318595 -0.313094
v 0.626108 0.242493 -0.289034
v -0.000000 0.440365 -0.360912
v -0.000000 0.386423 -0.368066
v 1.091869 0.732706 -0.235976
v 1.043468 0.800015 -0.253694
v 0.992814 0.864829 -0.297261
v 0.800977 1.055716 -0.465247
v 0.848365 1.017328 -0.440137
v 0.894910 0.974077 -0.401387
v 1.293608 -0.196821 -0.463283
v 1.303084 -0.123027 -0.478814
v 1.307119 -0.045765 -0.495196
v 1.017302 0.072528 -0.470081
v 1.114086 0.062131 -0.478505
v 1.209840 0.050167 -0.493824
v 0.388679 1.270101 -0.251801
v 0.438379 1.255428 -0.287938
v 0.484397 1.238044 -0.324190
v 0.705958 -1.092009 -0.366818
v 0.647536 -1.126783 -0.340326
v 0.589352 -1.159028 -0.314729
v 0.575317 -0.762102 -0.488174
v 0.565759 -0.908792 -0.423990
v 0.551375 -1.049180 -0.356693
v 0.400631 0.471942 -0.045765
v 0.376587 0.418786 -0.150950
v 0.360921 0.369110 -0.238469
v 1.227009 0.473622 -0.378615
v 1.201737 0.540310 -0.338994
v 1.171645 0.603183 -0.295848
v 0.544463 1.096677 -0.394202
v 0.554814 0.975034 -0.331635
v 0.559713 0.849111 -0.120018
v 0.458219 0.743523 0.014553
v 0.487237 0.746432 0.038542
v 0.518427 0.732421 0.088046
v 0.907621 0.703978 -0.072728
v 0.982316 0.691049 -0.141451
v 1.058439 0.678588 -0.200605
v 0.486133 -1.209470 -0.272813
v 0.439354 -1.227412 -0.256415
v 0.259681 1.296166 -0.182583
v 0.203415 0.838057 -0.222605
v 0.309750 0.803442 -0.176792
v 0.339501 1.157534 -0.243250
v 0.353196 1.028477 -0.252619
v 0.377266 0.891694 -0.207073
v 0.568251 0.659598 0.211230
v 0.580525 0.610081 0.237952
v 0.582249 0.562239 0.229781
v 1.297790 0.127958 -0.509839
v 1.285149 0.221796 -0.484462
v 1.268509 0.313856 -0.448317
v 0.425399 0.683815 0.043290
v 0.425787 0.634638 0.073046
v 0.436726 0.583786 0.092630
v 0.104747 0.548331 -0.367957
v 0.211532 0.542419 -0.304887
v 0.323303 0.536497 -0.132275
v 0.975702 0.422246 -0.246622
v 1.063976 0.413762 -0.344519
v 1.155608 0.406159 -0.406967
v 0.486550 0.510963 0.121252
v 0.519074 0.498287 0.141275
v 0.549428 0.502531 0.168299
v 1.201610 -0.497675 -0.449227
v 1.233951 -0.419611 -0.442444
v 1.259403 -0.343706 -0.443337
v 1.030297 -0.283707 -0.353170
v 1.111483 -0.278228 -0.380015
v 1.194733 -0.273707 -0.411775
v 1.003851 -0.817852 -0.511263
v 1.059132 -0.741981 -0.504776
v 1.112865 -0.660743 -0.484873
v 0.953423 -0.619836 -0.452027
v 1.023377 -0.606801 -0.449200
v 1.092550 -0.592752 -0.453484
v 0.834597 0.018601 -0.439160
v 0.772387 -0.030788 -0.441414
v 0.713276 -0.077112 -0.447460
v 0.657452 -0.633997 -0.501833
v 0.734964 -0.642949 -0.488957
v 0.809610 -0.640229 -0.474300
v 0.415215 0.050908 -0.476557
v 0.490067 -0.001213 -0.509410
v 0.612727 0.182449 -0.379871
v 0.594870 0.116365 -0.449268
v 0.576990 0.037096 -0.496973
v 0.654241 -0.397677 -0.445649
v 0.631417 -0.464653 -0.468283
v 0.602378 -0.529229 -0.492490
v 0.667703 -0.165396 -0.442908
v 0.675036 -0.215108 -0.431313
v 0.676072 -0.270807 -0.425499
v 0.598179 -0.061795 -0.491798
v 0.620236 -0.064664 -0.484102
v 0.639441 -0.086844 -0.472033
v 0.465462 -0.284858 -0.509287
v 0.511609 -0.206467 -0.500701
v 0.546072 -0.135634 -0.496379
v 0.530579 -0.637456 -0.509335
v 0.486374 -0.680253 -0.486342
v 0.433064 -0.718944 -0.453059
v 0.737553 -0.320463 -0.392303
v 0.806696 -0.309398 -0.358813
v 0.877903 -0.299292 -0.338496
v 0.902379 -0.938528 -0.464943
v 0.856758 -0.982889 -0.439729
v 0.810729 -1.020994 -0.416182
v 0.942006 -0.372327 -0.346405
v 0.926516 -0.454606 -0.376244
v 0.906394 -0.540075 -0.416643
v 0.940113 -0.028852 -0.420169
v 0.952977 -0.120466 -0.381099
v 0.956322 -0.207123 -0.349711
v 0.854913 -0.730258 -0.501351
v 0.825039 -0.835483 -0.506407
v 0.793506 -0.944919 -0.452936
v 0.626504 0.739565 0.116721
v 0.696152 0.740761 0.091655
v 0.764983 0.731283 0.054327
v 0.664491 0.481467 0.151467
v 0.740530 0.459423 0.072003
v 0.815035 0.443870 -0.025911
v 0.584035 1.190239 -0.402397
v 0.639839 1.159753 -0.438614
v 0.696331 1.126423 -0.463902
v 0.879423 0.502521 -0.030231
v 0.866009 0.570990 0.032508
v 0.851474 0.641379 0.046405
v 0.816273 0.802543 -0.124689
v 0.795511 0.894800 -0.290566
v 0.773438 0.991938 -0.425439
v 0.919309 0.186144 -0.456448
v 0.915354 0.274594 -0.397844
v 0.905252 0.356302 -0.265144
v 0.613469 0.431591 0.080844
v 0.628300 0.363216 -0.056193
v 0.631813 0.301569 -0.182205
v 0.561440 0.267576 -0.249878
v 0.494299 0.289115 -0.238019
v 0.423449 0.306368 -0.259581
v 0.266147 0.325461 -0.379422
v 0.180006 0.328261 -0.424665
v 0.090775 0.328693 -0.422302
v 0.823781 0.139736 -0.435119
v 0.754597 0.180812 -0.401843
v 0.689742 0.214127 -0.349218
v 0.618805 0.843475 -0.107872
v 0.683594 0.835224 -0.107335
v 0.749510 0.820540 -0.110597
v 0.609986 0.958375 -0.332342
v 0.670289 0.939792 -0.325175
v 0.732658 0.918125 -0.309106
v 0.597933 1.074354 -0.424532
v 0.655513 1.048840 -0.441919
v 0.714765 1.020980 -0.442179
v 0.432385 0.882560 -0.193518
v 0.474026 0.876399 -0.180173
v 0.514087 0.863413 -0.153586
v 0.412736 1.016083 -0.289085
v 0.461359 1.004883 -0.312098
v 0.506678 0.990959 -0.325524
v 0.399123 1.144431 -0.285874
v 0.449597 1.130896 -0.324403
v 0.496311 1.115321 -0.359971
v 0.657037 0.541879 0.216680
v 0.730177 0.525268 0.160182
v 0.803300 0.512542 0.074680
v 0.650106 0.600581 0.240548
v 0.720178 0.590821 0.203558
v 0.791512 0.580732 0.131013
v 0.638816 0.663223 0.217923
v 0.708632 0.660678 0.190023
v 0.778894 0.652303 0.131292
v 0.212092 0.603540 -0.278690
v 0.322528 0.593687 -0.111619
v 0.209840 0.671507 -0.260141
v 0.317241 0.654621 -0.116344
v 0.207343 0.748129 -0.243773
v 0.314723 0.720966 -0.135852
v 0.293138 0.918677 -0.214965
v 0.277250 1.045244 -0.207802
v 0.266860 1.171248 -0.200296
v 0.568462 0.323070 -0.145097
v 0.568801 0.379362 -0.029673
v 0.562008 0.438996 0.082893
v 0.503908 0.341530 -0.138151
v 0.510441 0.393066 -0.033660
v 0.515184 0.445371 0.064139
v 0.435607 0.357003 -0.168620
v 0.448273 0.406605 -0.070333
v 0.464912 0.457671 0.030446
v 0.442531 0.113403 -0.446745
v 0.512633 0.075015 -0.480900
v 0.463328 0.175360 -0.394665
v 0.531773 0.146719 -0.417645
v 0.408959 0.252694 -0.337698
v 0.480611 0.233982 -0.325027
v 0.548605 0.209957 -0.340110
v 0.680719 -0.542154 -0.470605
v 0.757283 -0.548033 -0.448628
v 0.832264 -0.546496 -0.429813
v 0.704854 -0.465206 -0.439075
v 0.778351 -0.464220 -0.410494
v 0.852061 -0.460547 -0.387397
v 0.724494 -0.391732 -0.410653
v 0.795413 -0.385590 -0.376496
v 0.867675 -0.379106 -0.352996
v 0.608640 -1.025290 -0.381047
v 0.670357 -0.999727 -0.406164
v 0.733066 -0.972718 -0.430562
v 0.626382 -0.890899 -0.447917
v 0.692492 -0.874378 -0.470476
v 0.759659 -0.855874 -0.491367
v 0.641609 -0.756716 -0.506249
v 0.713633 -0.753357 -0.511655
v 0.785267 -0.744038 -0.508717
v 0.452076 -1.092047 -0.313009
v 0.500551 -1.071352 -0.334243
v 0.464270 -0.955905 -0.373746
v 0.513452 -0.931067 -0.399215
v 0.422250 -0.849966 -0.402250
v 0.475586 -0.818468 -0.433296
v 0.523475 -0.786561 -0.462013
v 0.742789 -0.251984 -0.390941
v 0.810835 -0.234263 -0.362829
v 0.881550 -0.218820 -0.347998
v 0.740263 -0.187558 -0.404588
v 0.807121 -0.161095 -0.385346
v 0.877330 -0.137391 -0.377658
v 0.730338 -0.128681 -0.425697
v 0.794813 -0.091902 -0.416020
v 0.863364 -0.056058 -0.415154
v 0.363862 -0.209983 -0.492993
v 0.417320 -0.138116 -0.507237
v 0.377996 -0.009744 -0.474959
v 0.458702 -0.069513 -0.510130
v 0.980295 -0.531242 -0.411407
v 1.054112 -0.520894 -0.415590
v 1.127875 -0.509537 -0.428711
v 1.002177 -0.447133 -0.379085
v 1.078865 -0.438567 -0.392161
v 1.156236 -0.429271 -0.413330
v 1.018901 -0.365344 -0.357552
v 1.097900 -0.358213 -0.380140
v 1.178301 -0.350984 -0.407866
v 1.036069 -0.200210 -0.366568
v 1.119798 -0.197106 -0.391107
v 1.206075 -0.196382 -0.424148
v 1.035413 -0.113469 -0.392522
v 1.122703 -0.113742 -0.412889
v 1.212370 -0.117595 -0.443669
v 1.027965 -0.022415 -0.427791
v 1.120312 -0.027332 -0.443637
v 1.213582 -0.035871 -0.468296
v 0.849358 -0.916676 -0.472741
v 0.901868 -0.886656 -0.490869
v 0.952997 -0.853510 -0.505476
v 0.886814 -0.813950 -0.511410
v 0.945661 -0.791159 -0.510929
v 1.002802 -0.766967 -0.507995
v 0.921910 -0.714433 -0.493233
v 0.986739 -0.697316 -0.486781
v 1.050153 -0.679268 -0.483788
v 0.680037 0.411977 0.029410
v 0.692735 0.342474 -0.114589
v 0.696386 0.276806 -0.244096
v 0.752470 0.390170 -0.056100
v 0.762053 0.318947 -0.198894
v 0.764218 0.248323 -0.329843
v 0.826818 0.371598 -0.157979
v 0.835751 0.295419 -0.303030
v 0.837508 0.216338 -0.404383
v 0.960925 0.494064 -0.146202
v 1.047051 0.486664 -0.257749
v 1.136260 0.479967 -0.342972
v 0.945265 0.562262 -0.076769
v 1.028528 0.554441 -0.184779
v 1.114465 0.547224 -0.281688
v 0.927802 0.630884 -0.050885
v 1.007314 0.621200 -0.143410
v 1.088949 0.612057 -0.227074
v 0.884111 0.784550 -0.151876
v 0.952849 0.767042 -0.183138
v 1.022203 0.749809 -0.211279
v 0.857890 0.871461 -0.275944
v 0.919859 0.848040 -0.265608
v 0.981687 0.824172 -0.258170
v 0.829880 0.962548 -0.397422
v 0.884654 0.931981 -0.363862
v 0.938782 0.899272 -0.328931
v 0.989992 0.343607 -0.363549
v 1.002116 0.258336 -0.467379
v 1.010457 0.167454 -0.494255
v 1.079987 0.332762 -0.436421
v 1.094146 0.245217 -0.504910
v 1.105426 0.153924 -0.506231
v 1.173401 0.323038 -0.463149
v 1.188999 0.233285 -0.501477
v 1.201419 0.140957 -0.510725
v 0.278056 0.377557 -0.331132
v 0.291512 0.428008 -0.270514
v 0.308512 0.480533 -0.197856
v 0.188706 0.382839 -0.403736
v 0.197284 0.434518 -0.375027
v 0.205820 0.486822 -0.339628
v 0.095333 0.385613 -0.418929
v 0.099364 0.438789 -0.408066
v 0.102683 0.491853 -0.390929
v 0.672997 0.152529 -0.415307
v 0.649620 0.088081 -0.460907
v 0.623749 0.016782 -0.489918
v 0.730747 0.117952 -0.436255
v 0.697227 0.057436 -0.460766
v 0.659572 -0.003383 -0.479549
v 0.786586 0.075232 -0.443211
v 0.738989 0.018711 -0.454347
v 0.689427 -0.034699 -0.466684
v 1.135275 0.666362 0.111626
v 1.091869 0.732705 0.137857
v 1.043468 0.800015 0.152823
v 1.201737 0.540310 0.031272
v 1.171645 0.603183 0.073220
v 0.982316 0.691049 0.207319
v 1.058439 0.678588 0.151010
v 0.975702 0.422246 0.237310
v 1.063976 0.413762 0.091790
v 0.960925 0.494064 0.298417
v 1.047051 0.486664 0.161105
v 1.136260 0.479967 0.044808
v 0.945265 0.562262 0.317896
v 1.028528 0.554441 0.200081
v 1.114465 0.547224 0.094118
v 1.007314 0.621200 0.216229
v 1.088949 0.612057 0.130040
v 0.952849 0.767042 0.174235
v 1.022203 0.749809 0.152481
v 1.171645 0.603183 -0.517127
v 0.740530 0.459423 -0.356879
v 0.815034 0.443870 -0.411269
v 0.879423 0.502521 -0.412497
v 0.803300 0.512542 -0.351394
v 0.752470 0.390170 -0.426726
v 0.960925 0.494064 -0.476936
v 0.945265 0.562262 -0.432831
v 1.028528 0.554441 -0.492501
v 1.114465 0.547224 -0.530010
v 1.007314 0.621200 -0.460760
v 1.088949 0.612057 -0.504461
v 0.942511 0.924078 -0.143411
v 0.950496 -0.884856 -0.385008
v 1.305386 0.037483 -0.364531
v 0.531719 1.216615 -0.063819
v 0.534877 -1.186994 -0.117291
v 1.135275 0.666362 -0.067865
v 0.330308 1.283400 0.059597
v 1.248920 0.398997 -0.271689
v 1.279016 -0.269665 -0.267836
v 0.568532 -0.587701 -0.371855
v 1.161333 -0.578196 -0.300436
v 0.655438 -0.122163 -0.213005
v 0.573623 -0.084406 -0.326556
v 0.669442 -0.332006 -0.099231
v 0.761145 -1.056461 -0.248207
v 0.750709 1.091518 -0.185787
v 1.091869 0.732705 -0.051184
v 1.043468 0.800015 -0.064241
v 0.992814 0.864829 -0.100019
v 0.800977 1.055716 -0.196907
v 0.848365 1.017328 -0.196490
v 0.894910 0.974078 -0.177759
v 1.293608 -0.196821 -0.287940
v 1.303084 -0.123027 -0.311532
v 1.307119 -0.045765 -0.338354
v 0.388679 1.270101 0.029800
v 0.438379 1.255428 -0.000510
v 0.484397 1.238044 -0.031290
v 0.705958 -1.092009 -0.215351
v 0.647536 -1.126783 -0.181068
v 0.589352 -1.159028 -0.147593
v 1.227009 0.473622 -0.217383
v 1.201737 0.540310 -0.163422
v 1.171645 0.603183 -0.111675
v 0.486133 -1.209470 -0.091686
v 0.439354 -1.227412 -0.069277
v 0.259681 1.296166 0.084035
v 1.297790 0.127958 -0.380182
v 1.285149 0.221796 -0.364908
v 1.268509 0.313856 -0.319391
v 1.201610 -0.497675 -0.263910
v 1.233951 -0.419611 -0.248646
v 1.259403 -0.343706 -0.252728
v 1.003851 -0.817852 -0.398720
v 1.059132 -0.741981 -0.381466
v 1.112865 -0.660743 -0.344268
v 0.654241 -0.397677 -0.170790
v 0.631417 -0.464653 -0.258983
v 0.602378 -0.529229 -0.331626
v 0.667703 -0.165396 -0.156793
v 0.675036 -0.215108 -0.104777
v 0.676072 -0.270807 -0.077208
v 0.598179 -0.061795 -0.308003
v 0.620236 -0.064664 -0.284628
v 0.639441 -0.086844 -0.254909
v 0.465462 -0.284858 -0.366064
v 0.511609 -0.206467 -0.341612
v 0.546072 -0.135634 -0.331190
v 0.530579 -0.637456 -0.382323
v 0.486374 -0.680254 -0.366938
v 0.433064 -0.718944 -0.325403
v 0.902379 -0.938528 -0.346670
v 0.856758 -0.982889 -0.310401
v 0.810729 -1.020994 -0.278574
v 0.584035 1.190239 -0.098281
v 0.639839 1.159753 -0.133288
v 0.696331 1.126423 -0.164010
v -0.000000 0.328460 -0.155802
v -0.000000 0.386423 -0.142441
v -0.000000 0.440365 -0.124008
v 0.099364 0.438789 -0.195307
v 0.102683 0.491853 -0.168758
v 0.104747 0.548331 -0.137288
v 0.211532 0.542419 -0.067903
v 0.212092 0.603540 -0.048838
v 0.209840 0.671507 -0.035398
v 0.207343 0.748129 -0.014651
v 0.203415 0.838057 0.030021
v 0.309750 0.803442 0.040510
v 0.293138 0.918677 0.034366
v 0.277250 1.045244 0.063102
v 0.266860 1.171248 0.071215
v 0.090775 0.328693 -0.233135
v 0.180006 0.328261 -0.227351
v 0.266147 0.325461 -0.139760
v 0.347655 0.318595 -0.025567
v 0.423449 0.306368 0.059035
v 0.408959 0.252694 -0.070413
v 0.480611 0.233982 -0.055788
v 0.463328 0.175360 -0.184403
v 0.442531 0.113403 -0.281203
v 0.415215 0.050908 -0.341062
v 0.377996 -0.009744 -0.361445
v 0.458702 -0.069513 -0.380431
v 0.417320 -0.138116 -0.380400
v 0.363862 -0.209983 -0.372917
v 0.422250 -0.849966 -0.260789
v 0.475586 -0.818468 -0.300327
v 0.464270 -0.955905 -0.224268
v 0.452076 -1.092047 -0.145328
v 0.942511 0.924078 -0.294752
v 0.950496 -0.884856 -0.461549
v 1.305386 0.037483 -0.470691
v 0.531719 1.216615 -0.294556
v 0.534877 -1.186994 -0.242413
v 1.135275 0.666362 -0.195932
v 0.330308 1.283400 -0.143448
v 1.248920 0.398997 -0.374699
v 1.279016 -0.269665 -0.404371
v 0.568532 -0.587701 -0.471405
v 1.161333 -0.578196 -0.418588
v 0.655438 -0.122163 -0.398031
v 0.573623 -0.084406 -0.452319
v 0.669442 -0.332006 -0.353386
v 0.761145 -1.056461 -0.352702
v 0.750709 1.091518 -0.414350
v 1.091869 0.732705 -0.179947
v 1.043468 0.800015 -0.197127
v 0.992814 0.864829 -0.240112
v 0.800977 1.055716 -0.407984
v 0.848365 1.017328 -0.383444
v 0.894910 0.974077 -0.344569
v 1.293608 -0.196821 -0.418408
v 1.303084 -0.123027 -0.435623
v 1.307119 -0.045765 -0.454312
v 0.388679 1.270101 -0.181136
v 0.438379 1.255428 -0.218239
v 0.484397 1.238044 -0.255413
v 0.705958 -1.092009 -0.324794
v 0.647536 -1.126783 -0.295808
v 0.589352 -1.159028 -0.267679
v 1.227009 0.473622 -0.334236
v 1.201737 0.540310 -0.288390
v 1.171645 0.603183 -0.240575
v 0.486133 -1.209470 -0.221249
v 0.439354 -1.227412 -0.202905
v 0.259681 1.296166 -0.109481
v 1.297790 0.127958 -0.475739
v 1.285149 0.221796 -0.452614
v 1.268509 0.313856 -0.413450
v 1.201610 -0.497675 -0.401403
v 1.233951 -0.419611 -0.393756
v 1.259403 -0.343706 -0.395326
v 1.003851 -0.817852 -0.477191
v 1.059132 -0.741981 -0.467228
v 1.112865 -0.660743 -0.443134
v 0.654241 -0.397677 -0.377465
v 0.631417 -0.464653 -0.412471
v 0.602378 -0.529229 -0.448065
v 0.667703 -0.165396 -0.375360
v 0.675036 -0.215108 -0.356423
v 0.676072 -0.270807 -0.346741
v 0.598179 -0.061795 -0.447828
v 0.620236 -0.064664 -0.436920
v 0.639441 -0.086844 -0.420079
v 0.465462 -0.284858 -0.471643
v 0.511609 -0.206467 -0.459283
v 0.546072 -0.135634 -0.453560
v 0.530579 -0.637456 -0.475424
v 0.486374 -0.680254 -0.454650
v 0.433064 -0.718944 -0.418592
v 0.902379 -0.938528 -0.431474
v 0.856758 -0.982889 -0.404135
v 0.810729 -1.020994 -0.378565
v 0.584035 1.190239 -0.335684
v 0.639839 1.159753 -0.373062
v 0.696331 1.126423 -0.400661
v -0.000000 0.328460 -0.315642
v -0.000000 0.386423 -0.311398
v -0.000000 0.440365 -0.301152
v 0.099364 0.438789 -0.352704
v 0.102683 0.491853 -0.331828
v 0.104747 0.548331 -0.305750
v 0.211532 0.542419 -0.228915
v 0.212092 0.603540 -0.204200
v 0.209840 0.671507 -0.188677
v 0.207343 0.748129 -0.174467
v 0.203415 0.838057 -0.152304
v 0.309750 0.803442 -0.105705
v 0.293138 0.918677 -0.147952
v 0.277250 1.045244 -0.135770
v 0.266860 1.171248 -0.127985
v 0.090775 0.328693 -0.375141
v 0.180006 0.328261 -0.372372
v 0.266147 0.325461 -0.313092
v 0.347655 0.318595 -0.232078
v 0.423449 0.306368 -0.170675
v 0.408959 0.252694 -0.268160
v 0.480611 0.233982 -0.256479
v 0.463328 0.175360 -0.341935
v 0.442531 0.113403 -0.404401
v 0.415215 0.050908 -0.441726
v 0.377996 -0.009744 -0.444989
v 0.458702 -0.069513 -0.475907
v 0.417320 -0.138116 -0.473935
v 0.363862 -0.209983 -0.461692
v 0.422250 -0.849966 -0.363416
v 0.475586 -0.818468 -0.397153
v 0.464270 -0.955905 -0.332357
v 0.452076 -1.092047 -0.265784
v 0.953333 0.254156 -0.212157
v 0.933743 0.339297 -0.075067
v 0.969972 0.162096 -0.255608
v 0.982613 0.068258 -0.256082
v 0.990209 -0.022217 -0.231003
v 0.886560 0.480610 0.220466
v 0.856468 0.543483 0.317758
v 0.911832 0.413922 0.088642
v 0.991942 -0.105465 -0.187277
v 0.987907 -0.182727 -0.158114
v 0.990209 -0.022217 -0.376287
v 0.933743 0.339297 -0.252561
v 0.987907 -0.182727 -0.316556
v 0.991942 -0.105465 -0.340313
v 0.911832 0.413922 -0.105483
v 0.886560 0.480610 0.022632
v 0.856468 0.543483 0.127015
v 0.982613 0.068258 -0.413090
v 0.969972 0.162096 -0.423059
v 0.953333 0.254156 -0.382832
v 0.838696 -0.288045 0.019145
v 0.832065 -0.349243 -0.022564
v 0.837660 -0.232345 0.001642
v 0.816865 -0.414915 -0.114951
v 0.832065 -0.349243 -0.289928
v 0.816865 -0.414915 -0.318274
v 0.837660 -0.232345 -0.290156
v 0.838696 -0.288045 -0.281578
v 0.815636 -0.477608 -0.255842
v 0.864104 -0.395061 -0.193201
v 0.761903 -0.558847 -0.318160
v 0.706622 -0.634717 -0.367298
v 0.904381 -0.314540 -0.146346
v 0.864104 -0.395061 -0.322664
v 0.904381 -0.314540 -0.303898
v 0.706622 -0.634717 -0.453821
v 0.761903 -0.558847 -0.410716
v 0.815636 -0.477608 -0.361801
v 0.090747 0.314490 -0.375141
v 0.090768 0.314490 -0.233135
v 0.179789 0.314058 -0.372372
v 0.179697 0.314059 -0.227351
v 0.265491 0.311269 -0.313092
v 0.265127 0.311291 -0.139760
v 0.346166 0.304461 -0.232078
v 0.345611 0.304532 -0.025567
v 0.404605 0.296373 -0.170675
v 0.408946 0.288649 0.059035
v 0.396188 0.234330 -0.268160
v 0.389299 0.246356 -0.070413
v 0.460860 0.227350 -0.256479
v 0.467831 0.214051 -0.055788
v 0.449827 0.179775 -0.341935
v 0.449730 0.179468 -0.184403
v 0.429369 0.118772 -0.404401
v 0.429159 0.118222 -0.281203
v 0.402690 0.057674 -0.441726
v 0.402472 0.057252 -0.341062
v 0.359449 -0.015162 -0.444989
v 0.358653 -0.010910 -0.361445
v 0.439563 -0.071569 -0.475907
v 0.440065 -0.074196 -0.380431
v 0.405493 -0.130221 -0.473935
v 0.405523 -0.130176 -0.380400
v 0.343901 -0.212613 -0.461692
v 0.344083 -0.213837 -0.372917
v 0.414441 -0.869142 -0.363416
v 0.410049 -0.867223 -0.260789
v 0.445292 -0.870964 -0.397153
v 0.447524 -0.872174 -0.300327
v 0.450118 -0.954704 -0.332357
v 0.450120 -0.954673 -0.224268
v 0.437931 -1.090758 -0.265784
v 0.437933 -1.090739 -0.145328
v 0.425213 -1.226083 -0.069277
v 0.416707 -0.742000 -0.325403
v 0.422352 -0.304826 -0.366064
v -0.019215 0.319199 -0.155802
v 0.249643 1.270182 0.084035
v 0.252690 1.170266 0.071215
v 0.263117 1.043804 0.063102
v 0.279061 0.916785 0.034366
v 0.283979 0.853904 0.040510
v 0.193034 0.864873 0.030021
v 0.193151 0.747570 -0.014651
v 0.195644 0.671041 -0.035398
v 0.197888 0.603320 -0.048838
v 0.192445 0.553032 -0.067903
v 0.096193 0.568116 -0.137288
v 0.088493 0.492500 -0.168758
v 0.086554 0.453683 -0.195307
v -0.016175 0.452872 -0.124008
v -0.014203 0.386423 -0.142441
v 0.425213 -1.226083 -0.202905
v 0.249643 1.270182 -0.109481
v 0.422352 -0.304826 -0.471643
v 0.416707 -0.742000 -0.418592
v -0.011649 0.311668 -0.315642
v -0.014203 0.386423 -0.311398
v -0.013086 0.455901 -0.301152
v 0.085409 0.452623 -0.352704
v 0.088498 0.492604 -0.331828
v 0.085510 0.558392 -0.305750
v 0.202049 0.562017 -0.228915
v 0.197886 0.603425 -0.204200
v 0.195644 0.671040 -0.188677
v 0.193150 0.747598 -0.174467
v 0.179550 0.855201 -0.152304
v 0.284831 0.854615 -0.105705
v 0.279060 0.916791 -0.147952
v 0.263122 1.043760 -0.135770
v 0.252691 1.170245 -0.127985
v 0.000369 0.329114 -0.060788
v 0.941995 0.923407 -0.058718
v 0.949793 -0.884538 -0.340504
v 1.304553 0.037234 -0.303411
v 0.531101 1.216139 0.074492
v 0.534276 -1.186643 -0.050744
v 0.909058 0.079422 -0.111510
v 1.134423 0.665838 -0.009350
v 0.547723 0.702403 0.378500
v 0.329961 1.282771 0.168164
v 0.435828 0.722507 0.260650
v 0.572646 0.524175 0.543287
v 1.248078 0.399209 -0.212711
v 0.457646 0.539367 0.419928
v 1.278064 -0.269585 -0.183931
v 0.569290 -0.587920 -0.316293
v 1.160660 -0.577548 -0.229783
v 0.656402 -0.122245 -0.098774
v 0.573456 -0.083736 -0.249428
v 0.670416 -0.331928 0.068035
v 0.882351 -0.630542 -0.256825
v 0.951766 -0.290675 0.519745
v 0.760489 -1.056227 -0.189945
v 0.834544 0.716918 0.302277
v 0.891773 0.432625 0.239693
v 0.750194 1.091115 -0.043421
v 0.348144 0.319435 0.063553
v 0.626055 0.243412 0.102230
v 0.000328 0.439964 -0.021411
v 0.000438 0.386764 -0.043206
v 1.091119 0.732050 0.007684
v 1.042777 0.799383 -0.002202
v 0.992247 0.864141 -0.029843
v 0.800531 1.055257 -0.060544
v 0.847925 1.016789 -0.070683
v 0.894413 0.973449 -0.073314
v 1.292671 -0.196869 -0.208926
v 1.302180 -0.123175 -0.237637
v 1.306250 -0.045980 -0.270547
v 1.016755 0.072090 -0.186057
v 1.113639 0.061642 -0.237377
v 1.209475 0.049727 -0.268000
v 0.388227 1.269499 0.147185
v 0.437851 1.254860 0.124298
v 0.483813 1.237519 0.100303
v 0.705316 -1.091737 -0.155081
v 0.646909 -1.126483 -0.118668
v 0.588735 -1.158705 -0.083050
v 0.575091 -0.762325 -0.324319
v 0.565446 -0.909280 -0.232758
v 0.551104 -1.049687 -0.141310
v 0.401480 0.472122 0.328479
v 0.377395 0.419179 0.247826
v 0.361662 0.369639 0.161274
v 1.226118 0.473730 -0.155580
v 1.200785 0.540327 -0.101521
v 1.170760 0.602717 -0.051318
v 0.544039 1.096919 0.031394
v 0.554476 0.974730 -0.004350
v 0.559710 0.848292 0.139134
v 0.457883 0.743625 0.257778
v 0.487828 0.746544 0.278191
v 0.519230 0.732267 0.320705
v 0.906981 0.703395 0.230447
v 0.982789 0.690809 0.140594
v 0.892111 0.432384 -0.472061
v 0.485564 -1.209080 -0.023382
v 0.439713 -1.226932 0.000557
v 0.260161 1.295574 0.181852
v 0.203896 0.837470 0.127696
v 0.310297 0.803090 0.105973
v 0.339148 1.157634 0.152088
v 0.352794 1.028603 0.130048
v 0.377160 0.891467 0.093244
v 0.569074 0.659243 0.445380
v 0.581297 0.609695 0.504999
v 0.582964 0.561979 0.539556
v 1.296992 0.127760 -0.325293
v 1.284395 0.221834 -0.313267
v 1.267748 0.314117 -0.265283
v 0.425096 0.683491 0.284862
v 0.425579 0.634044 0.327102
v 0.436676 0.583098 0.375479
v 0.105376 0.547844 -0.040549
v 0.212406 0.542375 -0.004138
v 0.324170 0.536510 0.186425
v 0.975408 0.423156 0.089227
v 1.063310 0.414348 -0.054851
v 1.155150 0.406756 -0.165359
v 0.486917 0.510299 0.460037
v 0.519672 0.497795 0.495397
v 0.550129 0.502340 0.524732
v 1.200844 -0.497114 -0.181213
v 1.233086 -0.419202 -0.158516
v 1.258471 -0.343475 -0.164137
v 1.029410 -0.283781 0.382935
v 1.110556 -0.278299 0.156639
v 1.193849 -0.273771 -0.050266
v 1.003280 -0.817335 -0.352712
v 1.058605 -0.741348 -0.330273
v 1.112286 -0.660064 -0.284897
v 0.953368 -0.619006 -0.233470
v 1.023216 -0.605995 -0.220457
v 1.092307 -0.592014 -0.220235
v 0.834668 0.018022 -0.054360
v 0.772872 -0.031396 -0.038023
v 0.713975 -0.077630 -0.053814
v 0.657612 -0.633559 -0.317648
v 0.735152 -0.642336 -0.304552
v 0.809751 -0.639495 -0.282785
v 0.416013 0.050953 -0.279816
v 0.490422 -0.000878 -0.300496
v 0.612855 0.183310 -0.036935
v 0.595232 0.117063 -0.140569
v 0.577530 0.037505 -0.219359
v 0.655205 -0.397505 -0.029127
v 0.632368 -0.464479 -0.158568
v 0.603297 -0.529148 -0.262600
v 0.668659 -0.165603 -0.018755
v 0.675989 -0.215337 0.054095
v 0.677038 -0.270932 0.091803
v 0.598595 -0.061081 -0.224184
v 0.621069 -0.064300 -0.194392
v 0.640381 -0.086742 -0.156013
v 0.465336 -0.284043 -0.305387
v 0.511160 -0.206135 -0.273367
v 0.545696 -0.135275 -0.259796
v 0.531028 -0.638083 -0.330529
v 0.486635 -0.681033 -0.315683
v 0.433578 -0.719540 -0.271680
v 0.738466 -0.320311 0.263187
v 0.807529 -0.309285 0.424253
v 0.878281 -0.299249 0.517455
v 0.901732 -0.938414 -0.299134
v 0.856088 -0.982768 -0.258600
v 0.810064 -1.020818 -0.222837
v 0.941667 -0.371613 0.464836
v 0.926361 -0.453676 0.255623
v 0.906367 -0.539133 -0.040905
v 0.939887 -0.029685 -0.007961
v 0.952717 -0.121358 0.230003
v 0.955900 -0.207858 0.434705
v 0.854944 -0.729869 -0.347621
v 0.824975 -0.835728 -0.358012
v 0.793391 -0.945506 -0.280167
v 0.626595 0.738716 0.361816
v 0.696015 0.739915 0.358764
v 0.764634 0.730496 0.343332
v 0.664348 0.481950 0.554941
v 0.739990 0.460011 0.486448
v 0.814381 0.444459 0.375961
v 0.583401 1.189805 0.044656
v 0.639211 1.159349 0.012177
v 0.695739 1.126035 -0.018545
v 0.878622 0.502836 0.333546
v 0.865193 0.570926 0.373741
v 0.850773 0.640953 0.364102
v 0.815912 0.801723 0.163540
v 0.795244 0.894037 -0.000295
v 0.773312 0.991781 -0.083443
v 0.918677 0.186364 -0.113288
v 0.914746 0.275170 -0.056544
v 0.904674 0.357006 0.093581
v 0.613570 0.432291 0.508362
v 0.628233 0.364099 0.394368
v 0.631708 0.302486 0.255362
v 0.561514 0.268502 0.174918
v 0.494594 0.289987 0.197790
v 0.423982 0.307138 0.159930
v 0.266581 0.326316 -0.061502
v 0.180164 0.329181 -0.152509
v 0.090620 0.329582 -0.145783
v 0.823461 0.140017 -0.067112
v 0.754446 0.181476 -0.022945
v 0.689670 0.214977 0.026445
v 0.618777 0.842615 0.153370
v 0.683460 0.834346 0.162997
v 0.749269 0.819675 0.170220
v 0.609698 0.957938 -0.019425
v 0.670028 0.939203 -0.021791
v 0.732407 0.917414 -0.012849
v 0.597565 1.074564 -0.005145
v 0.655200 1.048950 -0.040911
v 0.714535 1.020955 -0.070393
v 0.432241 0.882119 0.087205
v 0.473926 0.875819 0.091686
v 0.514036 0.862680 0.110826
v 0.412317 1.016164 0.091974
v 0.460926 1.004850 0.057047
v 0.506278 0.990788 0.022665
v 0.398687 1.144576 0.124184
v 0.449125 1.131081 0.094990
v 0.495843 1.115543 0.064601
v 0.656978 0.541776 0.568572
v 0.729612 0.525369 0.537193
v 0.802546 0.512787 0.453938
v 0.650119 0.600002 0.537124
v 0.719750 0.590386 0.526555
v 0.790813 0.580492 0.470632
v 0.638897 0.662464 0.469586
v 0.708383 0.659961 0.466075
v 0.778369 0.651717 0.432324
v 0.213045 0.603563 0.015495
v 0.323368 0.593610 0.177066
v 0.210772 0.671546 0.035266
v 0.318016 0.654502 0.148880
v 0.208202 0.748242 0.069863
v 0.315359 0.720897 0.124393
v 0.293808 0.918776 0.137567
v 0.277788 1.045432 0.166415
v 0.267456 1.171368 0.175350
v 0.568561 0.323971 0.310720
v 0.568996 0.380192 0.419120
v 0.562350 0.439609 0.496745
v 0.504264 0.342349 0.318168
v 0.510893 0.393777 0.404872
v 0.515766 0.445873 0.465242
v 0.436200 0.357684 0.270220
v 0.448943 0.407151 0.355512
v 0.465658 0.457995 0.417457
v 0.443369 0.113712 -0.205772
v 0.512966 0.075646 -0.236337
v 0.464165 0.175797 -0.090347
v 0.531971 0.147553 -0.129311
v 0.409808 0.253211 0.030418
v 0.480916 0.234885 0.053012
v 0.548702 0.210872 0.019573
v 0.681197 -0.541450 -0.206828
v 0.757646 -0.547205 -0.144785
v 0.832458 -0.545584 -0.082847
v 0.705482 -0.464517 -0.031799
v 0.778843 -0.463408 0.107757
v 0.852309 -0.459632 0.219211
v 0.725283 -0.391219 0.155511
v 0.796096 -0.384970 0.331917
v 0.868048 -0.378363 0.445109
v 0.608385 -1.025815 -0.174594
v 0.670126 -1.000277 -0.208670
v 0.732880 -0.973296 -0.244085
v 0.626107 -0.891391 -0.268240
v 0.692259 -0.874838 -0.306489
v 0.759504 -0.856248 -0.341056
v 0.641449 -0.756829 -0.345348
v 0.713544 -0.753318 -0.354271
v 0.785246 -0.743807 -0.354545
v 0.452650 -1.092515 -0.080592
v 0.500265 -1.071844 -0.110350
v 0.464832 -0.956374 -0.164511
v 0.513122 -0.931542 -0.199273
v 0.422558 -0.849456 -0.203373
v 0.475374 -0.818590 -0.245452
v 0.523183 -0.786933 -0.284928
v 0.743674 -0.252255 0.266626
v 0.811569 -0.234743 0.401435
v 0.881843 -0.219516 0.466899
v 0.741045 -0.188076 0.186255
v 0.807694 -0.161824 0.272514
v 0.877509 -0.138294 0.289119
v 0.731044 -0.129285 0.059542
v 0.795295 -0.092684 0.087541
v 0.863512 -0.056933 0.056074
v 0.364729 -0.209853 -0.320771
v 0.418054 -0.138513 -0.326477
v 0.378825 -0.009507 -0.309395
v 0.459414 -0.069369 -0.326043
v 0.980051 -0.530337 -0.039019
v 1.053718 -0.520070 -0.073358
v 1.127385 -0.508826 -0.125830
v 1.001703 -0.446311 0.196842
v 1.078230 -0.437879 0.075521
v 1.155525 -0.428731 -0.051997
v 1.018163 -0.364798 0.358502
v 1.097046 -0.357833 0.163054
v 1.177437 -0.350736 -0.025991
v 1.035329 -0.200769 0.284887
v 1.118970 -0.197513 0.076999
v 1.205275 -0.196677 -0.101796
v 1.034872 -0.114223 0.109236
v 1.122034 -0.114337 -0.038390
v 1.211714 -0.118033 -0.163335
v 1.027505 -0.023150 -0.077018
v 1.119795 -0.027961 -0.153403
v 1.213081 -0.036355 -0.218368
v 0.849297 -0.917223 -0.313325
v 0.901870 -0.887101 -0.340593
v 0.952987 -0.853729 -0.353297
v 0.886804 -0.814026 -0.361578
v 0.945699 -0.791054 -0.356349
v 1.002862 -0.766709 -0.345124
v 0.921959 -0.713938 -0.334634
v 0.986766 -0.696758 -0.317266
v 1.050134 -0.678689 -0.299705
v 0.679794 0.412775 0.466677
v 0.692469 0.343349 0.320339
v 0.696167 0.277696 0.157137
v 0.752020 0.390950 0.367844
v 0.761676 0.319786 0.202140
v 0.763897 0.249114 0.051989
v 0.826285 0.372344 0.237991
v 0.835270 0.296168 0.065493
v 0.837021 0.216877 -0.032306
v 0.961204 0.494827 0.188794
v 1.046295 0.487308 0.041318
v 1.135603 0.480455 -0.083654
v 0.944660 0.561821 0.246031
v 1.028828 0.554036 0.106984
v 1.113690 0.547831 -0.017368
v 0.927010 0.630604 0.263705
v 1.007594 0.621490 0.143722
v 1.134408 0.665863 -0.502431
v 0.883651 0.783798 0.135220
v 0.952533 0.766193 0.091749
v 1.021837 0.748960 0.045516
v 0.857587 0.870702 0.007548
v 0.919525 0.847324 0.008412
v 0.981351 0.823541 0.003998
v 0.829806 0.962257 -0.079362
v 0.884542 0.931546 -0.065582
v 0.938635 0.898743 -0.047546
v 0.989384 0.344251 -0.051867
v 1.001451 0.258746 -0.172022
v 1.009798 0.167441 -0.202153
v 1.079436 0.333371 -0.177363
v 1.093594 0.245520 -0.272026
v 1.104928 0.153739 -0.280456
v 1.173134 0.323640 -0.257504
v 1.188802 0.233547 -0.323877
v 1.201169 0.140742 -0.311967
v 0.278821 0.378000 0.011360
v 0.292339 0.428340 0.080296
v 0.309378 0.480716 0.144964
v 0.189172 0.383319 -0.112001
v 0.197858 0.434950 -0.071397
v 0.206449 0.487185 -0.033694
v 0.095064 0.386028 -0.128526
v 0.099782 0.438718 -0.104919
v 0.103509 0.492110 -0.075835
v 0.673187 0.153258 -0.058029
v 0.650066 0.088613 -0.127750
v 0.624372 0.017038 -0.189865
v 0.730908 0.118452 -0.070756
v 0.697726 0.057695 -0.116849
v 0.660271 -0.003354 -0.157142
v 0.786663 0.075263 -0.079524
v 0.739497 0.018531 -0.089439
v 0.690144 -0.034968 -0.115769
v 0.000688 0.329059 -0.368911
v 0.941787 0.924069 -0.351183
v 0.949996 -0.884215 -0.492218
v 1.304746 0.037577 -0.507769
v 0.531790 1.215829 -0.361746
v 0.534719 -1.186180 -0.291298
v 0.909666 0.079877 -0.452590
v 1.134778 0.665775 -0.251981
v 0.547264 0.703558 0.153419
v 0.330481 1.282607 -0.214638
v 0.435573 0.723082 0.018091
v 0.572419 0.523367 0.201401
v 1.248271 0.398496 -0.412051
v 0.456659 0.539600 0.106618
v 1.278485 -0.269426 -0.449992
v 0.569055 -0.588113 -0.508305
v 1.160744 -0.578066 -0.463188
v 0.655896 -0.121686 -0.456559
v 0.573039 -0.084025 -0.494454
v 0.669933 -0.332240 -0.429309
v 0.882226 -0.631734 -0.460153
v 0.952290 -0.290612 -0.335684
v 0.760864 -1.055671 -0.391863
v 0.835638 0.718250 -0.001683
v 0.892771 0.431538 -0.134084
v 0.750311 1.091138 -0.473066
v 0.347083 0.319073 -0.312428
v 0.626153 0.241643 -0.288511
v 0.000665 0.439721 -0.360535
v 0.000848 0.386357 -0.367540
v 1.091406 0.732415 -0.235139
v 1.042863 0.799942 -0.252902
v 0.992121 0.864839 -0.296540
v 0.800428 1.055481 -0.464445
v 0.847715 1.017202 -0.439388
v 0.894208 0.974029 -0.400676
v 1.293064 -0.196564 -0.462484
v 1.302513 -0.122781 -0.478030
v 1.306515 -0.045568 -0.494423
v 1.017469 0.072821 -0.469140
v 1.114246 0.062444 -0.477568
v 1.210010 0.050392 -0.492865
v 0.388858 1.269298 -0.251233
v 0.438530 1.254619 -0.287369
v 0.484509 1.237240 -0.323605
v 0.705716 -1.091209 -0.366269
v 0.647326 -1.125976 -0.339775
v 0.589168 -1.158217 -0.314173
v 0.575482 -0.761857 -0.487219
v 0.566000 -0.908405 -0.423100
v 0.551586 -1.048780 -0.355801
v 0.399893 0.471451 -0.045301
v 0.375918 0.418203 -0.150489
v 0.360315 0.368495 -0.237963
v 1.226480 0.473031 -0.378006
v 1.201328 0.539653 -0.338361
v 1.171184 0.602366 -0.295502
v 0.544965 1.096822 -0.393350
v 0.555101 0.975714 -0.330960
v 0.559700 0.849988 -0.119537
v 0.457885 0.744384 0.014936
v 0.487117 0.747380 0.038835
v 0.518602 0.733369 0.088313
v 0.908242 0.704516 -0.072159
v 0.982939 0.691455 -0.140783
v 1.059026 0.678786 -0.199820
v 0.486008 -1.208651 -0.272253
v 0.439921 -1.226668 -0.256060
v 0.260316 1.295494 -0.182203
v 0.203833 0.837459 -0.221921
v 0.309395 0.803464 -0.175857
v 0.340013 1.157458 -0.242394
v 0.353607 1.028644 -0.251723
v 0.377223 0.892239 -0.206236
v 0.568839 0.660257 0.211698
v 0.581273 0.610268 0.238588
v 0.582957 0.561825 0.230353
v 1.297110 0.127869 -0.509111
v 1.284418 0.221511 -0.483842
v 1.267789 0.313450 -0.447755
v 0.424469 0.684043 0.043580
v 0.424819 0.634620 0.073299
v 0.435785 0.583554 0.092879
v 0.105184 0.547626 -0.367399
v 0.211094 0.541710 -0.304333
v 0.322480 0.536217 -0.131780
v 0.976264 0.421608 -0.246095
v 1.064453 0.413152 -0.343886
v 1.155818 0.405600 -0.406165
v 0.485921 0.510239 0.121535
v 0.518730 0.497400 0.141582
v 0.549473 0.501591 0.168637
v 1.201043 -0.497540 -0.448414
v 1.233405 -0.419449 -0.441622
v 1.258871 -0.343505 -0.442515
v 1.030541 -0.283684 -0.352201
v 1.111805 -0.278202 -0.379069
v 1.195115 -0.273681 -0.410851
v 1.003330 -0.817441 -0.510514
v 1.058552 -0.741741 -0.503998
v 1.112266 -0.660585 -0.484088
v 0.953428 -0.620241 -0.451113
v 1.023472 -0.607201 -0.448289
v 1.092729 -0.593126 -0.452574
v 0.834526 0.018747 -0.438173
v 0.772150 -0.030603 -0.440460
v 0.712955 -0.076887 -0.446540
v 0.657357 -0.634122 -0.500846
v 0.734818 -0.643199 -0.488000
v 0.809483 -0.640564 -0.473366
v 0.415841 0.050443 -0.475932
v 0.490129 -0.001374 -0.508425
v 0.612760 0.181681 -0.379232
v 0.594831 0.115755 -0.448477
v 0.576884 0.036823 -0.496017
v 0.654711 -0.398079 -0.444863
v 0.631872 -0.465140 -0.467537
v 0.602820 -0.529747 -0.491757
v 0.668198 -0.165019 -0.442126
v 0.675547 -0.214875 -0.430486
v 0.676585 -0.270796 -0.424641
v 0.597835 -0.061273 -0.491016
v 0.620246 -0.064014 -0.483343
v 0.639790 -0.086269 -0.471293
v 0.465322 -0.284070 -0.508688
v 0.510972 -0.206115 -0.500015
v 0.545406 -0.135301 -0.495712
v 0.531197 -0.637722 -0.508595
v 0.487044 -0.680548 -0.485660
v 0.433871 -0.719200 -0.452526
v 0.737112 -0.320523 -0.391407
v 0.806356 -0.309442 -0.357873
v 0.877759 -0.299308 -0.337507
v 0.901929 -0.937825 -0.464392
v 0.856369 -0.982148 -0.439182
v 0.810398 -1.020224 -0.415637
v 0.942052 -0.372558 -0.345433
v 0.926502 -0.454978 -0.375316
v 0.906332 -0.540486 -0.415733
v 0.940137 -0.028495 -0.419235
v 0.953007 -0.120106 -0.380167
v 0.956395 -0.206886 -0.348742
v 0.854889 -0.730461 -0.500372
v 0.825083 -0.835279 -0.505429
v 0.793600 -0.944485 -0.452040
v 0.626538 0.740421 0.117237
v 0.696433 0.741580 0.092155
v 0.765441 0.732022 0.054823
v 0.664685 0.480697 0.152075
v 0.741068 0.458776 0.072543
v 0.815966 0.443990 -0.025567
v 0.584042 1.189491 -0.401734
v 0.639745 1.159083 -0.437878
v 0.696096 1.125881 -0.463095
v 0.879741 0.501652 -0.029850
v 0.866789 0.570820 0.033111
v 0.852222 0.641668 0.047002
v 0.816648 0.803350 -0.124234
v 0.795734 0.895634 -0.290062
v 0.773554 0.992591 -0.424690
v 0.919674 0.185898 -0.455550
v 0.915778 0.273951 -0.397205
v 0.905723 0.355567 -0.264657
v 0.613456 0.430738 0.081367
v 0.628324 0.362321 -0.055748
v 0.631848 0.300683 -0.181742
v 0.561338 0.266721 -0.249369
v 0.494032 0.288296 -0.237510
v 0.423610 0.305710 -0.258844
v 0.265641 0.325976 -0.378730
v 0.179773 0.328803 -0.423857
v 0.090959 0.329300 -0.421529
v 0.823970 0.139469 -0.434174
v 0.754771 0.180213 -0.401062
v 0.689883 0.213341 -0.348616
v 0.618868 0.844368 -0.107427
v 0.683786 0.836111 -0.106915
v 0.749802 0.821397 -0.110173
v 0.610238 0.959134 -0.331741
v 0.670513 0.940603 -0.324634
v 0.732871 0.918961 -0.308601
v 0.598362 1.074617 -0.423668
v 0.655832 1.049240 -0.441060
v 0.714971 1.021521 -0.441364
v 0.432391 0.883277 -0.192821
v 0.474011 0.877187 -0.179559
v 0.514060 0.864258 -0.153051
v 0.413148 1.016407 -0.288234
v 0.461737 1.005330 -0.311287
v 0.507008 0.991529 -0.324772
v 0.399673 1.144364 -0.285042
v 0.450148 1.130869 -0.323569
v 0.496847 1.115366 -0.359129
v 0.657265 0.541349 0.217497
v 0.730697 0.524728 0.160844
v 0.803963 0.512003 0.075199
v 0.650330 0.600591 0.241522
v 0.720753 0.590749 0.204372
v 0.792245 0.580604 0.131681
v 0.638947 0.663811 0.218722
v 0.709097 0.661192 0.190744
v 0.779552 0.652705 0.131928
v 0.212394 0.603272 -0.277775
v 0.321680 0.593549 -0.111106
v 0.210170 0.671461 -0.259198
v 0.316411 0.654646 -0.115787
v 0.207753 0.748208 -0.242865
v 0.313975 0.721133 -0.135209
v 0.293822 0.919003 -0.214312
v 0.278091 1.045345 -0.207270
v 0.267714 1.171241 -0.199775
v 0.568339 0.322188 -0.144642
v 0.568651 0.378480 -0.029227
v 0.561816 0.438163 0.083411
v 0.503609 0.340691 -0.137697
v 0.510102 0.392238 -0.033213
v 0.514783 0.444598 0.064630
v 0.435133 0.356257 -0.168154
v 0.447747 0.405882 -0.069885
v 0.464317 0.457024 0.030924
v 0.443116 0.112804 -0.446198
v 0.512655 0.074548 -0.480017
v 0.463885 0.174678 -0.394191
v 0.531755 0.146022 -0.416928
v 0.409476 0.252807 -0.336849
v 0.481013 0.233336 -0.324378
v 0.548540 0.209158 -0.339513
v 0.680440 -0.542415 -0.469681
v 0.757036 -0.548366 -0.447718
v 0.832094 -0.546883 -0.428907
v 0.704502 -0.465462 -0.438175
v 0.778051 -0.464540 -0.409595
v 0.851883 -0.460915 -0.386484
v 0.724086 -0.391925 -0.409761
v 0.795080 -0.385823 -0.375583
v 0.867510 -0.379355 -0.352042
v 0.608834 -1.024875 -0.380158
v 0.670527 -0.999300 -0.405276
v 0.733204 -0.972283 -0.429673
v 0.626581 -0.890511 -0.447017
v 0.692638 -0.874013 -0.469557
v 0.759755 -0.855573 -0.490418
v 0.641710 -0.756547 -0.505268
v 0.713652 -0.753292 -0.510657
v 0.785252 -0.744113 -0.507720
v 0.452867 -1.091864 -0.312426
v 0.500774 -1.070968 -0.333347
v 0.465070 -0.955718 -0.373176
v 0.513712 -0.930688 -0.398327
v 0.422755 -0.849168 -0.401919
v 0.475958 -0.818020 -0.432483
v 0.523721 -0.786241 -0.461097
v 0.742356 -0.251885 -0.390045
v 0.810514 -0.234096 -0.361897
v 0.881419 -0.218598 -0.347031
v 0.739866 -0.187343 -0.403695
v 0.806830 -0.160794 -0.384438
v 0.877198 -0.137037 -0.376732
v 0.729986 -0.128424 -0.424797
v 0.794551 -0.091594 -0.415105
v 0.863238 -0.055727 -0.414218
v 0.364705 -0.209867 -0.492467
v 0.417882 -0.138485 -0.506497
v 0.378876 -0.009612 -0.474503
v 0.459126 -0.069489 -0.509225
v 0.980351 -0.531640 -0.410492
v 1.054277 -0.521258 -0.414673
v 1.128131 -0.509856 -0.427799
v 1.002312 -0.447464 -0.378151
v 1.079104 -0.438838 -0.391229
v 1.156557 -0.429492 -0.412409
v 1.019113 -0.365529 -0.356593
v 1.098200 -0.358348 -0.379196
v 1.178665 -0.351083 -0.406940
v 1.036285 -0.200000 -0.365615
v 1.120103 -0.196933 -0.390170
v 1.206447 -0.196241 -0.423231
v 1.035576 -0.113141 -0.391591
v 1.122971 -0.113460 -0.411968
v 1.212707 -0.117367 -0.442755
v 1.028098 -0.022040 -0.426874
v 1.120530 -0.026988 -0.442723
v 1.213854 -0.035601 -0.467372
v 0.849408 -0.916266 -0.471830
v 0.901892 -0.886307 -0.489932
v 0.953016 -0.853277 -0.504504
v 0.886832 -0.813864 -0.510414
v 0.945699 -0.791206 -0.509931
v 1.002862 -0.767126 -0.507010
v 0.921908 -0.714720 -0.492275
v 0.986785 -0.697648 -0.485839
v 1.050257 -0.679612 -0.482854
v 0.680226 0.411120 0.029890
v 0.692913 0.341597 -0.114142
v 0.696559 0.275946 -0.243615
v 0.753127 0.389527 -0.055708
v 0.762362 0.318112 -0.198439
v 0.764491 0.247546 -0.329276
v 0.827262 0.370825 -0.157525
v 0.836133 0.294649 -0.302518
v 0.837852 0.215778 -0.403629
v 0.961635 0.493476 -0.145815
v 1.047665 0.486153 -0.257147
v 1.136682 0.479454 -0.342225
v 0.946059 0.561986 -0.076228
v 1.029328 0.554007 -0.184364
v 1.114738 0.547062 -0.280740
v 0.928567 0.631063 -0.050267
v 1.008114 0.621193 -0.142810
v 1.089176 0.611284 -0.226481
v 0.884532 0.785294 -0.151358
v 0.953279 0.767699 -0.182519
v 1.022616 0.750322 -0.210526
v 0.858125 0.872271 -0.275406
v 0.920092 0.848802 -0.265004
v 0.981904 0.824851 -0.257468
v 0.829947 0.963260 -0.396723
v 0.884707 0.932710 -0.363180
v 0.938835 0.899984 -0.328231
v 0.990433 0.342918 -0.362974
v 1.002486 0.257861 -0.466581
v 1.010728 0.167443 -0.493292
v 1.080281 0.332147 -0.435689
v 1.094300 0.244885 -0.503979
v 1.105544 0.154015 -0.505243
v 1.173405 0.322531 -0.462287
v 1.188928 0.232999 -0.500521
v 1.201441 0.140981 -0.509725
v 0.277434 0.377081 -0.330511
v 0.290807 0.427544 -0.269977
v 0.307741 0.480135 -0.197359
v 0.188327 0.382494 -0.402878
v 0.196776 0.434124 -0.374260
v 0.205217 0.486435 -0.338930
v 0.095495 0.385417 -0.417962
v 0.099564 0.438278 -0.407230
v 0.103202 0.491457 -0.390171
v 0.673016 0.151885 -0.414543
v 0.649485 0.087639 -0.460020
v 0.623541 0.016642 -0.488950
v 0.730726 0.117544 -0.435343
v 0.697026 0.057208 -0.459814
v 0.659291 -0.003398 -0.478589
v 0.786554 0.075105 -0.442220
v 0.738767 0.018698 -0.453372
v 0.689120 -0.034577 -0.465740
v 1.134480 0.666108 0.111076
v 1.091199 0.732084 0.137451
v 1.042657 0.799432 0.152823
v 1.200936 0.540854 0.031020
v 1.170790 0.603030 0.072723
v 0.982726 0.691075 0.206407
v 1.057916 0.678462 0.150167
v 0.975901 0.423044 0.236741
v 1.063223 0.414411 0.091674
v 0.961109 0.494559 0.297568
v 1.046221 0.486914 0.160606
v 1.135476 0.480567 0.044643
v 0.945584 0.561874 0.317031
v 1.027942 0.554044 0.199374
v 1.113727 0.547487 0.093496
v 1.007594 0.621438 0.215299
v 1.088313 0.612105 0.129269
v 0.953427 0.766441 0.173683
v 1.021785 0.749043 0.151993
v 1.171106 0.602340 -0.517127
v 0.741266 0.460100 -0.356879
v 0.815715 0.444465 -0.410841
v 0.879129 0.501613 -0.412197
v 0.804006 0.511861 -0.351200
v 0.753455 0.390340 -0.426726
v 0.961722 0.493460 -0.476936
v 0.946005 0.561589 -0.432831
v 1.029232 0.554747 -0.491859
v 1.113942 0.547613 -0.529251
v 1.008051 0.620604 -0.460442
v 1.088683 0.611185 -0.504049
v 0.941768 0.923409 -0.143411
v 0.949732 -0.884211 -0.385008
v 1.304805 0.037691 -0.363744
v 0.531288 1.215712 -0.063819
v 0.534439 -1.186095 -0.117291
v 1.134423 0.665838 -0.067865
v 0.330108 1.282420 0.059597
v 1.248504 0.398256 -0.271162
v 1.278042 -0.269438 -0.267836
v 0.569364 -0.588256 -0.371855
v 1.160609 -0.578198 -0.299746
v 0.656377 -0.121819 -0.213005
v 0.572833 -0.083793 -0.326556
v 0.669978 -0.332627 -0.098659
v 0.760583 -1.055633 -0.248207
v 0.750149 1.090689 -0.185787
v 1.091045 0.732140 -0.051184
v 1.042668 0.799415 -0.064241
v 0.992038 0.864198 -0.100019
v 0.800372 1.054919 -0.196907
v 0.847710 1.016573 -0.196490
v 0.894207 0.973366 -0.177759
v 1.292621 -0.196659 -0.287940
v 1.302185 -0.123234 -0.311146
v 1.306537 -0.045461 -0.337599
v 0.388426 1.269134 0.029800
v 0.438061 1.254480 -0.000510
v 0.484014 1.237120 -0.031290
v 0.705431 -1.091159 -0.215351
v 0.647038 -1.125916 -0.181068
v 0.588882 -1.158146 -0.147593
v 1.226678 0.472816 -0.216893
v 1.201509 0.539501 -0.162880
v 1.170720 0.602993 -0.111344
v 0.485745 -1.208549 -0.091686
v 0.439614 -1.226511 -0.069626
v 0.260261 1.295358 0.083935
v 1.297248 0.127951 -0.379342
v 1.284632 0.221504 -0.364103
v 1.268009 0.313291 -0.318735
v 1.200869 -0.497086 -0.263588
v 1.233014 -0.419260 -0.248646
v 1.258445 -0.343419 -0.252728
v 1.002914 -0.817692 -0.398408
v 1.058444 -0.741875 -0.380747
v 1.112142 -0.660717 -0.343578
v 0.654850 -0.398455 -0.170636
v 0.632347 -0.465020 -0.258983
v 0.603268 -0.529686 -0.331626
v 0.668681 -0.165186 -0.156793
v 0.675809 -0.214505 -0.104575
v 0.676671 -0.270861 -0.076409
v 0.597876 -0.060842 -0.308003
v 0.620710 -0.063784 -0.284628
v 0.640284 -0.086305 -0.254909
v 0.464986 -0.284005 -0.366278
v 0.510727 -0.205994 -0.341612
v 0.545182 -0.135178 -0.331190
v 0.531326 -0.638120 -0.382323
v 0.487017 -0.681019 -0.366938
v 0.433833 -0.719579 -0.325486
v 0.901658 -0.937835 -0.346670
v 0.856090 -0.982145 -0.310401
v 0.810119 -1.020202 -0.278574
v 0.583570 1.189354 -0.098281
v 0.639345 1.158883 -0.133288
v 0.695807 1.125571 -0.164010
v -0.000007 0.329177 -0.156499
v 0.000708 0.386602 -0.143124
v 0.000215 0.439780 -0.124790
v 0.099780 0.438226 -0.196022
v 0.103496 0.492087 -0.169289
v 0.105484 0.548486 -0.137947
v 0.212143 0.541873 -0.068476
v 0.212831 0.603719 -0.049488
v 0.210534 0.671693 -0.036094
v 0.208103 0.748364 -0.015257
v 0.203959 0.838012 0.029183
v 0.310303 0.802802 0.039976
v 0.293779 0.918823 0.033613
v 0.277956 1.045417 0.062415
v 0.267534 1.171362 0.070485
v 0.090596 0.329434 -0.233783
v 0.180338 0.328888 -0.228055
v 0.266736 0.326120 -0.140229
v 0.348298 0.319212 -0.026020
v 0.424247 0.306912 0.058776
v 0.408981 0.253306 -0.071204
v 0.481369 0.234470 -0.056221
v 0.464102 0.175861 -0.184790
v 0.443368 0.113657 -0.281687
v 0.415954 0.050918 -0.341736
v 0.378404 -0.009377 -0.362281
v 0.459478 -0.069322 -0.381032
v 0.417899 -0.138537 -0.381098
v 0.364294 -0.210005 -0.373818
v 0.422433 -0.849536 -0.261674
v 0.475912 -0.817857 -0.301048
v 0.465070 -0.956266 -0.224748
v 0.452750 -1.092459 -0.145941
v 0.941768 0.923409 -0.294752
v 0.949732 -0.884211 -0.461549
v 1.304592 0.037289 -0.471267
v 0.531288 1.215712 -0.294556
v 0.534439 -1.186095 -0.242413
v 1.134423 0.665838 -0.195932
v 0.330108 1.282420 -0.143448
v 1.248046 0.399230 -0.375125
v 1.278042 -0.269438 -0.404371
v 0.569364 -0.588256 -0.471405
v 1.160718 -0.577682 -0.419186
v 0.656377 -0.121819 -0.398031
v 0.572833 -0.083793 -0.452319
v 0.670246 -0.331978 -0.353979
v 0.760583 -1.055633 -0.352702
v 0.750149 1.090689 -0.414350
v 1.091045 0.732140 -0.179947
v 1.042668 0.799415 -0.197127
v 0.992038 0.864198 -0.240112
v 0.800372 1.054919 -0.407984
v 0.847710 1.016573 -0.383444
v 0.894207 0.973366 -0.344569
v 1.292621 -0.196659 -0.418408
v 1.302168 -0.123251 -0.435955
v 1.306311 -0.045919 -0.454882
v 0.388426 1.269134 -0.181136
v 0.438061 1.254480 -0.218239
v 0.484014 1.237120 -0.255413
v 0.705431 -1.091159 -0.324794
v 0.647038 -1.125916 -0.295808
v 0.588882 -1.158146 -0.267679
v 1.226091 0.473773 -0.334602
v 1.200800 0.540348 -0.288739
v 1.170677 0.603098 -0.240812
v 0.485745 -1.208549 -0.221249
v 0.439395 -1.226450 -0.202634
v 0.260229 1.295336 -0.109381
v 1.296996 0.127828 -0.476333
v 1.284363 0.221820 -0.453232
v 1.267694 0.314047 -0.413996
v 1.200910 -0.497030 -0.401710
v 1.233014 -0.419260 -0.393756
v 1.258445 -0.343419 -0.395326
v 1.002989 -0.817442 -0.477490
v 1.058601 -0.741377 -0.467823
v 1.112309 -0.660154 -0.443721
v 0.655136 -0.398073 -0.377671
v 0.632347 -0.465020 -0.412471
v 0.603268 -0.529686 -0.448065
v 0.668681 -0.165186 -0.375360
v 0.675978 -0.214855 -0.356644
v 0.676866 -0.270859 -0.347346
v 0.597876 -0.060842 -0.447828
v 0.620710 -0.063783 -0.436920
v 0.640284 -0.086305 -0.420079
v 0.464989 -0.284004 -0.471428
v 0.510727 -0.205994 -0.459283
v 0.545182 -0.135178 -0.453560
v 0.531326 -0.638120 -0.475424
v 0.487017 -0.681019 -0.454650
v 0.433872 -0.719528 -0.418511
v 0.901658 -0.937835 -0.431474
v 0.856090 -0.982145 -0.404135
v 0.810119 -1.020202 -0.378565
v 0.583570 1.189354 -0.335684
v 0.639345 1.158883 -0.373062
v 0.695807 1.125571 -0.400661
v 0.000550 0.328544 -0.314811
v 0.000712 0.386344 -0.310701
v 0.000445 0.440234 -0.300266
v 0.099984 0.438147 -0.352254
v 0.103333 0.491523 -0.331144
v 0.104668 0.547571 -0.305106
v 0.211981 0.541705 -0.228378
v 0.212729 0.603294 -0.203469
v 0.210546 0.671386 -0.187979
v 0.208045 0.748010 -0.173764
v 0.203300 0.837483 -0.151493
v 0.310185 0.802827 -0.105048
v 0.293972 0.918865 -0.147434
v 0.277951 1.045259 -0.135057
v 0.267606 1.171224 -0.127319
v 0.090943 0.329451 -0.374509
v 0.179827 0.329044 -0.371776
v 0.265761 0.326219 -0.312565
v 0.347327 0.319417 -0.231613
v 0.424093 0.306589 -0.169944
v 0.409800 0.252670 -0.267619
v 0.481214 0.234141 -0.255697
v 0.463931 0.174671 -0.341533
v 0.443086 0.112773 -0.403858
v 0.415832 0.050404 -0.441121
v 0.378452 -0.009898 -0.444113
v 0.459533 -0.069382 -0.475368
v 0.417946 -0.138473 -0.473242
v 0.364281 -0.209893 -0.460788
v 0.422412 -0.849717 -0.362461
v 0.476089 -0.817713 -0.396732
v 0.464922 -0.955604 -0.331662
v 0.452806 -1.091809 -0.265143
v 0.952781 0.253571 -0.211563
v 0.933342 0.338527 -0.074570
v 0.969384 0.161791 -0.254858
v 0.982012 0.068258 -0.255283
v 0.989607 -0.021987 -0.230238
v 0.886431 0.479815 0.221059
v 0.856228 0.543810 0.318672
v 0.911577 0.413102 0.089154
v 0.991404 -0.105150 -0.186495
v 0.987506 -0.183219 -0.157341
v 0.989439 -0.022428 -0.376889
v 0.932880 0.339568 -0.252987
v 0.987290 -0.183415 -0.316936
v 0.991137 -0.105622 -0.340885
v 0.910915 0.414090 -0.105844
v 0.885620 0.480636 0.022291
v 0.855572 0.543909 0.126891
v 0.981884 0.068117 -0.413760
v 0.969263 0.162156 -0.423763
v 0.952580 0.254422 -0.383434
v 0.839129 -0.288100 0.020045
v 0.832540 -0.349814 -0.021893
v 0.838108 -0.231690 0.002251
v 0.817313 -0.415751 -0.114633
v 0.832921 -0.349267 -0.290445
v 0.817432 -0.415509 -0.318844
v 0.838351 -0.231817 -0.290650
v 0.839552 -0.288091 -0.282093
v 0.814913 -0.477600 -0.255151
v 0.863407 -0.395102 -0.192484
v 0.761198 -0.558731 -0.317460
v 0.705769 -0.634919 -0.366816
v 0.904204 -0.313941 -0.145565
v 0.863476 -0.394544 -0.323246
v 0.904125 -0.313673 -0.304325
v 0.705869 -0.634838 -0.454468
v 0.761401 -0.558245 -0.411338
v 0.815085 -0.477015 -0.362389
v 0.090954 0.315097 -0.374373
v 0.090629 0.315337 -0.233648
v 0.179561 0.314709 -0.371648
v 0.179968 0.314847 -0.227905
v 0.265057 0.311975 -0.312532
v 0.265709 0.311971 -0.140206
v 0.345820 0.305278 -0.231615
v 0.346306 0.305088 -0.026024
v 0.405346 0.296725 -0.170104
v 0.409249 0.289280 0.058321
v 0.396852 0.234653 -0.267485
v 0.390075 0.246910 -0.070713
v 0.461469 0.227338 -0.255686
v 0.467827 0.214805 -0.056445
v 0.450364 0.179050 -0.341503
v 0.450552 0.179904 -0.184770
v 0.429824 0.118110 -0.403805
v 0.430022 0.118455 -0.281651
v 0.403164 0.057183 -0.440996
v 0.403272 0.057214 -0.341661
v 0.360279 -0.015042 -0.444445
v 0.359466 -0.010720 -0.361995
v 0.440020 -0.071690 -0.475026
v 0.440507 -0.073980 -0.381302
v 0.406085 -0.130545 -0.473197
v 0.406098 -0.130594 -0.381103
v 0.344730 -0.212587 -0.461134
v 0.344890 -0.213820 -0.373507
v 0.415184 -0.868578 -0.363056
v 0.410487 -0.866720 -0.261535
v 0.445604 -0.870614 -0.396269
v 0.448148 -0.871700 -0.300948
v 0.450765 -0.954342 -0.331687
v 0.450907 -0.955028 -0.224773
v 0.438664 -1.090521 -0.265147
v 0.438603 -1.091153 -0.145944
v 0.425805 -1.225716 -0.069994
v 0.417584 -0.742360 -0.325720
v 0.422529 -0.304057 -0.366678
v -0.018685 0.319772 -0.156426
v 0.250334 1.270120 0.083315
v 0.253386 1.170368 0.070505
v 0.263797 1.043976 0.062389
v 0.279774 0.916912 0.033676
v 0.284239 0.853629 0.039584
v 0.193586 0.864301 0.029413
v 0.193926 0.747806 -0.015237
v 0.196354 0.671224 -0.036078
v 0.198584 0.603513 -0.049529
v 0.193124 0.553183 -0.068621
v 0.096860 0.567567 -0.137791
v 0.089289 0.492751 -0.169309
v 0.086933 0.453149 -0.196063
v -0.015705 0.452334 -0.124708
v -0.013481 0.386597 -0.143111
v 0.425877 -1.225470 -0.202476
v 0.250439 1.269982 -0.108911
v 0.422531 -0.304066 -0.471018
v 0.417191 -0.742053 -0.417719
v -0.011005 0.312267 -0.315167
v -0.013515 0.386336 -0.310678
v -0.012435 0.455313 -0.300672
v 0.085786 0.452363 -0.351815
v 0.089141 0.492268 -0.331140
v 0.086041 0.557743 -0.305205
v 0.201893 0.561269 -0.228271
v 0.198582 0.603190 -0.203521
v 0.196360 0.670921 -0.187989
v 0.193836 0.747481 -0.173749
v 0.180117 0.854626 -0.151714
v 0.285375 0.854316 -0.104922
v 0.279816 0.916972 -0.147324
v 0.263839 1.043780 -0.135074
v 0.253424 1.170211 -0.127305
vn 0.1524 0.8461 0.5108
vn 0.1879 0.8669 0.4617
vn 0.3273 0.0583 0.9431
vn 0.2976 0.3632 0.8829
vn -0.1849 0.8587 0.4780
vn 0.0258 0.8980 0.4393
vn 0.1848 0.8853 0.4267
vn 0.3430 0.8357 0.4289
vn 0.2542 0.8596 0.4433
vn 0.2569 0.5881 0.7669
vn 0.0856 -0.3912 0.9163
vn 0.2556 -0.3871 0.8859
vn 0.3518 -0.3465 0.8696
vn 0.4075 -0.2928 0.8650
vn 0.3774 -0.1567 0.9127
vn 0.1587 0.7882 0.5945
vn 0.3422 0.1476 0.9280
vn 0.2898 0.4314 0.8543
vn 0.5017 -0.1830 0.8455
vn 0.5137 -0.2190 0.8296
vn -0.0346 0.7341 0.6782
vn -0.1754 0.7771 0.6045
vn -0.1602 0.8211 0.5478
vn -0.1010 0.8472 0.5215
vn 0.2053 0.6648 0.7182
vn 0.4541 -0.2331 0.8599
vn 0.4374 -0.2357 0.8679
vn 0.4470 -0.1866 0.8749
vn 0.4233 -0.1486 0.8937
vn 0.3589 -0.1142 0.9264
vn 0.4576 -0.1367 0.8786
vn 0.3438 -0.0880 0.9349
vn 0.3228 0.3441 0.8817
vn 0.6990 0.0815 0.7105
vn 0.1323 0.7013 0.7005
vn 0.4965 0.5531 0.6690
vn -0.2693 -0.0890 0.9589
vn 0.4570 -0.3539 0.8160
vn 0.6795 -0.4468 0.5820
vn 0.7417 -0.4652 0.4831
vn 0.8151 -0.0886 0.5725
vn 0.7229 0.3414 0.6007
vn 0.5334 0.6410 0.5518
vn 0.3011 0.7606 0.5751
vn 0.0354 0.8105 0.5847
vn -0.2402 0.7793 0.5788
vn -0.2406 0.7060 0.6661
vn -0.2528 0.4964 0.8304
vn -0.7849 -0.0061 0.6196
vn -0.6256 -0.0784 0.7762
vn -0.8459 -0.0470 0.5313
vn -0.8637 0.0805 0.4975
vn -0.8304 0.2272 0.5087
vn -0.7776 0.2987 0.5532
vn -0.7221 0.2608 0.6407
vn -0.2136 -0.2289 0.9497
vn -0.2900 0.3483 0.8914
vn 0.4069 -0.1624 0.8989
vn 0.3560 -0.0795 0.9311
vn 0.2357 -0.0704 0.9693
vn -0.2471 -0.8446 0.4750
vn -0.3883 -0.7191 0.5763
vn -0.5141 -0.7133 0.4764
vn -0.6165 -0.5454 0.5679
vn 0.0291 -0.9297 0.3673
vn 0.0041 -0.9028 0.4301
vn -0.1122 -0.8326 0.5423
vn -0.2663 -0.4383 0.8585
vn -0.5751 -0.3992 0.7141
vn -0.7221 -0.2646 0.6392
vn -0.8214 -0.0915 0.5629
vn -0.7870 -0.3694 0.4941
vn -0.7256 -0.5374 0.4298
vn -0.6460 -0.6527 0.3958
vn -0.4367 -0.8054 0.4008
vn -0.1836 -0.9017 0.3915
vn -0.1411 -0.8369 0.5289
vn -0.1414 -0.9076 0.3952
vn -0.1610 -0.6660 0.7283
vn -0.5830 -0.2854 0.7607
vn -0.3901 -0.6745 0.6268
vn -0.1483 -0.8716 0.4672
vn -0.0066 -0.9284 0.3716
vn -0.1604 -0.9193 0.3595
vn -0.3737 -0.8486 0.3746
vn -0.4972 -0.7934 0.3511
vn -0.3170 -0.9001 0.2990
vn -0.6517 -0.6907 0.3134
vn -0.4475 -0.8319 0.3281
vn -0.4321 -0.5846 0.6867
vn -0.3497 -0.7417 0.5723
vn -0.2411 -0.8464 0.4749
vn -0.0969 -0.9051 0.4141
vn -0.0673 -0.9580 0.2788
vn -0.0542 -0.9334 0.3547
vn -0.0526 -0.6159 0.7861
vn -0.7106 -0.4630 0.5298
vn -0.8533 -0.3649 0.3725
vn -0.8849 -0.3215 0.3369
vn -0.7426 -0.5697 0.3522
vn -0.6007 -0.6608 0.4500
vn 0.2703 0.5439 0.7944
vn 0.2161 0.5848 0.7819
vn 0.2447 0.3970 0.8846
vn 0.1977 0.2114 0.9572
vn 0.2414 0.5179 0.8206
vn 0.2181 0.5332 0.8174
vn 0.2016 0.5483 0.8116
vn 0.1754 0.5748 0.7993
vn 0.1116 0.5888 0.8005
vn 0.0754 -0.0051 0.9971
vn -0.0847 -0.6086 0.7890
vn -0.0887 -0.4753 0.8753
vn -0.0374 -0.3084 0.9505
vn 0.1086 -0.1205 0.9867
vn 0.2837 0.4745 0.8333
vn 0.2908 0.5109 0.8090
vn 0.3128 0.4830 0.8179
vn 0.3582 0.4539 0.8159
vn 0.2717 0.4843 0.8316
vn 0.2587 0.5016 0.8255
vn 0.2964 0.4958 0.8163
vn 0.3556 0.4679 0.8091
vn 0.1782 0.1151 0.9772
vn 0.2484 0.3506 0.9030
vn 0.4058 0.3937 0.8248
vn -0.7707 0.5218 0.3658
vn -0.4580 0.7892 0.4091
vn -0.6286 0.7025 0.3336
vn -0.3406 0.8775 0.3375
vn -0.9399 0.0144 0.3411
vn -0.9056 0.1144 0.4084
vn -0.7320 0.3212 0.6009
vn 0.0682 0.6356 0.7690
vn 0.0692 0.9140 0.3998
vn 0.0065 0.9388 0.3445
vn 0.0649 0.7658 0.6398
vn -0.3228 0.7878 0.5246
vn -0.6045 0.6770 0.4198
vn -0.7534 0.5379 0.3783
vn -0.8028 0.4918 0.3371
vn -0.8910 0.3046 0.3366
vn -0.3081 0.0356 0.9507
vn -0.4580 0.1603 0.8744
vn -0.5528 0.0218 0.8330
vn -0.0483 -0.3725 0.9268
vn 0.4308 -0.8461 0.3139
vn 0.5669 -0.7238 0.3934
vn 0.7032 -0.6379 0.3140
vn 0.7978 -0.4737 0.3731
vn 0.0600 -0.9168 0.3948
vn 0.2057 -0.8849 0.4179
vn 0.3209 -0.8146 0.4832
vn 0.4008 -0.7003 0.5907
vn 0.6398 -0.5636 0.5225
vn 0.8063 -0.3146 0.5009
vn 0.8543 -0.0531 0.5170
vn 0.9204 -0.1021 0.3775
vn 0.9212 -0.1809 0.3444
vn 0.8010 -0.3447 0.4895
vn 0.4382 -0.8356 0.3313
vn 0.2093 -0.9364 0.2818
vn 0.7232 0.5938 0.3527
vn 0.7777 0.4425 0.4464
vn 0.5382 0.7336 0.4149
vn 0.6124 0.5639 0.5541
vn 0.7752 0.4459 0.4475
vn 0.8912 0.2955 0.3443
vn 0.8926 0.2165 0.3955
vn 0.8036 0.1538 0.5749
vn 0.6821 0.3183 0.6584
vn 0.5439 0.3918 0.7420
vn 0.4256 0.4069 0.8083
vn 0.4199 0.5640 0.7110
vn 0.4549 0.6629 0.5947
vn 0.4293 0.6918 0.5806
vn 0.3322 0.8719 0.3597
vn 0.5177 0.7806 0.3502
vn 0.0533 0.2859 0.9568
vn -0.0118 0.0472 0.9988
vn -0.0793 -0.2927 0.9529
vn -0.0841 -0.3852 0.9190
vn 0.1176 0.6140 0.7805
vn 0.0489 0.6388 0.7678
vn -0.0689 0.6212 0.7807
vn 0.0583 0.3645 0.9294
vn -0.0480 -0.1545 0.9868
vn -0.0536 -0.4465 0.8932
vn 0.1404 -0.6610 0.7371
vn 0.0818 -0.7205 0.6886
vn 0.0099 -0.7311 0.6822
vn -0.0510 -0.6943 0.7179
vn -0.0220 -0.1718 0.9849
vn 0.0612 0.4942 0.8672
vn 0.3512 -0.8440 0.4054
vn 0.2964 -0.8737 0.3857
vn 0.4493 -0.8097 0.3775
vn 0.4202 -0.7736 0.4744
vn -0.0985 -0.6250 0.7744
vn 0.1529 -0.8668 0.4746
vn 0.1954 -0.9022 0.3846
vn 0.1443 -0.9116 0.3850
vn 0.2071 -0.8335 0.5122
vn 0.3401 -0.6027 0.7219
vn 0.5087 -0.2145 0.8338
vn 0.5900 -0.5356 0.6041
vn 0.5054 -0.7628 0.4034
vn 0.6132 -0.6776 0.4060
vn 0.5506 -0.7086 0.4413
vn 0.3990 -0.7368 0.5459
vn 0.8667 0.4989 -0.0000
vn 0.2411 0.9705 -0.0000
vn 0.8467 0.0286 0.5313
vn -0.9746 -0.2238 -0.0000
vn 0.7592 -0.4678 0.4525
vn 0.9020 0.4317 -0.0000
vn 0.6727 -0.4968 0.5483
vn 0.4254 -0.5519 0.7172
vn 0.5804 -0.4201 0.6976
vn 0.2384 0.9712 -0.0000
vn -0.0790 -0.9969 -0.0000
vn -0.0749 -0.9972 -0.0000
vn 0.7649 0.3754 0.5235
vn 0.6877 0.5025 0.5240
vn 0.8218 0.1580 0.5474
vn 0.8413 -0.1839 0.5083
vn 0.4029 0.7676 0.4985
vn 0.4396 0.6788 0.5882
vn 0.2403 0.7013 0.6712
vn 0.2450 0.6709 0.6999
vn 0.4863 0.7525 0.4442
vn 0.5877 0.6471 0.4856
vn -0.9530 -0.3029 -0.0000
vn -0.9324 -0.3615 -0.0000
vn 0.4171 0.5273 0.7402
vn 0.2258 0.5889 0.7760
vn 0.0574 0.4120 0.9094
vn -0.0061 0.1887 0.9820
vn -0.1114 -0.1145 0.9872
vn -0.0713 -0.3068 0.9491
vn 0.2343 0.6838 0.6910
vn 0.3336 0.8260 0.4543
vn 0.5983 -0.5865 0.5459
vn 0.6814 -0.0798 0.7276
vn 0.4274 -0.5666 0.7045
vn 0.4059 0.0700 0.9112
vn 0.6368 -0.6524 0.4109
vn 0.5873 -0.6658 0.4601
vn 0.7028 -0.2695 0.6583
vn 0.6384 0.0589 0.7674
vn 0.5600 0.2917 0.7754
vn 0.3277 0.4306 0.8410
vn 0.2773 0.3487 0.8953
vn 0.0177 0.0013 0.9998
vn -0.0687 -0.5390 0.8395
vn 0.1716 -0.6197 0.7658
vn 0.5247 -0.6341 0.5680
vn 0.6216 -0.6361 0.4572
vn -0.7786 -0.3729 0.5046
vn -0.8310 -0.2717 0.4855
vn -0.2365 -0.4865 0.8411
vn -0.3288 -0.4766 0.8153
vn -0.7484 -0.5142 0.4189
vn -0.8190 -0.4002 0.4111
vn -0.8697 -0.2488 0.4263
vn -0.8790 -0.0039 0.4767
vn -0.8563 -0.1554 0.4925
vn -0.3331 -0.4542 0.8263
vn 0.6166 -0.3271 0.7161
vn 0.6543 -0.2466 0.7150
vn -0.0547 -0.4594 0.8866
vn -0.6962 -0.4568 0.5537
vn -0.3325 -0.5550 0.7625
vn -0.5812 -0.3056 0.7542
vn -0.3446 -0.2013 0.9169
vn -0.6582 0.0630 0.7502
vn -0.0364 -0.8756 0.4817
vn -0.3204 -0.7182 0.6177
vn -0.5259 -0.4943 0.6922
vn -0.5958 -0.1674 0.7855
vn -0.7344 -0.0087 0.6786
vn -0.7727 0.1917 0.6052
vn -0.7629 0.3938 0.5128
vn -0.6335 0.4113 0.6554
vn -0.3180 0.3796 0.8687
vn 0.2469 0.1225 0.9613
vn 0.0707 -0.4527 0.8889
vn -0.0494 -0.7192 0.6931
vn -0.1637 -0.8869 -0.4319
vn -0.2095 -0.8855 -0.4148
vn -0.3082 -0.6668 -0.6785
vn -0.2287 -0.7569 -0.6122
vn 0.1220 -0.8872 -0.4450
vn -0.1232 -0.9010 -0.4160
vn -0.2803 -0.8654 -0.4153
vn -0.4105 -0.8007 -0.4363
vn -0.2618 -0.8667 -0.4245
vn -0.1794 -0.8010 -0.5711
vn -0.1403 -0.3458 -0.9278
vn -0.2763 -0.1247 -0.9530
vn -0.4069 0.0493 -0.9121
vn -0.5036 0.1383 -0.8528
vn -0.4027 -0.5259 -0.7492
vn -0.1221 -0.8705 -0.4769
vn -0.2040 -0.6561 -0.7266
vn -0.1426 -0.7615 -0.6322
vn -0.5407 -0.0839 -0.8370
vn -0.5098 -0.2012 -0.8364
vn 0.2005 -0.7790 -0.5941
vn 0.2443 -0.8101 -0.5330
vn 0.2005 -0.8490 -0.4889
vn 0.1055 -0.8761 -0.4704
vn -0.1081 -0.8310 -0.5457
vn -0.4672 -0.3581 -0.8083
vn -0.5482 0.1724 -0.8184
vn -0.5603 0.1836 -0.8077
vn -0.5545 0.1810 -0.8123
vn -0.5239 0.1654 -0.8356
vn -0.5556 -0.0183 -0.8312
vn -0.2577 -0.4796 -0.8388
vn -0.4576 0.3741 -0.8066
vn -0.6546 0.3804 -0.6533
vn -0.4227 -0.3057 -0.8532
vn -0.6811 -0.1828 -0.7090
vn -0.0105 0.6905 -0.7232
vn -0.3800 0.6920 -0.6137
vn -0.5340 0.6578 -0.5312
vn 0.9833 0.1820 -0.0000
vn -0.7300 0.3675 -0.5762
vn -0.7819 -0.0879 -0.6172
vn -0.6304 -0.5590 -0.5387
vn -0.4703 -0.6877 -0.5531
vn -0.2289 -0.7798 -0.5828
vn 0.0918 -0.7874 -0.6096
vn 0.0443 -0.3945 -0.9178
vn -0.0103 0.2872 -0.9578
vn 0.8185 0.1084 -0.5642
vn 0.7617 0.0125 -0.6478
vn 0.8225 0.2107 -0.5283
vn 0.8531 0.2148 -0.4754
vn 0.8708 0.0196 -0.4913
vn 0.8275 -0.2025 -0.5236
vn 0.7351 -0.3535 -0.5785
vn 0.5704 -0.0645 -0.8188
vn 0.4072 -0.5593 -0.7221
vn -0.2672 -0.1786 -0.9469
vn -0.5072 0.0091 -0.8618
vn -0.4432 0.1328 -0.8865
vn 0.2181 0.8736 -0.4351
vn 0.2605 0.8534 -0.4516
vn 0.4042 0.8027 -0.4386
vn 0.4573 0.7677 -0.4489
vn 0.0350 0.8780 -0.4775
vn 0.0483 0.8977 -0.4379
vn 0.0730 0.8900 -0.4501
vn 0.0887 0.8043 -0.5875
vn 0.3392 0.7732 -0.5358
vn 0.5337 0.6757 -0.5085
vn 0.7104 0.5104 -0.4847
vn 0.6358 0.6308 -0.4448
vn 0.5771 0.6805 -0.4516
vn 0.5226 0.6895 -0.5015
vn 0.3657 0.8009 -0.4742
vn 0.1944 0.8611 -0.4698
vn 0.0034 0.6527 -0.7576
vn 0.1096 0.7530 -0.6489
vn -0.1456 0.4275 -0.8922
vn 0.0877 0.1220 -0.9886
vn 0.0139 0.5899 -0.8073
vn -0.0260 0.7534 -0.6570
vn 0.0078 0.8380 -0.5457
vn 0.1675 0.8203 -0.5469
vn 0.3266 0.7627 -0.5583
vn 0.3132 0.3021 -0.9004
vn 0.2402 0.3683 -0.8981
vn 0.3718 0.2743 -0.8869
vn 0.2657 0.3324 -0.9049
vn 0.2394 0.2104 -0.9479
vn 0.2378 0.2964 -0.9250
vn 0.1935 0.3636 -0.9112
vn 0.1207 0.4051 -0.9063
vn 0.1139 0.4105 -0.9047
vn 0.0813 0.3506 -0.9330
vn 0.0411 0.1431 -0.9889
vn 0.2716 0.1584 -0.9493
vn 0.4149 0.1508 -0.8973
vn 0.4496 0.1258 -0.8843
vn 0.3926 0.2070 -0.8961
vn 0.3288 0.2366 -0.9143
vn -0.1932 -0.4185 -0.8874
vn -0.1605 -0.4273 -0.8897
vn -0.1388 -0.3425 -0.9292
vn -0.0798 -0.2279 -0.9704
vn -0.1890 -0.4068 -0.8938
vn -0.1723 -0.4230 -0.8896
vn -0.1502 -0.4362 -0.8872
vn -0.1238 -0.4455 -0.8867
vn -0.1036 -0.4270 -0.8983
vn -0.0454 -0.0449 -0.9980
vn 0.0844 0.3255 -0.9418
vn 0.0968 0.2371 -0.9667
vn 0.0536 0.1069 -0.9928
vn -0.0835 -0.0526 -0.9951
vn -0.2294 -0.3721 -0.8994
vn -0.2188 -0.4074 -0.8867
vn -0.2475 -0.3824 -0.8902
vn -0.2828 -0.3637 -0.8875
vn -0.2076 -0.3702 -0.9055
vn -0.2003 -0.3890 -0.8992
vn -0.2361 -0.3954 -0.8877
vn -0.2691 -0.3697 -0.8893
vn -0.1109 -0.2049 -0.9725
vn -0.2679 -0.3028 -0.9146
vn -0.3282 -0.3169 -0.8899
vn 0.3860 -0.2181 -0.8963
vn 0.2313 -0.3004 -0.9253
vn 0.3410 -0.3009 -0.8906
vn 0.2151 -0.3715 -0.9032
vn 0.4735 -0.0025 -0.8808
vn 0.4169 -0.0440 -0.9079
vn 0.2556 -0.0964 -0.9620
vn 0.0194 -0.1370 -0.9904
vn 0.0325 -0.3399 -0.9399
vn 0.0638 -0.3957 -0.9162
vn 0.0438 -0.2857 -0.9573
vn 0.1975 -0.2685 -0.9428
vn 0.3018 -0.2761 -0.9125
vn 0.3609 -0.2329 -0.9031
vn 0.4080 -0.2032 -0.8901
vn 0.4547 -0.1293 -0.8812
vn -0.0520 -0.0031 -0.9986
vn 0.0847 -0.0358 -0.9958
vn 0.1233 -0.0448 -0.9914
vn -0.3010 0.1537 -0.9412
vn -0.1501 0.3516 -0.9240
vn -0.2499 0.3013 -0.9202
vn -0.2400 0.2472 -0.9388
vn -0.3085 0.1828 -0.9335
vn 0.0303 0.4202 -0.9069
vn -0.0755 0.4113 -0.9084
vn -0.1784 0.3826 -0.9065
vn -0.2596 0.3382 -0.9046
vn -0.3336 0.2550 -0.9076
vn -0.3860 0.1460 -0.9109
vn -0.4122 0.0297 -0.9106
vn -0.3440 0.0431 -0.9380
vn -0.2993 0.0728 -0.9514
vn -0.1839 0.1087 -0.9769
vn -0.1164 0.3175 -0.9411
vn -0.0289 0.4000 -0.9161
vn -0.2413 -0.2592 -0.9352
vn -0.3364 -0.2145 -0.9170
vn -0.1948 -0.3515 -0.9157
vn -0.2952 -0.3007 -0.9069
vn -0.1927 -0.1422 -0.9709
vn -0.2899 -0.1165 -0.9499
vn -0.3529 -0.0941 -0.9309
vn -0.4114 -0.0792 -0.9080
vn -0.3839 -0.1689 -0.9078
vn -0.3277 -0.2258 -0.9174
vn -0.2349 -0.2247 -0.9457
vn -0.2294 -0.3284 -0.9163
vn -0.1483 -0.3932 -0.9074
vn -0.1154 -0.3667 -0.9232
vn -0.0728 -0.3829 -0.9209
vn -0.1369 -0.3139 -0.9395
vn -0.0214 -0.2759 -0.9609
vn -0.0575 -0.0937 -0.9939
vn -0.0163 0.2199 -0.9754
vn -0.0510 0.2802 -0.9586
vn -0.0948 -0.4504 -0.8878
vn -0.0647 -0.4510 -0.8902
vn -0.0099 -0.4471 -0.8944
vn 0.0250 -0.3765 -0.9261
vn -0.0594 0.0627 -0.9963
vn -0.0941 0.3038 -0.9481
vn -0.1734 0.3696 -0.9129
vn -0.1049 0.3965 -0.9120
vn -0.0263 0.3997 -0.9163
vn 0.0403 0.3773 -0.9252
vn -0.0095 0.1157 -0.9932
vn -0.0289 -0.3902 -0.9203
vn -0.2542 0.8603 -0.4419
vn -0.2380 0.8584 -0.4545
vn -0.3821 0.8124 -0.4406
vn -0.3279 0.7916 -0.5157
vn -0.0321 0.8272 -0.5610
vn -0.1000 0.8894 -0.4461
vn -0.1021 0.8892 -0.4459
vn -0.1086 0.8647 -0.4904
vn -0.2184 0.7958 -0.5648
vn -0.2750 0.5872 -0.7613
vn -0.2972 0.1809 -0.9375
vn -0.4099 0.6226 -0.6667
vn -0.4230 0.7750 -0.4695
vn -0.5093 0.7282 -0.4586
vn -0.4402 0.7713 -0.4597
vn -0.2997 0.8199 -0.4877
vn -0.7034 0.4221 -0.5719
vn -0.6276 0.4466 -0.6377
vn -0.7689 0.0945 -0.6324
vn 0.1067 0.9943 -0.0000
vn -0.6252 0.5989 -0.5004
vn -0.6059 0.5764 -0.5483
vn -0.4976 0.5588 -0.6635
vn -0.1515 0.5150 -0.8437
vn -0.3817 0.4668 -0.7977
vn -0.5359 0.3536 -0.7667
vn -0.5882 0.1260 -0.7989
vn -0.6752 -0.1232 -0.7272
vn -0.7081 -0.3119 -0.6335
vn -0.7031 -0.4369 -0.5610
vn -0.7993 -0.0120 -0.6009
vn -0.7387 0.3808 -0.5562
vn -0.3292 -0.7767 -0.5370
vn -0.3189 -0.6910 -0.6487
vn -0.1450 -0.7938 -0.5906
vn -0.1303 -0.7514 -0.6469
vn -0.4992 -0.7182 -0.4848
vn -0.5320 -0.6228 -0.5737
vn -0.5209 -0.4829 -0.7039
vn -0.4878 -0.2461 -0.8375
vn -0.2914 -0.5423 -0.7880
vn -0.1121 -0.6726 -0.7314
vn 0.0198 -0.6805 -0.7325
vn 0.0371 -0.6700 -0.7414
vn 0.0306 -0.6210 -0.7832
vn -0.0254 -0.5214 -0.8529
vn -0.1571 -0.8104 -0.5644
vn -0.3084 -0.8308 -0.4634
vn -0.3356 0.6390 -0.6921
vn -0.2375 0.1236 -0.9635
vn -0.0477 0.5096 -0.8591
vn 0.0020 0.0577 -0.9983
vn -0.5224 0.6963 -0.4921
vn -0.4165 0.7238 -0.5501
vn -0.4274 0.3650 -0.8271
vn -0.2764 -0.1240 -0.9530
vn -0.1357 -0.2758 -0.9516
vn -0.1313 -0.2470 -0.9601
vn -0.0857 -0.1071 -0.9906
vn 0.1155 0.1966 -0.9736
vn 0.1925 0.4010 -0.8956
vn 0.0849 0.4920 -0.8665
vn -0.2992 0.6045 -0.7383
vn -0.4797 0.6621 -0.5757
vn 0.6439 0.4203 -0.6394
vn 0.7259 0.4000 -0.5596
vn 0.2428 0.3168 -0.9169
vn 0.3727 0.3801 -0.8465
vn 0.6095 0.5427 -0.5779
vn 0.6834 0.5354 -0.4962
vn 0.7494 0.4787 -0.4574
vn 0.8129 0.3488 -0.4664
vn 0.7866 0.3266 -0.5239
vn 0.4575 0.3818 -0.8031
vn -0.4419 0.1649 -0.8818
vn -0.4864 0.0544 -0.8720
vn 0.0722 0.2042 -0.9763
vn 0.5258 0.3892 -0.7563
vn 0.1037 0.4504 -0.8868
vn 0.2524 0.2195 -0.9424
vn 0.1528 0.1895 -0.9699
vn 0.2930 0.0366 -0.9554
vn -0.0885 0.7954 -0.5996
vn 0.0237 0.6566 -0.7538
vn 0.1566 0.4119 -0.8977
vn 0.1453 -0.0206 -0.9892
vn 0.2678 -0.0801 -0.9601
vn 0.3049 -0.1581 -0.9392
vn 0.3344 -0.2280 -0.9145
vn 0.2945 -0.1469 -0.9443
vn 0.1567 -0.0377 -0.9869
vn -0.0849 0.0256 -0.9961
vn -0.0695 0.3456 -0.9358
vn -0.0982 0.6444 -0.7583
vn 0.8368 0.5475 -0.0000
vn 0.8119 0.5838 -0.0000
vn 0.7879 0.6158 -0.0000
vn 0.7623 0.6472 -0.0000
vn 0.5801 0.8145 -0.0000
vn 0.6294 0.7770 -0.0000
vn 0.6807 0.7325 -0.0000
vn 0.7243 0.6895 -0.0000
vn 0.9805 -0.1964 -0.0000
vn 0.9919 -0.1274 -0.0000
vn 0.9986 -0.0521 -0.0000
vn 0.9998 0.0208 -0.0000
vn 0.2221 0.9750 -0.0000
vn 0.2832 0.9591 -0.0000
vn 0.3534 0.9355 -0.0000
vn 0.4125 0.9110 -0.0000
vn 0.5415 -0.8407 -0.0000
vn 0.5115 -0.8593 -0.0000
vn 0.4847 -0.8747 -0.0000
vn 0.4567 -0.8896 -0.0000
vn 0.9595 0.2817 -0.0000
vn 0.9351 0.3544 -0.0000
vn 0.6920 -0.7219 -0.0000
vn 0.0997 -0.9950 -0.0000
vn -0.4098 -0.9122 -0.0000
vn -0.7225 -0.6914 -0.0000
vn 0.4187 -0.9081 -0.0000
vn 0.3581 -0.9337 -0.0000
vn 0.1779 0.9841 -0.0000
vn -0.8959 -0.4443 -0.0000
vn -0.9706 -0.2406 -0.0000
vn -0.9994 -0.0360 -0.0000
vn -0.9655 0.2606 -0.0000
vn 0.9965 0.0837 -0.0000
vn 0.9910 0.1335 -0.0000
vn 0.9841 0.1779 -0.0000
vn 0.9745 0.2242 -0.0000
vn 0.9626 -0.2708 -0.0000
vn 1.0000 0.0079 -0.0000
vn 0.9776 0.2103 -0.0000
vn 0.9032 0.4292 -0.0000
vn 0.7079 0.7063 -0.0000
vn 0.3631 0.9317 -0.0000
vn -0.1385 0.9904 -0.0000
vn -0.6924 0.7215 -0.0000
vn 0.8944 -0.4474 -0.0000
vn 0.9239 -0.3827 -0.0000
vn 0.9481 -0.3179 -0.0000
vn 0.9667 -0.2561 -0.0000
vn 0.7823 -0.6229 -0.0000
vn 0.8082 -0.5889 -0.0000
vn 0.8341 -0.5517 -0.0000
vn 0.8623 -0.5063 -0.0000
vn -0.9742 0.2255 -0.0000
vn -0.9465 0.3226 -0.0000
vn -0.9120 0.4101 -0.0000
vn -0.8655 0.5010 -0.0000
vn -0.9620 -0.2729 -0.0000
vn -0.9893 -0.1459 -0.0000
vn -0.9998 -0.0186 -0.0000
vn -0.9942 0.1077 -0.0000
vn 0.6774 -0.7356 -0.0000
vn -0.1290 -0.9916 -0.0000
vn -0.7560 -0.6546 -0.0000
vn -0.9109 -0.4126 -0.0000
vn 0.8618 -0.5073 -0.0000
vn 0.8992 -0.4375 -0.0000
vn 0.8807 -0.4737 -0.0000
vn -0.7951 0.6065 -0.0000
vn -0.6956 0.7184 -0.0000
vn -0.5874 0.8093 -0.0000
vn 0.7446 -0.6675 -0.0000
vn 0.6971 -0.7169 -0.0000
vn 0.6377 -0.7703 -0.0000
vn 0.5818 -0.8134 -0.0000
vn 0.4502 0.8929 -0.0000
vn 0.4794 0.8776 -0.0000
vn 0.5081 0.8613 -0.0000
vn 0.5402 0.8415 -0.0000
vn -1.0000 -0.0000 -0.0000
vn 0.0159 0.9999 -0.0000
vn -0.9981 0.0624 -0.0000
vn -0.9993 0.0365 -0.0000
vn 0.0553 0.9985 -0.0000
vn -1.0000 0.0092 -0.0000
vn -0.9995 -0.0331 -0.0000
vn -0.9995 -0.0326 -0.0000
vn -0.9990 -0.0436 -0.0000
vn 0.3095 0.9509 -0.0000
vn -0.9898 -0.1427 -0.0000
vn -0.9922 -0.1245 -0.0000
vn -0.9966 -0.0822 -0.0000
vn -0.9984 -0.0574 -0.0000
vn 0.0026 -1.0000 -0.0000
vn -0.0049 -1.0000 -0.0000
vn -0.0325 -0.9995 -0.0000
vn -0.0839 -0.9965 -0.0000
vn -0.1593 -0.9872 -0.0000
vn -0.9654 0.2606 -0.0000
vn -0.2527 -0.9675 -0.0000
vn -0.9592 0.2828 -0.0000
vn -0.9480 0.3182 -0.0000
vn -0.9163 0.4005 -0.0000
vn -0.8523 0.5230 -0.0000
vn -0.5951 -0.8036 -0.0000
vn -0.8563 0.5165 -0.0000
vn -0.8024 0.5968 -0.0000
vn -0.5933 -0.8050 -0.0000
vn -0.9966 0.0823 -0.0000
vn 0.5085 -0.8611 -0.0000
vn -0.9966 0.0821 -0.0000
vn -0.9960 0.0892 -0.0000
vn -0.9956 0.0936 -0.0000
vn 0.8319 -0.0291 0.5541
vn 0.7682 -0.1735 0.6162
vn 0.7540 0.0078 0.6569
vn 0.8082 -0.2866 0.5145
vn 0.5410 -0.2534 0.8019
vn 0.4985 -0.1349 0.8563
vn 0.6710 0.2102 0.7110
vn 0.4960 0.3882 0.7767
vn 0.3481 0.0128 0.9374
vn 0.9513 0.3083 -0.0000
vn -0.0957 -0.9954 -0.0000
vn -0.9415 -0.3370 -0.0000
vn -0.9795 -0.2015 -0.0000
vn 0.0935 0.9956 -0.0000
vn 0.9741 0.2261 -0.0000
vn -0.4870 0.5200 -0.7017
vn -0.4042 0.2407 -0.8825
vn -0.9857 -0.1684 -0.0000
vn -0.2043 -0.9789 -0.0000
vn 0.1113 0.9938 -0.0000
vn 0.1305 0.9914 -0.0000
vn -0.1509 -0.9885 -0.0000
vn -0.9855 -0.1699 -0.0000
vn -0.0837 -0.9965 -0.0000
vn -0.9530 -0.3028 -0.0000
vn 0.1032 0.9947 -0.0000
vn 0.9305 0.3662 -0.0000
vn 0.4203 -0.9074 -0.0000
vn -0.0568 0.8522 -0.5201
vn 0.0924 0.1623 -0.9824
vn -0.1341 0.1655 0.9770
vn 0.1342 -0.1747 -0.9754
vn -0.4317 -0.3975 -0.8097
vn 0.5002 -0.8339 0.2333
vn -0.6276 0.6996 -0.3415
vn 0.2018 0.3894 -0.8987
vn -0.2609 -0.7882 0.5574
vn 0.5565 -0.4690 -0.6859
vn 0.1262 0.3900 -0.9121
vn -0.2611 -0.6107 0.7476
vn 0.7035 -0.0533 -0.7087
vn 0.4995 0.4837 -0.7187
vn -0.0445 -0.2759 0.9602
vn 0.5674 -0.0175 -0.8232
vn 0.3435 0.4176 -0.8412
vn 0.0382 -0.2483 0.9679
vn 0.0584 -0.2106 0.9758
vn 0.0310 -0.0003 -0.9995
vn -0.0046 0.2231 -0.9748
vn 0.0001 0.0005 1.0000
vn -0.1204 -0.2925 0.9487
vn -0.5167 0.1947 -0.8338
vn -0.0064 0.1822 -0.9832
vn 0.0113 0.0875 0.9961
vn 0.4932 0.5217 0.6961
vn 0.0987 0.2262 -0.9691
vn -0.0221 0.0585 0.9980
vn -0.2706 -0.4700 0.8402
vn 0.4259 0.3041 -0.8521
vn -0.5667 0.4015 0.7195
vn -0.3441 -0.3830 0.8573
vn -0.5288 -0.4184 -0.7384
vn 0.3301 0.7059 -0.6267
vn -0.1054 -0.9944 -0.0000
vn -0.3647 -0.2712 0.8908
vn 0.1364 -0.2804 0.9502
vn 0.0411 -0.3805 0.9239
vn -0.0397 0.4750 -0.8791
vn 0.0426 0.5237 -0.8508
vn 0.6050 -0.5372 0.5877
vn -0.3225 -0.3721 -0.8704
vn 0.1570 -0.3670 0.9169
vn 0.7105 -0.3782 0.5934
vn 0.2934 -0.6386 0.7114
vn -0.3296 -0.2336 -0.9148
vn -0.5530 0.6315 -0.5435
vn -0.3522 0.0310 -0.9354
vn -0.6834 0.4921 -0.5392
vn 0.1535 -0.0485 0.9870
vn -0.1861 0.9825 -0.0000
vn -0.3684 -0.2996 -0.8801
vn 0.4634 -0.6374 0.6156
vn 0.1925 0.2364 0.9524
vn 0.2490 0.2952 0.9224
vn -0.4339 0.6148 -0.6586
vn 0.1861 -0.9825 -0.0000
vn -0.7764 0.2910 -0.5590
vn 0.2967 0.2385 0.9247
vn -0.3630 0.3514 -0.8630
vn 0.1054 0.9944 -0.0000
vn -0.3575 0.1446 0.9226
vn 0.4760 -0.3222 -0.8183
vn -0.3734 -0.0728 0.9248
vn 0.4668 0.3681 -0.8041
vn 0.0757 0.4839 -0.8718
vn 0.5246 0.8514 -0.0000
vn -0.0294 -0.3935 0.9189
vn 0.0709 0.3560 -0.9318
vn -0.5246 -0.8514 -0.0000
vn -0.0534 -0.2948 0.9541
vn -0.9993 -0.0356 0.0107
vn -0.0960 -0.9954 0.0025
vn -0.9994 0.0246 -0.0227
vn -0.7599 -0.6500 -0.0034
vn -0.8032 0.5957 0.0048
vn -0.8579 0.5137 0.0094
vn -0.5941 -0.8044 0.0063
vn -0.8496 0.5272 -0.0156
vn -0.9163 0.4006 -0.0000
vn -0.9480 0.3183 -0.0001
vn -0.9633 0.2670 0.0286
vn -0.2640 -0.9645 -0.0030
vn -0.9608 0.2770 -0.0085
vn -0.1749 -0.9845 -0.0158
vn -0.0048 -1.0000 -0.0000
vn 0.0073 -0.9997 0.0251
vn -0.9995 -0.0305 -0.0000
vn -0.9963 -0.0862 -0.0028
vn 0.0674 0.9973 -0.0298
vn -0.9965 -0.0731 0.0413
vn -0.9992 0.0280 -0.0295
vn 0.0554 0.9985 -0.0024
vn -0.9993 0.0204 0.0316
vn -0.9981 0.0617 0.0034
vn 0.0159 0.9999 0.0060
vn -1.0000 -0.0044 -0.0090
vn -0.9995 0.0202 -0.0235
vn 0.5615 -0.7973 0.2215
vn -0.0409 0.0630 -0.9972
vn 0.2390 0.6514 -0.7201
vn -0.6906 0.3596 0.6276
vn 0.2069 0.4380 -0.8748
vn -0.8100 0.0879 0.5798
vn 0.0021 0.0476 -0.9989
vn -0.7135 0.0334 0.6999
vn -0.0762 0.3842 -0.9201
vn -0.0648 0.0007 0.9979
vn -0.0053 -0.0279 -0.9996
vn -0.8156 0.5786 -0.0000
vn 0.5409 -0.4431 0.7149
vn -0.0232 -0.1399 -0.9899
vn 0.1193 -0.1071 0.9871
vn -0.0936 -0.9956 -0.0000
vn -0.0307 0.0856 -0.9959
vn 0.0055 -0.0637 0.9980
vn -0.9328 0.3604 -0.0000
vn 0.5959 -0.3410 -0.7271
vn 0.0257 -0.2179 0.9756
vn -0.6579 0.3497 -0.6670
vn 0.0978 0.0803 0.9920
vn 0.5135 -0.4450 -0.7337
vn -0.1182 -0.0553 0.9914
vn -0.0384 -0.4363 -0.8990
vn -0.3955 -0.3701 0.8406
vn -0.0387 -0.4180 -0.9076
vn 0.0094 -0.2612 0.9652
vn 0.0453 0.4861 0.8727
vn -0.1700 0.1525 -0.9736
vn 0.0047 -0.1942 0.9810
vn 0.0447 0.4982 0.8659
vn -0.0054 0.0611 -0.9981
vn -0.0991 -0.3174 0.9431
vn -0.5903 0.4749 0.6527
vn -0.0113 0.0942 -0.9955
vn -0.5282 -0.4803 0.7002
vn 0.6682 -0.3791 0.6401
vn -0.1530 -0.8458 -0.5111
vn -0.1883 -0.8667 -0.4619
vn -0.3271 -0.0591 -0.9431
vn -0.2975 -0.3630 -0.8830
vn 0.1824 -0.8594 -0.4777
vn -0.0258 -0.8980 -0.4393
vn -0.1847 -0.8853 -0.4267
vn -0.3429 -0.8357 -0.4289
vn -0.2542 -0.8595 -0.4434
vn -0.2569 -0.5873 -0.7675
vn -0.0834 0.3942 -0.9152
vn -0.2535 0.3901 -0.8852
vn -0.3501 0.3495 -0.8691
vn -0.4063 0.2956 -0.8646
vn -0.3773 0.1556 -0.9129
vn -0.1593 -0.7878 -0.5950
vn -0.3418 -0.1481 -0.9280
vn -0.2897 -0.4314 -0.8544
vn -0.5016 0.1829 -0.8456
vn -0.5135 0.2186 -0.8298
vn 0.0339 -0.7351 -0.6771
vn 0.1728 -0.7787 -0.6031
vn 0.1558 -0.8228 -0.5466
vn 0.0978 -0.8484 -0.5203
vn -0.2056 -0.6644 -0.7185
vn -0.4539 0.2322 -0.8603
vn -0.4364 0.2383 -0.8676
vn -0.4462 0.1891 -0.8747
vn -0.4227 0.1510 -0.8936
vn -0.3583 0.1166 -0.9263
vn -0.4576 0.1367 -0.8786
vn -0.3434 0.0873 -0.9351
vn -0.3229 -0.3448 -0.8814
vn -0.6992 -0.0814 -0.7103
vn -0.1320 -0.7016 -0.7003
vn -0.4964 -0.5533 -0.6689
vn 0.2689 0.0891 -0.9590
vn -0.4576 0.3545 -0.8155
vn -0.6795 0.4471 -0.5817
vn -0.7417 0.4653 -0.4830
vn -0.8151 0.0888 -0.5724
vn -0.7230 -0.3414 -0.6007
vn -0.5334 -0.6411 -0.5518
vn -0.3010 -0.7607 -0.5751
vn -0.0352 -0.8105 -0.5846
vn 0.2367 -0.7802 -0.5790
vn 0.2377 -0.7067 -0.6664
vn 0.2514 -0.4972 -0.8304
vn 0.7847 0.0060 -0.6198
vn 0.6252 0.0777 -0.7766
vn 0.8458 0.0473 -0.5313
vn 0.8650 -0.0777 -0.4956
vn 0.8325 -0.2244 -0.5066
vn 0.7801 -0.2963 -0.5511
vn 0.7252 -0.2584 -0.6382
vn 0.2124 0.2300 -0.9497
vn 0.2908 -0.3484 -0.8911
vn -0.4124 0.1601 -0.8968
vn -0.3612 0.0789 -0.9291
vn -0.2394 0.0719 -0.9683
vn 0.2470 0.8446 -0.4750
vn 0.3882 0.7192 -0.5762
vn 0.5140 0.7133 -0.4764
vn 0.6164 0.5455 -0.5679
vn -0.0292 0.9297 -0.3673
vn -0.0043 0.9028 -0.4300
vn 0.1120 0.8328 -0.5421
vn 0.2645 0.4401 -0.8581
vn 0.5726 0.4034 -0.7137
vn 0.7207 0.2712 -0.6380
vn 0.8214 0.0979 -0.5619
vn 0.7871 0.3694 -0.4941
vn 0.7256 0.5373 -0.4298
vn 0.6460 0.6526 -0.3960
vn 0.4367 0.8054 -0.4008
vn 0.1835 0.9017 -0.3915
vn 0.1366 0.8376 -0.5290
vn 0.1384 0.9077 -0.3961
vn 0.1569 0.6667 -0.7286
vn 0.5835 0.2840 -0.7608
vn 0.3902 0.6744 -0.6268
vn 0.1485 0.8715 -0.4674
vn 0.0067 0.9283 -0.3717
vn 0.1602 0.9193 -0.3595
vn 0.3725 0.8488 -0.3752
vn 0.4971 0.7934 -0.3511
vn 0.3168 0.9001 -0.2990
vn 0.6516 0.6908 -0.3134
vn 0.4474 0.8320 -0.3280
vn 0.4292 0.5858 -0.6875
vn 0.3494 0.7416 -0.5727
vn 0.2409 0.8463 -0.4751
vn 0.0968 0.9050 -0.4142
vn 0.0673 0.9580 -0.2788
vn 0.0544 0.9335 -0.3543
vn 0.0532 0.6173 -0.7849
vn 0.7110 0.4632 -0.5290
vn 0.8534 0.3648 -0.3724
vn 0.8849 0.3217 -0.3370
vn 0.7417 0.5706 -0.3525
vn 0.5987 0.6623 -0.4505
vn -0.2703 -0.5439 -0.7944
vn -0.2160 -0.5847 -0.7820
vn -0.2444 -0.3966 -0.8849
vn -0.1974 -0.2110 -0.9573
vn -0.2396 -0.5206 -0.8195
vn -0.2161 -0.5361 -0.8161
vn -0.1994 -0.5514 -0.8101
vn -0.1727 -0.5781 -0.7975
vn -0.1114 -0.5885 -0.8007
vn -0.0753 0.0051 -0.9971
vn 0.0845 0.6084 -0.7891
vn 0.0885 0.4750 -0.8755
vn 0.0374 0.3081 -0.9506
vn -0.1110 0.1222 -0.9863
vn -0.2835 -0.4742 -0.8335
vn -0.2908 -0.5109 -0.8090
vn -0.3207 -0.4811 -0.8159
vn -0.3621 -0.4539 -0.8142
vn -0.2766 -0.4852 -0.8295
vn -0.2571 -0.5042 -0.8244
vn -0.2964 -0.4958 -0.8163
vn -0.3554 -0.4678 -0.8092
vn -0.1794 -0.1125 -0.9773
vn -0.2501 -0.3486 -0.9033
vn -0.4122 -0.3917 -0.8226
vn 0.7707 -0.5218 -0.3658
vn 0.4579 -0.7893 -0.4090
vn 0.6285 -0.7026 -0.3336
vn 0.3406 -0.8776 -0.3375
vn 0.9400 -0.0143 -0.3410
vn 0.9057 -0.1142 -0.4082
vn 0.7326 -0.3214 -0.6000
vn -0.0682 -0.6372 -0.7677
vn -0.0693 -0.9141 -0.3995
vn -0.0063 -0.9388 -0.3445
vn -0.0647 -0.7654 -0.6403
vn 0.3230 -0.7876 -0.5248
vn 0.6046 -0.6769 -0.4199
vn 0.7526 -0.5386 -0.3788
vn 0.8025 -0.4921 -0.3373
vn 0.8910 -0.3045 -0.3367
vn 0.3086 -0.0375 -0.9504
vn 0.4601 -0.1621 -0.8729
vn 0.5555 -0.0233 -0.8312
vn 0.0451 0.3724 -0.9270
vn -0.4307 0.8462 -0.3139
vn -0.5668 0.7238 -0.3934
vn -0.7032 0.6379 -0.3140
vn -0.7978 0.4736 -0.3731
vn -0.0599 0.9168 -0.3949
vn -0.2056 0.8849 -0.4179
vn -0.3208 0.8146 -0.4833
vn -0.3999 0.7005 -0.5911
vn -0.6396 0.5637 -0.5226
vn -0.8063 0.3145 -0.5010
vn -0.8543 0.0528 -0.5171
vn -0.9204 0.1019 -0.3775
vn -0.9213 0.1807 -0.3443
vn -0.8014 0.3450 -0.4886
vn -0.4381 0.8357 -0.3311
vn -0.2091 0.9364 -0.2817
vn -0.7232 -0.5937 -0.3527
vn -0.7777 -0.4425 -0.4465
vn -0.5381 -0.7336 -0.4150
vn -0.6124 -0.5639 -0.5541
vn -0.7755 -0.4462 -0.4467
vn -0.8912 -0.2954 -0.3442
vn -0.8926 -0.2164 -0.3955
vn -0.8034 -0.1542 -0.5751
vn -0.6815 -0.3189 -0.6587
vn -0.5429 -0.3924 -0.7425
vn -0.4242 -0.4074 -0.8088
vn -0.4199 -0.5640 -0.7110
vn -0.4550 -0.6627 -0.5948
vn -0.4297 -0.6915 -0.5806
vn -0.3321 -0.8719 -0.3598
vn -0.5177 -0.7806 -0.3502
vn -0.0531 -0.2857 -0.9568
vn 0.0116 -0.0473 -0.9988
vn 0.0791 0.2927 -0.9529
vn 0.0839 0.3853 -0.9190
vn -0.1143 -0.6176 -0.7781
vn -0.0442 -0.6430 -0.7646
vn 0.0768 -0.6267 -0.7754
vn -0.0343 -0.3802 -0.9243
vn 0.0573 0.1484 -0.9873
vn 0.0592 0.4441 -0.8940
vn -0.1378 0.6607 -0.7379
vn -0.0819 0.7204 -0.6887
vn -0.0100 0.7310 -0.6823
vn 0.0509 0.6941 -0.7180
vn 0.0219 0.1716 -0.9849
vn -0.0609 -0.4938 -0.8674
vn -0.3512 0.8440 -0.4054
vn -0.2964 0.8737 -0.3857
vn -0.4492 0.8097 -0.3775
vn -0.4201 0.7735 -0.4745
vn 0.0976 0.6260 -0.7737
vn -0.1532 0.8669 -0.4744
vn -0.1955 0.9022 -0.3846
vn -0.1442 0.9116 -0.3850
vn -0.2070 0.8335 -0.5123
vn -0.3401 0.6025 -0.7220
vn -0.5086 0.2140 -0.8340
vn -0.5901 0.5355 -0.6042
vn -0.5054 0.7628 -0.4034
vn -0.6132 0.6776 -0.4059
vn -0.5506 0.7086 -0.4413
vn -0.3991 0.7370 -0.5455
vn -0.8662 -0.4996 0.0015
vn -0.2427 -0.9701 0.0028
vn -0.8443 -0.0272 -0.5352
vn 0.9721 0.2345 -0.0042
vn -0.7557 0.4725 -0.4535
vn -0.8999 -0.4362 0.0021
vn -0.6728 0.4970 -0.5481
vn -0.4234 0.5534 -0.7173
vn -0.5790 0.4223 -0.6974
vn -0.2370 -0.9715 0.0005
vn 0.0802 0.9968 -0.0008
vn 0.0753 0.9972 0.0012
vn -0.7613 -0.3755 -0.5286
vn -0.6877 -0.5025 -0.5240
vn -0.8218 -0.1582 -0.5474
vn -0.8400 0.1822 -0.5111
vn -0.4028 -0.7676 -0.4985
vn -0.4395 -0.6790 -0.5881
vn -0.2406 -0.7007 -0.6717
vn -0.2451 -0.6707 -0.7000
vn -0.4862 -0.7525 -0.4442
vn -0.5837 -0.6504 -0.4862
vn 0.9562 0.2928 0.0052
vn 0.9312 0.3644 -0.0065
vn -0.4154 -0.5283 -0.7405
vn -0.2227 -0.5882 -0.7774
vn -0.0489 -0.4066 -0.9123
vn 0.0113 -0.1840 -0.9829
vn 0.1155 0.1186 -0.9862
vn 0.0741 0.3101 -0.9478
vn -0.2344 -0.6830 -0.6918
vn -0.3335 -0.8260 -0.4544
vn -0.5984 0.5862 -0.5461
vn -0.6813 0.0800 -0.7276
vn -0.4274 0.5662 -0.7048
vn -0.4058 -0.0693 -0.9113
vn -0.6361 0.6531 -0.4109
vn -0.5873 0.6657 -0.4603
vn -0.7028 0.2696 -0.6583
vn -0.6385 -0.0594 -0.7673
vn -0.5601 -0.2916 -0.7754
vn -0.3279 -0.4303 -0.8410
vn -0.2753 -0.3490 -0.8958
vn -0.0144 -0.0013 -0.9999
vn 0.0727 0.5390 -0.8391
vn -0.1685 0.6209 -0.7655
vn -0.5245 0.6341 -0.5681
vn -0.6217 0.6362 -0.4569
vn 0.7784 0.3729 -0.5049
vn 0.8308 0.2718 -0.4857
vn 0.2354 0.4873 -0.8409
vn 0.3276 0.4774 -0.8154
vn 0.7490 0.5129 -0.4194
vn 0.8191 0.4001 -0.4111
vn 0.8697 0.2487 -0.4263
vn 0.8796 0.0066 -0.4757
vn 0.8562 0.1552 -0.4927
vn 0.3312 0.4587 -0.8246
vn -0.6170 0.3326 -0.7132
vn -0.6569 0.2438 -0.7135
vn 0.0551 0.4570 -0.8877
vn 0.6967 0.4546 -0.5549
vn 0.3328 0.5548 -0.7625
vn 0.5813 0.3055 -0.7541
vn 0.3450 0.2011 -0.9168
vn 0.6583 -0.0626 -0.7501
vn 0.0366 0.8755 -0.4818
vn 0.3205 0.7182 -0.6176
vn 0.5259 0.4943 -0.6922
vn 0.5938 0.1654 -0.7874
vn 0.7324 0.0082 -0.6808
vn 0.7717 -0.1923 -0.6062
vn 0.7620 -0.3946 -0.5135
vn 0.6337 -0.4110 -0.6554
vn 0.3182 -0.3792 -0.8689
vn -0.2470 -0.1232 -0.9612
vn -0.0704 0.4523 -0.8891
vn 0.0495 0.7191 -0.6931
vn 0.1635 0.8870 0.4319
vn 0.2095 0.8855 0.4147
vn 0.3080 0.6671 0.6783
vn 0.2284 0.7572 0.6119
vn -0.1228 0.8870 0.4451
vn 0.1233 0.9009 0.4161
vn 0.2804 0.8654 0.4153
vn 0.4106 0.8006 0.4364
vn 0.2618 0.8667 0.4245
vn 0.1792 0.8012 0.5710
vn 0.1423 0.3495 0.9261
vn 0.2778 0.1278 0.9521
vn 0.4083 -0.0467 0.9117
vn 0.5049 -0.1358 0.8524
vn 0.4026 0.5261 0.7491
vn 0.1218 0.8705 0.4768
vn 0.2037 0.6562 0.7265
vn 0.1422 0.7617 0.6321
vn 0.5409 0.0835 0.8369
vn 0.5100 0.2009 0.8364
vn -0.2027 0.7783 0.5942
vn -0.2441 0.8102 0.5329
vn -0.1998 0.8490 0.4891
vn -0.1051 0.8760 0.4707
vn 0.1077 0.8311 0.5455
vn 0.4674 0.3580 0.8083
vn 0.5494 -0.1698 0.8181
vn 0.5613 -0.1811 0.8075
vn 0.5553 -0.1786 0.8122
vn 0.5245 -0.1630 0.8356
vn 0.5558 0.0181 0.8311
vn 0.2575 0.4795 0.8389
vn 0.4575 -0.3735 0.8070
vn 0.6547 -0.3801 0.6534
vn 0.4224 0.3054 0.8534
vn 0.6810 0.1829 0.7091
vn 0.0088 -0.6897 0.7240
vn 0.3800 -0.6919 0.6139
vn 0.5348 -0.6583 0.5297
vn -0.9827 -0.1853 0.0015
vn 0.7302 -0.3682 0.5755
vn 0.7818 0.0880 0.6172
vn 0.6304 0.5588 0.5388
vn 0.4704 0.6875 0.5532
vn 0.2290 0.7795 0.5830
vn -0.0937 0.7866 0.6103
vn -0.0484 0.3929 0.9183
vn 0.0060 -0.2865 0.9581
vn -0.8206 -0.1079 0.5612
vn -0.7643 -0.0120 0.6447
vn -0.8245 -0.2059 0.5271
vn -0.8530 -0.2151 0.4755
vn -0.8707 -0.0197 0.4914
vn -0.8275 0.2022 0.5238
vn -0.7347 0.3546 0.5783
vn -0.5737 0.0653 0.8164
vn -0.4091 0.5593 0.7210
vn 0.2657 0.1784 0.9474
vn 0.5061 -0.0093 0.8624
vn 0.4427 -0.1312 0.8870
vn -0.2182 -0.8735 0.4351
vn -0.2606 -0.8533 0.4516
vn -0.4042 -0.8026 0.4386
vn -0.4574 -0.7676 0.4489
vn -0.0350 -0.8780 0.4774
vn -0.0483 -0.8977 0.4379
vn -0.0730 -0.8900 0.4501
vn -0.0876 -0.8038 0.5884
vn -0.3385 -0.7730 0.5365
vn -0.5334 -0.6757 0.5088
vn -0.7102 -0.5103 0.4849
vn -0.6358 -0.6308 0.4448
vn -0.5771 -0.6804 0.4516
vn -0.5227 -0.6924 0.4974
vn -0.3667 -0.8009 0.4734
vn -0.1945 -0.8611 0.4698
vn -0.0058 -0.6524 0.7579
vn -0.1123 -0.7528 0.6486
vn 0.1440 -0.4272 0.8926
vn -0.0872 -0.1232 0.9885
vn -0.0138 -0.5903 0.8071
vn 0.0260 -0.7535 0.6569
vn -0.0078 -0.8380 0.5457
vn -0.1691 -0.8204 0.5462
vn -0.3305 -0.7640 0.5542
vn -0.3132 -0.3021 0.9004
vn -0.2402 -0.3683 0.8981
vn -0.3718 -0.2742 0.8869
vn -0.2657 -0.3324 0.9049
vn -0.2426 -0.2093 0.9473
vn -0.2379 -0.2965 0.9249
vn -0.1935 -0.3636 0.9112
vn -0.1207 -0.4051 0.9063
vn -0.1139 -0.4105 0.9047
vn -0.0813 -0.3505 0.9330
vn -0.0411 -0.1430 0.9889
vn -0.2715 -0.1583 0.9493
vn -0.4148 -0.1508 0.8973
vn -0.4551 -0.1242 0.8817
vn -0.3976 -0.2050 0.8944
vn -0.3329 -0.2346 0.9133
vn 0.1932 0.4185 0.8874
vn 0.1605 0.4274 0.8897
vn 0.1390 0.3427 0.9291
vn 0.0800 0.2281 0.9704
vn 0.1899 0.4054 0.8942
vn 0.1733 0.4215 0.8901
vn 0.1513 0.4347 0.8878
vn 0.1250 0.4438 0.8873
vn 0.1037 0.4272 0.8982
vn 0.0454 0.0449 0.9980
vn -0.0846 -0.3256 0.9417
vn -0.0969 -0.2373 0.9666
vn -0.0537 -0.1071 0.9928
vn 0.0823 0.0534 0.9952
vn 0.2295 0.3722 0.8993
vn 0.2188 0.4074 0.8867
vn 0.2430 0.3832 0.8911
vn 0.2812 0.3635 0.8882
vn 0.2047 0.3698 0.9063
vn 0.2012 0.3876 0.8996
vn 0.2361 0.3954 0.8877
vn 0.2692 0.3698 0.8893
vn 0.1097 0.2066 0.9723
vn 0.2656 0.3047 0.9146
vn 0.3242 0.3187 0.8907
vn -0.3860 0.2180 0.8964
vn -0.2313 0.3004 0.9254
vn -0.3410 0.3009 0.8906
vn -0.2151 0.3715 0.9032
vn -0.4793 0.0031 0.8776
vn -0.4168 0.0440 0.9079
vn -0.2555 0.0963 0.9620
vn -0.0194 0.1369 0.9904
vn -0.0325 0.3398 0.9399
vn -0.0637 0.3957 0.9162
vn -0.0438 0.2859 0.9573
vn -0.1975 0.2686 0.9428
vn -0.3018 0.2762 0.9125
vn -0.3656 0.2308 0.9017
vn -0.4133 0.2018 0.8880
vn -0.4604 0.1287 0.8783
vn 0.0515 0.0018 0.9987
vn -0.0851 0.0348 0.9958
vn -0.1230 0.0433 0.9915
vn 0.2986 -0.1537 0.9419
vn 0.1502 -0.3516 0.9240
vn 0.2499 -0.3013 0.9202
vn 0.2400 -0.2472 0.9388
vn 0.3084 -0.1828 0.9335
vn -0.0303 -0.4202 0.9069
vn 0.0755 -0.4113 0.9084
vn 0.1784 -0.3826 0.9065
vn 0.2660 -0.3407 0.9018
vn 0.3394 -0.2569 0.9049
vn 0.3913 -0.1475 0.9084
vn 0.4171 -0.0310 0.9083
vn 0.3440 -0.0431 0.9380
vn 0.2993 -0.0728 0.9514
vn 0.1839 -0.1087 0.9769
vn 0.1164 -0.3175 0.9411
vn 0.0290 -0.4000 0.9161
vn 0.2413 0.2592 0.9352
vn 0.3364 0.2145 0.9170
vn 0.1948 0.3514 0.9157
vn 0.2952 0.3007 0.9069
vn 0.1926 0.1422 0.9709
vn 0.2899 0.1165 0.9499
vn 0.3529 0.0941 0.9309
vn 0.4160 0.0782 0.9060
vn 0.3882 0.1682 0.9061
vn 0.3319 0.2255 0.9160
vn 0.2388 0.2248 0.9447
vn 0.2294 0.3284 0.9162
vn 0.1483 0.3933 0.9074
vn 0.1152 0.3668 0.9231
vn 0.0728 0.3829 0.9209
vn 0.1369 0.3138 0.9396
vn 0.0216 0.2761 0.9609
vn 0.0575 0.0937 0.9939
vn 0.0161 -0.2201 0.9753
vn 0.0509 -0.2803 0.9586
vn 0.0964 0.4485 0.8886
vn 0.0669 0.4487 0.8912
vn 0.0133 0.4441 0.8959
vn -0.0175 0.3705 0.9287
vn 0.0678 -0.0687 0.9953
vn 0.1020 -0.3083 0.9458
vn 0.1807 -0.3728 0.9101
vn 0.1049 -0.3966 0.9120
vn 0.0263 -0.3997 0.9163
vn -0.0403 -0.3774 0.9252
vn 0.0095 -0.1160 0.9932
vn 0.0291 0.3905 0.9202
vn 0.2554 -0.8598 0.4421
vn 0.2380 -0.8584 0.4545
vn 0.3820 -0.8123 0.4407
vn 0.3280 -0.7917 0.5155
vn 0.0318 -0.8270 0.5613
vn 0.1000 -0.8893 0.4461
vn 0.1021 -0.8892 0.4459
vn 0.1086 -0.8647 0.4904
vn 0.2185 -0.7959 0.5647
vn 0.2750 -0.5874 0.7611
vn 0.2971 -0.1808 0.9376
vn 0.4100 -0.6228 0.6664
vn 0.4230 -0.7750 0.4695
vn 0.5093 -0.7272 0.4602
vn 0.4450 -0.7682 0.4604
vn 0.3003 -0.8198 0.4876
vn 0.7033 -0.4222 0.5719
vn 0.6286 -0.4452 0.6377
vn 0.7689 -0.0949 0.6323
vn -0.1072 -0.9942 0.0004
vn 0.6245 -0.5995 0.5006
vn 0.6059 -0.5764 0.5483
vn 0.4977 -0.5588 0.6633
vn 0.1547 -0.5143 0.8435
vn 0.3855 -0.4651 0.7969
vn 0.5412 -0.3481 0.7654
vn 0.5935 -0.1246 0.7952
vn 0.6768 0.1206 0.7262
vn 0.7082 0.3118 0.6334
vn 0.7032 0.4369 0.5610
vn 0.7993 0.0120 0.6009
vn 0.7374 -0.3829 0.5564
vn 0.3293 0.7766 0.5370
vn 0.3190 0.6910 0.6487
vn 0.1450 0.7939 0.5906
vn 0.1303 0.7514 0.6469
vn 0.4993 0.7181 0.4848
vn 0.5321 0.6227 0.5737
vn 0.5211 0.4827 0.7039
vn 0.4953 0.2490 0.8323
vn 0.3008 0.5454 0.7823
vn 0.1255 0.6768 0.7254
vn -0.0005 0.6899 0.7239
vn -0.0298 0.6755 0.7368
vn -0.0260 0.6254 0.7799
vn 0.0284 0.5254 0.8504
vn 0.1571 0.8105 0.5643
vn 0.3085 0.8307 0.4634
vn 0.3358 -0.6393 0.6918
vn 0.2374 -0.1232 0.9636
vn 0.0475 -0.5097 0.8591
vn -0.0021 -0.0574 0.9983
vn 0.5223 -0.6963 0.4924
vn 0.4166 -0.7239 0.5499
vn 0.4274 -0.3651 0.8271
vn 0.2761 0.1243 0.9530
vn 0.1355 0.2761 0.9515
vn 0.1314 0.2472 0.9600
vn 0.0890 0.1076 0.9902
vn -0.1134 -0.1962 0.9740
vn -0.1907 -0.4008 0.8961
vn -0.0827 -0.4917 0.8668
vn 0.2994 -0.6046 0.7382
vn 0.4798 -0.6621 0.5757
vn -0.6440 -0.4204 0.6391
vn -0.7259 -0.4001 0.5594
vn -0.2436 -0.3161 0.9169
vn -0.3752 -0.3775 0.8466
vn -0.6068 -0.5496 0.5742
vn -0.6834 -0.5355 0.4962
vn -0.7494 -0.4788 0.4574
vn -0.8129 -0.3488 0.4665
vn -0.7872 -0.3255 0.5238
vn -0.4608 -0.3803 0.8019
vn 0.4408 -0.1635 0.8826
vn 0.4858 -0.0581 0.8722
vn -0.0724 -0.2093 0.9752
vn -0.5247 -0.3958 0.7537
vn -0.1036 -0.4503 0.8868
vn -0.2525 -0.2194 0.9424
vn -0.1528 -0.1894 0.9700
vn -0.2930 -0.0364 0.9554
vn 0.0886 -0.7955 0.5995
vn -0.0237 -0.6568 0.7537
vn -0.1567 -0.4119 0.8976
vn -0.1461 0.0192 0.9891
vn -0.2674 0.0777 0.9605
vn -0.3062 0.1548 0.9393
vn -0.3380 0.2252 0.9138
vn -0.2945 0.1470 0.9443
vn -0.1567 0.0378 0.9869
vn 0.0849 -0.0256 0.9961
vn 0.0695 -0.3454 0.9359
vn 0.0983 -0.6445 0.7582
vn -0.8382 -0.5454 -0.0064
vn -0.8109 -0.5852 -0.0083
vn -0.7851 -0.6193 -0.0084
vn -0.7584 -0.6517 -0.0082
vn -0.5791 -0.8152 -0.0083
vn -0.6266 -0.7793 -0.0086
vn -0.6767 -0.7362 -0.0085
vn -0.7201 -0.6939 -0.0083
vn -0.9808 0.1946 -0.0095
vn -0.9920 0.1262 -0.0082
vn -0.9987 0.0512 -0.0062
vn -0.9997 -0.0218 -0.0049
vn -0.2244 -0.9745 -0.0037
vn -0.2859 -0.9582 -0.0039
vn -0.3565 -0.9343 -0.0043
vn -0.4157 -0.9095 -0.0047
vn -0.5432 0.8396 -0.0047
vn -0.5131 0.8583 -0.0045
vn -0.4863 0.8738 -0.0044
vn -0.4582 0.8888 -0.0042
vn -0.9598 -0.2806 -0.0022
vn -0.9360 -0.3520 -0.0038
vn -0.9023 -0.4312 -0.0030
vn -0.8675 -0.4974 -0.0032
vn -0.6909 0.7229 0.0023
vn -0.1020 0.9948 0.0034
vn 0.4071 0.9134 0.0026
vn 0.7204 0.6935 0.0017
vn -0.4202 0.9074 -0.0040
vn -0.3640 0.9314 -0.0056
vn -0.1825 -0.9832 -0.0029
vn 0.8952 0.4456 0.0008
vn 0.9706 0.2407 0.0003
vn 0.9994 0.0348 -0.0000
vn 0.9646 -0.2638 -0.0000
vn -0.9964 -0.0841 -0.0043
vn -0.9911 -0.1332 -0.0021
vn -0.9840 -0.1780 0.0002
vn -0.9746 -0.2241 -0.0002
vn -0.9626 0.2708 0.0024
vn -1.0000 -0.0064 0.0028
vn -0.9778 -0.2097 0.0026
vn -0.9031 -0.4294 0.0024
vn -0.7074 -0.7068 0.0020
vn -0.3617 -0.9323 0.0016
vn 0.1402 -0.9901 0.0013
vn 0.6918 -0.7221 0.0007
vn -0.8941 0.4477 -0.0060
vn -0.9238 0.3828 -0.0079
vn -0.9481 0.3178 -0.0091
vn -0.9669 0.2550 -0.0093
vn -0.7825 0.6226 -0.0075
vn -0.8072 0.5902 -0.0065
vn -0.8334 0.5526 -0.0047
vn -0.8617 0.5073 -0.0047
vn 0.9749 -0.2227 -0.0046
vn 0.9475 -0.3198 -0.0066
vn 0.9133 -0.4071 -0.0078
vn 0.8668 -0.4986 -0.0087
vn 0.9627 0.2703 -0.0068
vn 0.9896 0.1437 -0.0063
vn 0.9999 0.0166 -0.0047
vn 0.9942 -0.1073 -0.0037
vn -0.6752 0.7376 -0.0070
vn 0.1279 0.9918 -0.0080
vn 0.7558 0.6547 -0.0087
vn 0.9120 0.4101 -0.0075
vn -0.8623 0.5063 -0.0076
vn -0.8991 0.4378 -0.0064
vn -0.8804 0.4742 -0.0065
vn 0.7952 -0.6063 -0.0097
vn 0.6931 -0.7208 -0.0109
vn 0.5832 -0.8123 -0.0098
vn -0.7462 0.6657 -0.0062
vn -0.6989 0.7152 -0.0056
vn -0.6394 0.7688 -0.0052
vn -0.5835 0.8121 -0.0049
vn -0.4532 -0.8914 -0.0050
vn -0.4821 -0.8761 -0.0055
vn -0.5100 -0.8601 -0.0062
vn -0.5410 -0.8410 -0.0073
vn 1.0000 -0.0029 0.0024
vn 1.0000 0.0037 0.0030
vn -0.0161 -0.9999 0.0033
vn 0.9980 -0.0637 -0.0049
vn 0.9995 -0.0309 0.0032
vn -0.0550 -0.9985 -0.0003
vn 0.9999 -0.0132 -0.0081
vn 0.9994 0.0335 -0.0049
vn 0.9994 0.0330 -0.0047
vn 0.9988 0.0480 0.0018
vn -0.3061 -0.9520 -0.0036
vn 0.9910 0.1339 -0.0060
vn 0.9922 0.1246 0.0001
vn 0.9966 0.0819 0.0018
vn 0.9982 0.0592 0.0014
vn -0.0044 1.0000 -0.0005
vn 0.0053 1.0000 -0.0027
vn 0.0358 0.9994 -0.0031
vn 0.0876 0.9962 -0.0023
vn 0.1622 0.9867 -0.0020
vn 0.9660 -0.2584 -0.0025
vn 0.2512 0.9679 -0.0019
vn 0.9592 -0.2826 0.0023
vn 0.9486 -0.3163 -0.0004
vn 0.9166 -0.3999 -0.0001
vn 0.8510 -0.5251 -0.0040
vn 0.5953 0.8035 -0.0007
vn 0.8577 -0.5141 -0.0008
vn 0.8003 -0.5996 -0.0034
vn 0.5932 0.8050 -0.0049
vn 0.9964 -0.0853 0.0012
vn -0.5054 0.8629 0.0031
vn 0.9973 -0.0737 0.0061
vn 0.9961 -0.0881 0.0026
vn 0.9953 -0.0969 -0.0003
vn -0.8343 0.0287 -0.5505
vn -0.7682 0.1734 -0.6162
vn -0.7555 -0.0054 -0.6551
vn -0.8111 0.2824 -0.5122
vn -0.5395 0.2541 -0.8027
vn -0.4970 0.1362 -0.8570
vn -0.6749 -0.2118 -0.7069
vn -0.5011 -0.3884 -0.7734
vn -0.3462 -0.0076 -0.9381
vn -0.9512 -0.3087 -0.0007
vn 0.0991 0.9951 -0.0000
vn 0.9416 0.3366 -0.0001
vn 0.9798 0.1998 -0.0012
vn -0.8364 -0.5482 0.0011
vn -0.0928 -0.9957 0.0004
vn -0.9739 -0.2268 -0.0009
vn -0.8118 -0.5840 0.0001
vn 0.4868 -0.5236 0.6992
vn 0.4077 -0.2392 0.8812
vn -0.8664 -0.4993 0.0008
vn 0.9850 0.1727 -0.0002
vn 0.2017 0.9794 0.0021
vn -0.1177 -0.9930 0.0013
vn -0.1349 -0.9909 0.0003
vn 0.1598 0.9871 0.0016
vn -0.0892 -0.9960 -0.0005
vn 0.9854 0.1703 0.0011
vn 0.0842 0.9964 0.0022
vn 0.9528 0.3037 -0.0002
vn -0.0986 -0.9951 0.0001
vn -0.9288 -0.3706 0.0020
vn 0.9747 0.2233 -0.0001
vn -0.4271 0.9042 -0.0000
vn 0.0625 -0.8499 0.5232
vn -0.1042 -0.1625 0.9812
vn 0.1313 -0.1735 -0.9760
vn -0.1349 0.1834 0.9737
vn 0.4321 0.3985 0.8090
vn -0.4834 0.8415 -0.2413
vn 0.6194 -0.7045 0.3465
vn -0.1913 -0.3898 0.9008
vn 0.2581 0.7886 -0.5582
vn -0.5535 0.4624 0.6927
vn -0.1328 -0.3914 0.9106
vn 0.2576 0.6117 -0.7479
vn -0.7027 0.0555 0.7093
vn -0.5000 -0.4830 0.7188
vn 0.0336 0.2842 -0.9582
vn -0.5674 0.0239 0.8231
vn -0.3311 -0.4148 0.8475
vn -0.0395 0.2471 -0.9682
vn -0.0634 0.2125 -0.9751
vn 0.9983 0.0585 0.0008
vn 0.9966 0.0820 0.0012
vn 0.9922 0.1246 0.0007
vn 0.9900 0.1411 -0.0003
vn -0.3110 -0.9504 -0.0016
vn 0.9989 0.0472 -0.0000
vn 0.9994 0.0333 -0.0021
vn 0.9994 0.0344 -0.0032
vn 0.9999 -0.0096 -0.0037
vn -0.0560 -0.9984 -0.0008
vn 0.9994 -0.0346 0.0004
vn 0.9976 -0.0693 0.0001
vn -0.0114 -0.9999 0.0035
vn 1.0000 0.0054 0.0008
vn 1.0000 -0.0067 -0.0005
vn -0.5392 -0.8422 0.0026
vn -0.5070 -0.8620 0.0024
vn -0.4782 -0.8783 0.0023
vn -0.4489 -0.8936 0.0022
vn -0.5781 0.8159 0.0079
vn -0.6337 0.7736 0.0086
vn -0.6930 0.7209 0.0092
vn -0.7425 0.6697 0.0077
vn 0.5891 -0.8080 0.0038
vn 0.6963 -0.7177 0.0048
vn 0.7945 -0.6072 0.0049
vn -0.8809 0.4732 0.0069
vn -0.8995 0.4369 0.0068
vn -0.8632 0.5048 0.0059
vn 0.9106 0.4134 0.0012
vn 0.7553 0.6554 0.0015
vn 0.1307 0.9914 0.0035
vn -0.6756 0.7372 0.0065
vn 0.9943 -0.1070 -0.0022
vn 0.9999 0.0161 -0.0016
vn 0.9895 0.1445 0.0001
vn 0.9618 0.2738 0.0009
vn 0.8642 -0.5032 0.0038
vn 0.9108 -0.4127 0.0024
vn 0.9467 -0.3223 0.0005
vn 0.9747 -0.2234 -0.0013
vn -0.8615 0.5078 -0.0038
vn -0.8334 0.5527 -0.0036
vn -0.8075 0.5899 -0.0010
vn -0.7814 0.6240 0.0035
vn -0.9666 0.2563 0.0006
vn -0.9481 0.3179 0.0005
vn -0.9241 0.3820 0.0002
vn -0.8948 0.4465 -0.0017
vn -0.9748 -0.2231 -0.0024
vn -0.9843 -0.1765 -0.0027
vn -0.9912 -0.1325 -0.0045
vn -0.9964 -0.0843 -0.0049
vn -0.1806 -0.9835 0.0025
vn -0.3601 0.9329 0.0062
vn -0.4157 0.9095 0.0062
vn -0.8666 -0.4991 -0.0009
vn -0.9014 -0.4329 -0.0031
vn -0.9364 -0.3509 -0.0048
vn -0.9602 -0.2794 -0.0035
vn -0.4536 0.8912 0.0065
vn -0.4816 0.8764 0.0067
vn -0.5082 0.8612 0.0070
vn -0.5381 0.8428 0.0074
vn -0.4111 -0.9116 0.0022
vn -0.3520 -0.9360 0.0023
vn -0.2818 -0.9595 0.0025
vn -0.2210 -0.9753 0.0028
vn -0.9997 -0.0222 -0.0044
vn -0.9986 0.0535 -0.0019
vn -0.9917 0.1287 0.0004
vn -0.9804 0.1969 0.0009
vn -0.7250 -0.6888 0.0020
vn -0.6815 -0.7318 0.0022
vn -0.6297 -0.7769 0.0025
vn -0.5797 -0.8149 0.0027
vn -0.7631 -0.6463 0.0019
vn -0.7885 -0.6150 0.0015
vn -0.8122 -0.5834 0.0006
vn -0.8368 -0.5474 0.0001
vn -0.0041 1.0000 0.0036
vn 0.0051 1.0000 -0.0040
vn 0.0354 0.9994 -0.0041
vn 0.0875 0.9962 -0.0042
vn 0.1741 0.9847 -0.0078
vn 0.9679 -0.2514 -0.0038
vn 0.2578 0.9662 -0.0057
vn 0.9601 -0.2795 -0.0001
vn 0.9479 -0.3185 -0.0003
vn 0.9163 -0.4006 0.0001
vn 0.8508 -0.5256 0.0030
vn 0.5954 0.8034 0.0024
vn 0.8575 -0.5145 -0.0051
vn 0.8011 -0.5986 0.0043
vn 0.5936 0.8047 0.0060
vn 0.9964 -0.0850 0.0036
vn -0.5081 0.8613 0.0013
vn 0.9968 -0.0795 0.0007
vn 0.9961 -0.0878 0.0025
vn 0.9955 -0.0947 0.0061
vn -0.0307 0.0095 0.9995
vn 0.0024 -0.2226 0.9749
vn 0.0083 -0.0061 -0.9999
vn 0.1202 0.2955 -0.9477
vn 0.5179 -0.2011 0.8315
vn 0.0066 -0.1824 0.9832
vn -0.0204 -0.0807 -0.9965
vn -0.4946 -0.5168 -0.6988
vn -0.1067 -0.2281 0.9678
vn 0.0248 -0.0604 -0.9979
vn 0.2698 0.4650 -0.8432
vn -0.4248 -0.2959 0.8556
vn 0.5717 -0.4016 -0.7154
vn 0.3305 0.3881 -0.8603
vn 0.5326 0.4149 0.7377
vn -0.5402 -0.8415 -0.0000
vn -0.5081 -0.8613 -0.0000
vn -0.4794 -0.8776 -0.0000
vn -0.4502 -0.8929 -0.0000
vn -0.5818 0.8134 -0.0000
vn -0.6377 0.7703 -0.0000
vn -0.6971 0.7169 -0.0000
vn -0.7446 0.6675 -0.0000
vn 0.5868 -0.8097 -0.0001
vn 0.6956 -0.7184 -0.0000
vn 0.7951 -0.6065 -0.0000
vn -0.8806 0.4739 -0.0000
vn -0.8992 0.4375 -0.0000
vn -0.8627 0.5058 -0.0000
vn 0.9108 0.4128 -0.0000
vn 0.7548 0.6560 -0.0000
vn 0.1278 0.9918 -0.0000
vn -0.6757 0.7372 -0.0000
vn -0.3306 -0.7063 0.6259
vn 0.1050 0.9945 -0.0008
vn 0.9895 0.1444 0.0002
vn 0.9620 0.2729 -0.0000
vn 0.8655 -0.5010 -0.0000
vn 0.9120 -0.4101 -0.0000
vn 0.9469 -0.3216 0.0004
vn 0.3644 0.2669 -0.8922
vn -0.1353 0.2818 -0.9499
vn -0.0409 0.3807 -0.9238
vn 0.0428 -0.4722 0.8805
vn -0.7813 0.6241 0.0006
vn -0.9667 0.2561 -0.0000
vn -0.9481 0.3179 -0.0000
vn -0.9243 0.3817 -0.0001
vn -0.0427 -0.5239 0.8507
vn -0.6048 0.5378 -0.5873
vn 0.3224 0.3725 0.8702
vn -0.1568 0.3671 -0.9169
vn -0.7103 0.3789 -0.5932
vn -0.1819 -0.9833 0.0001
vn -0.3614 0.9324 0.0005
vn -0.4187 0.9081 -0.0000
vn -0.8659 -0.5002 -0.0001
vn -0.2932 0.6391 -0.7110
vn 0.3295 0.2336 0.9148
vn 0.5528 -0.6321 0.5430
vn -0.4567 0.8896 -0.0000
vn -0.4847 0.8747 -0.0000
vn -0.5115 0.8593 -0.0000
vn -0.5415 0.8407 -0.0000
vn -0.4125 -0.9110 -0.0000
vn -0.3534 -0.9355 -0.0000
vn -0.2832 -0.9591 -0.0000
vn -0.2221 -0.9750 -0.0000
vn 0.3520 -0.0308 0.9355
vn 0.6832 -0.4930 0.5387
vn -0.9916 0.1291 0.0001
vn -0.9805 0.1964 -0.0000
vn -0.7243 -0.6895 -0.0000
vn -0.6807 -0.7325 -0.0000
vn -0.6294 -0.7770 -0.0000
vn -0.5801 -0.8145 -0.0000
vn -0.7623 -0.6472 -0.0000
vn -0.7879 -0.6158 -0.0000
vn -0.8119 -0.5838 -0.0000
vn -0.8368 -0.5475 -0.0000
vn -0.9743 -0.2252 0.0006
vn -0.9840 -0.1781 0.0003
vn -0.9911 -0.1334 0.0007
vn -0.9965 -0.0831 0.0011
vn -0.9024 -0.4310 0.0024
vn -0.9340 -0.3572 0.0019
vn -0.9588 -0.2840 0.0013
vn -0.9998 -0.0203 0.0015
vn -0.9987 0.0501 0.0014
vn -0.1533 0.0482 -0.9870
vn 0.1877 -0.9822 0.0006
vn 0.3705 0.2947 0.8809
vn -0.4632 0.6380 -0.6152
vn -0.1923 -0.2366 -0.9524
vn -0.2489 -0.2955 -0.9223
vn 0.4337 -0.6154 0.6581
vn -0.1835 0.9830 0.0010
vn 0.7782 -0.2834 0.5605
vn -0.2962 -0.2402 -0.9244
vn 0.3628 -0.3512 0.8631
vn 0.9942 -0.1075 0.0013
vn 0.9998 0.0200 0.0011
vn 0.9739 -0.2269 0.0007
vn -0.1058 -0.9944 -0.0016
vn 0.3580 -0.1401 -0.9231
vn -0.4768 0.3249 0.8168
vn 0.3737 0.0728 -0.9247
vn -0.4674 -0.3676 0.8040
vn -0.8627 0.5057 0.0016
vn -0.8345 0.5510 0.0014
vn -0.8093 0.5875 0.0005
vn -0.8937 0.4487 0.0013
vn -0.0758 -0.4841 0.8717
vn -0.5239 -0.8518 -0.0022
vn 0.0295 0.3936 -0.9188
vn -0.0718 -0.3580 0.9309
vn 0.5257 0.8507 0.0009
vn 0.0521 0.2923 -0.9549
vn 0.9955 -0.0944 0.0002
vn 0.9960 -0.0897 -0.0009
vn 0.9993 0.0365 -0.0129
vn 0.0995 0.9950 -0.0028
vn 0.9994 -0.0256 0.0224
vn 0.7599 0.6500 0.0035
vn 0.8029 -0.5961 -0.0050
vn 0.8605 -0.5094 -0.0087
vn 0.5962 0.8028 -0.0082
vn 0.8491 -0.5279 0.0159
vn 0.9164 -0.4002 -0.0006
vn 0.9480 -0.3182 0.0001
vn 0.9649 -0.2614 -0.0263
vn 0.2667 0.9638 0.0010
vn 0.9613 -0.2755 0.0096
vn 0.1773 0.9840 0.0155
vn 0.0836 0.9965 0.0003
vn 0.0332 0.9994 -0.0005
vn 0.0050 1.0000 -0.0013
vn -0.0093 0.9996 -0.0261
vn 0.9995 0.0302 0.0003
vn 0.9966 0.0821 0.0001
vn 0.9922 0.1249 0.0002
vn 0.9967 0.0808 0.0038
vn -0.0646 -0.9975 0.0300
vn 0.9963 0.0751 -0.0420
vn 0.9995 0.0324 -0.0003
vn 0.9995 0.0329 -0.0001
vn 0.9990 -0.0361 0.0270
vn -0.0550 -0.9985 0.0057
vn 0.9993 -0.0185 -0.0327
vn 0.9976 -0.0694 -0.0038
vn -0.0147 -0.9999 -0.0067
vn 0.9999 0.0065 0.0095
vn 0.9995 -0.0221 0.0239
vn -0.5642 0.7958 -0.2199
vn 0.0279 -0.0645 0.9975
vn -0.2341 -0.6524 0.7208
vn 0.6906 -0.3605 -0.6270
vn -0.2000 -0.4409 0.8750
vn 0.8098 -0.0869 -0.5802
vn -0.0090 -0.0431 0.9990
vn 0.7128 -0.0396 -0.7003
vn 0.0762 -0.3843 0.9200
vn 0.0639 -0.0109 -0.9979
vn 0.0161 0.0214 0.9996
vn 0.8089 -0.5880 -0.0027
vn -0.5471 0.4277 -0.7195
vn 0.0150 0.1468 0.9891
vn -0.0969 0.1116 -0.9890
vn 0.0648 0.9979 0.0011
vn 0.0332 -0.0876 0.9956
vn -0.0053 0.0636 -0.9980
vn 0.9317 -0.3631 0.0003
vn -0.5916 0.3452 0.7285
vn -0.0272 0.2178 -0.9756
vn 0.6591 -0.3476 0.6669
vn -0.0873 -0.0782 -0.9931
vn -0.5078 0.4452 0.7375
vn 0.1180 0.0537 -0.9916
vn 0.0384 0.4358 0.8992
vn 0.3828 0.3735 -0.8449
vn 0.0393 0.4177 0.9077
vn -0.0107 0.2621 -0.9650
vn -0.0253 -0.4911 -0.8707
vn 0.1837 -0.1492 0.9716
vn -0.0037 0.1940 -0.9810
vn -0.0438 -0.4975 -0.8663
vn 0.0053 -0.0609 0.9981
vn 0.1101 0.3141 -0.9430
vn 0.5907 -0.4717 -0.6547
vn 0.0146 -0.0950 0.9954
vn 0.5281 0.4805 -0.7002
vn -0.6671 0.3708 -0.6461
vn -0.0551 -0.2570 0.9648
vn -0.6288 0.7776 -0.0004
vn -0.1398 0.1465 -0.9793
vn -0.3632 0.6348 -0.6820
vn -0.3170 0.6443 -0.6960
vn 0.4605 0.5545 -0.6932
vn -0.1849 -0.9728 -0.1392
vn -0.1684 -0.1553 -0.9734
vn -0.6021 -0.3433 -0.7208
vn -0.6224 0.7827 0.0006
vn -0.2766 -0.9610 -0.0012
vt 0.590822 0.945605
vt 0.591229 0.952891
vt 0.602063 0.953402
vt 0.601935 0.946030
vt 0.591390 0.960468
vt 0.602120 0.961106
vt 0.613411 0.953856
vt 0.613395 0.946106
vt 0.613418 0.961839
vt 0.578485 0.937500
vt 0.580638 0.945041
vt 0.590306 0.938975
vt 0.581308 0.952405
vt 0.581532 0.959924
vt 0.581564 0.967634
vt 0.591413 0.968219
vt 0.602127 0.968923
vt 0.613419 0.969784
vt 0.625000 0.971035
vt 0.625000 0.962651
vt 0.625000 0.954267
vt 0.625000 0.945884
vt 0.613379 0.939112
vt 0.625000 0.937500
vt 0.601807 0.939367
vt 0.590131 0.923088
vt 0.590114 0.928396
vt 0.601743 0.928339
vt 0.601751 0.922718
vt 0.590131 0.933457
vt 0.601751 0.933641
vt 0.613371 0.928396
vt 0.613372 0.923088
vt 0.613372 0.933471
vt 0.578485 0.919544
vt 0.578485 0.924033
vt 0.590306 0.916492
vt 0.578485 0.928522
vt 0.578485 0.933011
vt 0.625000 0.933011
vt 0.625000 0.928522
vt 0.625000 0.924033
vt 0.613379 0.916497
vt 0.625000 0.919544
vt 0.601807 0.915851
vt 0.557303 0.944234
vt 0.557041 0.951130
vt 0.564648 0.951631
vt 0.564590 0.944512
vt 0.556677 0.958324
vt 0.564597 0.958962
vt 0.572573 0.952014
vt 0.572158 0.944728
vt 0.572721 0.959455
vt 0.550445 0.937500
vt 0.550207 0.943809
vt 0.557455 0.937500
vt 0.549434 0.950402
vt 0.548497 0.957425
vt 0.547655 0.964992
vt 0.556326 0.965926
vt 0.564501 0.966599
vt 0.572731 0.967129
vt 0.571475 0.937500
vt 0.564465 0.937500
vt 0.557918 0.897260
vt 0.557784 0.908382
vt 0.564723 0.908408
vt 0.564840 0.897272
vt 0.572153 0.908383
vt 0.572420 0.897260
vt 0.551641 0.897174
vt 0.551411 0.908116
vt 0.550445 0.919544
vt 0.557455 0.919544
vt 0.564465 0.919544
vt 0.571475 0.919544
vt 0.580606 0.908131
vt 0.581051 0.897180
vt 0.590798 0.907423
vt 0.601927 0.907069
vt 0.613394 0.907447
vt 0.625000 0.908408
vt 0.534517 0.931462
vt 0.540105 0.932158
vt 0.540545 0.927348
vt 0.535123 0.926794
vt 0.545355 0.932661
vt 0.545589 0.927926
vt 0.540530 0.921935
vt 0.535107 0.921409
vt 0.545586 0.922802
vt 0.526501 0.934732
vt 0.532844 0.935963
vt 0.528424 0.930591
vt 0.538865 0.936934
vt 0.544670 0.937563
vt 0.550445 0.933011
vt 0.550445 0.928522
vt 0.550445 0.924033
vt 0.545588 0.916317
vt 0.540409 0.915217
vt 0.534917 0.914741
vt 0.529135 0.921030
vt 0.528926 0.914516
vt 0.529134 0.926206
vt 0.509160 0.922621
vt 0.508028 0.926391
vt 0.514822 0.928187
vt 0.515683 0.924381
vt 0.521754 0.929539
vt 0.522513 0.925480
vt 0.503348 0.919839
vt 0.501708 0.923994
vt 0.500000 0.928185
vt 0.506250 0.929772
vt 0.512967 0.931624
vt 0.519806 0.933287
vt 0.522574 0.920574
vt 0.437291 0.947219
vt 0.436906 0.955239
vt 0.446780 0.955485
vt 0.446951 0.948030
vt 0.436763 0.963084
vt 0.446733 0.962950
vt 0.455974 0.955456
vt 0.456127 0.948681
vt 0.456001 0.962487
vt 0.428644 0.937500
vt 0.426693 0.946693
vt 0.437921 0.939041
vt 0.426110 0.955019
vt 0.425916 0.963105
vt 0.425888 0.970936
vt 0.436746 0.970748
vt 0.446755 0.970406
vt 0.456102 0.969736
vt 0.464970 0.968565
vt 0.464713 0.961480
vt 0.464515 0.954839
vt 0.464595 0.948707
vt 0.456474 0.942124
vt 0.465750 0.943665
vt 0.447198 0.940583
vt 0.388321 0.946959
vt 0.388355 0.955282
vt 0.401506 0.955180
vt 0.401544 0.947139
vt 0.388366 0.963769
vt 0.401481 0.963409
vt 0.414215 0.955039
vt 0.414514 0.946912
vt 0.414089 0.963195
vt 0.375000 0.937500
vt 0.375000 0.946422
vt 0.388235 0.939484
vt 0.375000 0.955344
vt 0.375000 0.964266
vt 0.375000 0.973187
vt 0.388368 0.971950
vt 0.401478 0.971427
vt 0.414071 0.971128
vt 0.414745 0.939473
vt 0.401471 0.939886
vt 0.387842 0.928432
vt 0.388075 0.933600
vt 0.401177 0.933828
vt 0.400707 0.928390
vt 0.414340 0.933598
vt 0.413609 0.928432
vt 0.375000 0.928522
vt 0.375000 0.933011
vt 0.427588 0.933011
vt 0.426532 0.928522
vt 0.412770 0.923093
vt 0.425476 0.924033
vt 0.471918 0.947586
vt 0.472424 0.953407
vt 0.479914 0.951298
vt 0.478622 0.945793
vt 0.473038 0.959765
vt 0.481260 0.957394
vt 0.487157 0.948701
vt 0.485032 0.943693
vt 0.489625 0.954434
vt 0.471572 0.942124
vt 0.473587 0.966764
vt 0.482348 0.964387
vt 0.491789 0.961504
vt 0.503786 0.957785
vt 0.497899 0.950719
vt 0.493961 0.945651
vt 0.490886 0.941308
vt 0.483214 0.939041
vt 0.489035 0.937500
vt 0.477393 0.940583
vt 0.485998 0.912813
vt 0.481267 0.921704
vt 0.487511 0.923865
vt 0.490871 0.917015
vt 0.493756 0.926025
vt 0.496040 0.920812
vt 0.498511 0.915744
vt 0.436770 0.978230
vt 0.436916 0.985567
vt 0.446856 0.985237
vt 0.446786 0.977834
vt 0.437299 0.992807
vt 0.447003 0.992622
vt 0.456250 0.984699
vt 0.456180 0.977154
vt 0.456345 0.992328
vt 0.425917 0.978476
vt 0.426118 0.985781
vt 0.426721 0.992930
vt 0.428644 1.000000
vt 0.437921 1.000000
vt 0.447198 1.000000
vt 0.456474 1.000000
vt 0.465750 1.000000
vt 0.465413 0.991879
vt 0.465276 0.983862
vt 0.465151 0.976056
vt 0.473929 0.974455
vt 0.474110 0.982684
vt 0.483044 0.981324
vt 0.482898 0.972466
vt 0.474218 0.991258
vt 0.483001 0.990574
vt 0.492413 0.980040
vt 0.492485 0.970350
vt 0.492040 0.989975
vt 0.474313 1.000000
vt 0.482875 1.000000
vt 0.491438 1.000000
vt 0.500000 1.000000
vt 0.501898 0.989632
vt 0.502587 0.979291
vt 0.503064 0.968958
vt 0.388369 0.979370
vt 0.388375 0.986363
vt 0.401535 0.986149
vt 0.401485 0.978974
vt 0.388391 0.993210
vt 0.401657 0.993121
vt 0.414236 0.985963
vt 0.414091 0.978698
vt 0.414615 0.993030
vt 0.375000 0.979891
vt 0.375000 0.986594
vt 0.375000 0.993297
vt 0.375000 1.000000
vt 0.388411 1.000000
vt 0.401822 1.000000
vt 0.415233 1.000000
vt 0.543375 0.943147
vt 0.536609 0.942143
vt 0.533614 0.947970
vt 0.541615 0.949357
vt 0.529794 0.940790
vt 0.525596 0.946223
vt 0.530359 0.954549
vt 0.539704 0.956169
vt 0.520741 0.952535
vt 0.522993 0.939124
vt 0.518040 0.944052
vt 0.511852 0.949829
vt 0.516488 0.960189
vt 0.527626 0.962092
vt 0.538063 0.963706
vt 0.571475 1.000000
vt 0.578485 1.000000
vt 0.590805 0.991990
vt 0.591228 0.984007
vt 0.564435 0.974601
vt 0.564412 0.982902
vt 0.572543 0.983261
vt 0.572700 0.975081
vt 0.556123 0.973999
vt 0.547148 0.973169
vt 0.564465 1.000000
vt 0.547140 0.981839
vt 0.547854 0.990837
vt 0.556647 0.991163
vt 0.556193 0.982453
vt 0.550445 1.000000
vt 0.557455 1.000000
vt 0.564428 0.991401
vt 0.590114 1.000000
vt 0.581308 0.983608
vt 0.581532 0.975543
vt 0.591390 0.976076
vt 0.602063 0.984466
vt 0.602120 0.976708
vt 0.601927 0.992230
vt 0.613411 0.984978
vt 0.613418 0.977448
vt 0.613394 0.992489
vt 0.601743 1.000000
vt 0.613371 1.000000
vt 0.625000 1.000000
vt 0.625000 0.992759
vt 0.625000 0.985517
vt 0.625000 0.978276
vt 0.537057 0.972046
vt 0.526051 0.970724
vt 0.525384 0.980143
vt 0.536732 0.981023
vt 0.514523 0.969429
vt 0.513761 0.979427
vt 0.525194 0.989977
vt 0.537044 0.990410
vt 0.513216 0.989667
vt 0.512611 1.000000
vt 0.525223 1.000000
vt 0.537834 1.000000
vt 0.534930 0.906396
vt 0.540463 0.906692
vt 0.540681 0.896777
vt 0.535246 0.896677
vt 0.545810 0.907334
vt 0.546007 0.896978
vt 0.540991 0.886074
vt 0.535887 0.886062
vt 0.546032 0.886099
vt 0.528938 0.906287
vt 0.551469 0.886124
vt 0.541343 0.875000
vt 0.536791 0.875000
vt 0.530181 0.886058
vt 0.532240 0.875000
vt 0.529316 0.896644
vt 0.516299 0.937189
vt 0.509769 0.935054
vt 0.505388 0.938582
vt 0.511357 0.941436
vt 0.503439 0.932798
vt 0.499849 0.935707
vt 0.500078 0.942196
vt 0.505199 0.946082
vt 0.495717 0.938586
vt 0.497259 0.930514
vt 0.494517 0.932843
vt 0.491776 0.935171
vt 0.572138 0.991593
vt 0.580634 0.991778
vt 0.590114 1.000000
vt 0.578485 1.000000
vt 0.601743 1.000000
vt 0.613371 1.000000
vt 0.625000 1.000000
vt 0.625000 0.971034
vt 0.625000 0.978276
vt 0.625000 0.985517
vt 0.625000 0.992759
vt 0.474313 1.000000
vt 0.465750 1.000000
vt 0.491438 1.000000
vt 0.625000 0.919544
vt 0.625000 0.924033
vt 0.625000 0.928522
vt 0.375000 0.964266
vt 0.375000 0.955344
vt 0.550445 1.000000
vt 0.625000 0.908408
vt 0.525223 1.000000
vt 0.537834 1.000000
vt 0.388411 1.000000
vt 0.401822 1.000000
vt 0.415233 1.000000
vt 0.456474 0.942124
vt 0.465750 0.943665
vt 0.447198 0.940583
vt 0.437921 0.939041
vt 0.428644 0.937500
vt 0.483214 0.939041
vt 0.489035 0.937500
vt 0.477393 0.940583
vt 0.471572 0.942124
vt 0.497259 0.930514
vt 0.494517 0.932842
vt 0.491776 0.935171
vt 0.481267 0.921704
vt 0.493756 0.926025
vt 0.427588 0.933011
vt 0.426532 0.928522
vt 0.375000 0.993297
vt 0.375000 0.986594
vt 0.375000 0.979891
vt 0.625000 0.945884
vt 0.625000 0.954267
vt 0.625000 0.962651
vt 0.532240 0.875000
vt 0.541343 0.875000
vt 0.540991 0.886074
vt 0.546032 0.886099
vt 0.551468 0.886124
vt 0.551641 0.897174
vt 0.572420 0.897260
vt 0.581051 0.897180
vt 0.580606 0.908131
vt 0.530181 0.886058
vt 0.529316 0.896644
vt 0.528926 0.914516
vt 0.529135 0.921030
vt 0.522513 0.925480
vt 0.503348 0.919839
vt 0.498511 0.915744
vt 0.496040 0.920812
vt 0.490871 0.917015
vt 0.485998 0.912813
vt 0.481267 0.921704
vt 0.412770 0.923093
vt 0.413609 0.928432
vt 0.400707 0.928390
vt 0.375000 0.928522
vt 0.522513 0.925480
vt 0.522574 0.920574
vt 0.590798 0.907423
vt 0.580606 0.908131
vt 0.564840 0.897272
vt 0.546032 0.886099
vt 0.541343 0.875000
vt 0.375000 0.979891
vt 0.428645 0.937500
vt 0.493756 0.926025
vt 0.487511 0.923865
vt 0.491776 0.935171
vt 0.489035 0.937500
vt 0.494517 0.932843
vt 0.497259 0.930514
vt 0.477393 0.940583
vt 0.483214 0.939041
vt 0.437921 0.939041
vt 0.456474 0.942124
vt 0.415233 1.000000
vt 0.401822 1.000000
vt 0.465751 1.000000
vt 0.537834 1.000000
vt 0.625000 0.933011
vt 0.625000 0.992759
vt 0.590114 1.000000
vt 0.530181 0.886057
vt 0.498511 0.915744
vt 0.490871 0.917015
s 0
f 176/1/1 177/2/1 180/3/1 179/4/1
f 177/2/2 178/5/2 181/6/2 180/3/2
f 179/4/3 180/3/3 183/7/3 182/8/3
f 180/3/4 181/6/4 184/9/4 183/7/4
f 9/10/5 146/11/5 176/1/5 60/12/5
f 146/11/6 147/13/6 177/2/6 176/1/6
f 147/13/7 148/14/7 178/5/7 177/2/7
f 148/14/8 24/15/8 158/16/8 178/5/8
f 178/5/9 158/16/9 159/17/9 181/6/9
f 181/6/10 159/17/10 160/18/10 184/9/10
f 184/9/11 160/18/11 26/19/11 154/20/11
f 183/7/12 184/9/12 154/20/12 153/21/12
f 182/8/13 183/7/13 153/21/13 152/22/13
f 58/23/14 182/8/14 152/22/14 5/24/14
f 59/25/15 179/4/15 182/8/15 58/23/15
f 60/12/16 176/1/16 179/4/16 59/25/16
f 185/26/17 186/27/17 189/28/17 188/29/17
f 186/27/18 187/30/18 190/31/18 189/28/18
f 188/29/19 189/28/19 192/32/19 191/33/19
f 189/28/20 190/31/20 193/34/20 192/32/20
f 11/35/21 61/36/21 185/26/21 74/37/21
f 61/36/22 62/38/22 186/27/22 185/26/22
f 62/38/23 63/39/23 187/30/23 186/27/23
f 63/39/24 9/10/24 60/12/24 187/30/24
f 187/30/25 60/12/25 59/25/25 190/31/25
f 190/31/26 59/25/26 58/23/26 193/34/26
f 193/34/27 58/23/27 5/24/27 45/40/27
f 192/32/28 193/34/28 45/40/28 44/41/28
f 191/33/29 192/32/29 44/41/29 43/42/29
f 72/43/30 191/33/30 43/42/30 10/44/30
f 73/45/31 188/29/31 191/33/31 72/43/31
f 74/37/32 185/26/32 188/29/32 73/45/32
f 194/46/33 195/47/33 198/48/33 197/49/33
f 195/47/34 196/50/34 199/51/34 198/48/34
f 197/49/35 198/48/35 201/52/35 200/53/35
f 198/48/36 199/51/36 202/54/36 201/52/36
f 12/55/37 149/56/37 194/46/37 77/57/37
f 149/56/38 150/58/38 195/47/38 194/46/38
f 150/58/39 151/59/39 196/50/39 195/47/39
f 151/59/40 25/60/40 155/61/40 196/50/40
f 196/50/41 155/61/41 156/62/41 199/51/41
f 199/51/42 156/62/42 157/63/42 202/54/42
f 202/54/43 157/63/43 24/15/43 148/14/43
f 201/52/44 202/54/44 148/14/44 147/13/44
f 200/53/45 201/52/45 147/13/45 146/11/45
f 75/64/46 200/53/46 146/11/46 9/10/46
f 76/65/47 197/49/47 200/53/47 75/64/47
f 77/57/48 194/46/48 197/49/48 76/65/48
f 203/66/49 204/67/49 206/68/49 205/69/49
f 205/69/50 206/68/50 208/70/50 207/71/50
f 85/72/51 86/73/51 204/67/51 203/66/51
f 86/73/52 14/74/52 83/75/52 204/67/52
f 204/67/53 83/75/53 82/76/53 206/68/53
f 206/68/54 82/76/54 81/77/54 208/70/54
f 208/70/55 81/77/55 11/35/55 71/78/55
f 207/71/56 208/70/56 71/78/56 70/79/56
f 71/78/57 11/35/57 74/37/57 209/80/57
f 209/80/58 74/37/58 73/45/58 210/81/58
f 210/81/59 73/45/59 72/43/59 211/82/59
f 211/82/60 72/43/60 10/44/60 69/83/60
f 212/84/61 213/85/61 216/86/61 215/87/61
f 213/85/62 214/88/62 217/89/62 216/86/62
f 215/87/63 216/86/63 219/90/63 218/91/63
f 216/86/64 217/89/64 220/92/64 219/90/64
f 28/93/65 166/94/65 212/84/65 167/95/65
f 166/94/66 165/96/66 213/85/66 212/84/66
f 165/96/67 164/97/67 214/88/67 213/85/67
f 164/97/68 12/55/68 92/98/68 214/88/68
f 214/88/69 92/98/69 91/99/69 217/89/69
f 217/89/70 91/99/70 90/100/70 220/92/70
f 220/92/71 90/100/71 14/74/71 52/101/71
f 219/90/72 220/92/72 52/101/72 53/102/72
f 218/91/73 219/90/73 53/102/73 54/103/73
f 169/104/74 218/91/74 54/103/74 27/105/74
f 168/106/75 215/87/75 218/91/75 169/104/75
f 167/95/76 212/84/76 215/87/76 168/106/76
f 221/107/77 222/108/77 224/109/77 223/110/77
f 223/110/78 224/109/78 227/111/78 226/112/78
f 111/113/79 112/114/79 222/108/79 221/107/79
f 112/114/80 19/115/80 115/116/80 222/108/80
f 222/108/81 115/116/81 114/117/81 224/109/81
f 224/109/82 114/117/82 113/118/82 227/111/82
f 227/111/83 113/118/83 28/93/83 167/95/83
f 226/112/84 227/111/84 167/95/84 168/106/84
f 225/119/85 226/112/85 168/106/85 169/104/85
f 228/120/86 229/121/86 232/122/86 231/123/86
f 229/121/87 230/124/87 233/125/87 232/122/87
f 231/123/88 232/122/88 235/126/88 234/127/88
f 232/122/89 233/125/89 236/128/89 235/126/89
f 16/129/90 108/130/90 228/120/90 118/131/90
f 108/130/91 109/132/91 229/121/91 228/120/91
f 109/132/92 110/133/92 230/124/92 229/121/92
f 110/133/93 21/134/93 139/135/93 230/124/93
f 230/124/94 139/135/94 138/136/94 233/125/94
f 233/125/95 138/136/95 137/137/95 236/128/95
f 236/128/96 137/137/96 22/138/96 133/139/96
f 235/126/97 236/128/97 133/139/97 132/140/97
f 234/127/98 235/126/98 132/140/98 131/141/98
f 116/142/99 234/127/99 131/141/99 20/143/99
f 117/144/100 231/123/100 234/127/100 116/142/100
f 118/131/101 228/120/101 231/123/101 117/144/101
f 237/145/102 238/146/102 241/147/102 240/148/102
f 238/146/103 239/149/103 242/150/103 241/147/103
f 240/148/104 241/147/104 244/151/104 243/152/104
f 241/147/105 242/150/105 245/153/105 244/151/105
f 6/154/106 48/155/106 237/145/106 51/156/106
f 48/155/107 47/157/107 238/146/107 237/145/107
f 47/157/108 46/158/108 239/149/108 238/146/108
f 46/158/109 23/159/109 145/160/109 239/149/109
f 239/149/110 145/160/110 144/161/110 242/150/110
f 242/150/111 144/161/111 143/162/111 245/153/111
f 245/153/112 143/162/112 21/134/112 110/133/112
f 244/151/113 245/153/113 110/133/113 109/132/113
f 243/152/114 244/151/114 109/132/114 108/130/114
f 49/163/115 243/152/115 108/130/115 16/129/115
f 50/164/116 240/148/116 243/152/116 49/163/116
f 51/156/117 237/145/117 240/148/117 50/164/117
f 246/165/118 247/166/118 249/167/118 248/168/118
f 248/168/119 249/167/119 252/169/119 251/170/119
f 68/171/120 67/172/120 247/166/120 246/165/120
f 67/172/121 6/154/121 51/156/121 247/166/121
f 247/166/122 51/156/122 50/164/122 249/167/122
f 249/167/123 50/164/123 49/163/123 252/169/123
f 252/169/124 49/163/124 16/129/124 128/173/124
f 251/170/125 252/169/125 128/173/125 129/174/125
f 250/175/126 251/170/126 129/174/126 130/176/126
f 253/177/127 254/178/127 257/179/127 256/180/127
f 254/178/128 255/181/128 258/182/128 257/179/128
f 256/180/129 257/179/129 260/183/129 259/184/129
f 257/179/130 258/182/130 261/185/130 260/183/130
f 20/143/131 131/141/131 253/177/131 121/186/131
f 131/141/132 132/140/132 254/178/132 253/177/132
f 132/140/133 133/139/133 255/181/133 254/178/133
f 133/139/134 22/138/134 142/187/134 255/181/134
f 255/181/135 142/187/135 141/188/135 258/182/135
f 258/182/136 141/188/136 140/189/136 261/185/136
f 261/185/137 140/189/137 7/190/137 105/191/137
f 260/183/138 261/185/138 105/191/138 106/192/138
f 259/184/139 260/183/139 106/192/139 107/193/139
f 119/194/140 259/184/140 107/193/140 18/195/140
f 120/196/141 256/180/141 259/184/141 119/194/141
f 121/186/142 253/177/142 256/180/142 120/196/142
f 262/197/143 125/198/143 126/199/143 263/200/143
f 263/200/144 126/199/144 127/201/144 265/202/144
f 265/202/145 127/201/145 19/115/145 112/114/145
f 264/203/146 265/202/146 112/114/146 111/113/146
f 266/204/147 267/205/147 270/206/147 269/207/147
f 267/205/148 268/208/148 271/209/148 270/206/148
f 269/207/149 270/206/149 273/210/149 272/211/149
f 270/206/150 271/209/150 274/212/150 273/210/150
f 21/134/151 102/213/151 266/204/151 139/135/151
f 102/213/152 103/214/152 267/205/152 266/204/152
f 103/214/153 104/215/153 268/208/153 267/205/153
f 104/215/154 17/216/154 93/217/154 268/208/154
f 268/208/155 93/217/155 94/218/155 271/209/155
f 271/209/156 94/218/156 95/219/156 274/212/156
f 274/212/157 95/219/157 15/220/157 98/221/157
f 273/210/158 274/212/158 98/221/158 97/222/158
f 272/211/159 273/210/159 97/222/159 96/223/159
f 137/137/160 272/211/160 96/223/160 22/138/160
f 138/136/161 269/207/161 272/211/161 137/137/161
f 139/135/162 266/204/162 269/207/162 138/136/162
f 275/224/163 276/225/163 279/226/163 278/227/163
f 276/225/164 277/228/164 280/229/164 279/226/164
f 278/227/165 279/226/165 282/230/165 281/231/165
f 279/226/166 280/229/166 283/232/166 282/230/166
f 22/138/167 96/223/167 275/224/167 142/187/167
f 96/223/168 97/222/168 276/225/168 275/224/168
f 97/222/169 98/221/169 277/228/169 276/225/169
f 98/221/170 15/220/170 37/233/170 277/228/170
f 277/228/171 37/233/171 38/234/171 280/229/171
f 280/229/172 38/234/172 39/235/172 283/232/172
f 283/232/173 39/235/173 4/236/173 42/237/173
f 282/230/174 283/232/174 42/237/174 41/238/174
f 281/231/175 282/230/175 41/238/175 40/239/175
f 140/189/176 281/231/176 40/239/176 7/190/176
f 141/188/177 278/227/177 281/231/177 140/189/177
f 142/187/178 275/224/178 278/227/178 141/188/178
f 284/240/179 285/241/179 288/242/179 287/243/179
f 285/241/180 286/244/180 289/245/180 288/242/180
f 287/243/181 288/242/181 291/246/181 290/247/181
f 288/242/182 289/245/182 292/248/182 291/246/182
f 23/159/183 136/249/183 284/240/183 145/160/183
f 136/249/184 135/250/184 285/241/184 284/240/184
f 135/250/185 134/251/185 286/244/185 285/241/185
f 134/251/186 3/252/186 99/253/186 286/244/186
f 286/244/187 99/253/187 100/254/187 289/245/187
f 289/245/188 100/254/188 101/255/188 292/248/188
f 292/248/189 101/255/189 17/216/189 104/215/189
f 291/246/190 292/248/190 104/215/190 103/214/190
f 290/247/191 291/246/191 103/214/191 102/213/191
f 143/162/192 290/247/192 102/213/192 21/134/192
f 144/161/193 287/243/193 290/247/193 143/162/193
f 145/160/194 284/240/194 287/243/194 144/161/194
f 293/256/195 294/257/195 297/258/195 296/259/195
f 294/257/196 295/260/196 298/261/196 297/258/196
f 296/259/197 297/258/197 300/262/197 299/263/197
f 297/258/198 298/261/198 301/264/198 300/262/198
f 12/55/199 164/97/199 293/256/199 149/56/199
f 164/97/200 165/96/200 294/257/200 293/256/200
f 165/96/201 166/94/201 295/260/201 294/257/201
f 166/94/202 28/93/202 175/265/202 295/260/202
f 295/260/203 175/265/203 174/266/203 298/261/203
f 298/261/204 174/266/204 173/267/204 301/264/204
f 301/264/205 173/267/205 7/190/205 161/268/205
f 300/262/206 301/264/206 161/268/206 162/269/206
f 299/263/207 300/262/207 162/269/207 163/270/207
f 151/59/208 299/263/208 163/270/208 25/60/208
f 150/58/209 296/259/209 299/263/209 151/59/209
f 149/56/210 293/256/210 296/259/210 150/58/210
f 57/271/211 8/272/211 693/272/211 697/271/211
f 313/273/212 312/274/212 710/274/212 711/273/212
f 305/275/213 306/276/213 309/277/213 308/278/213
f 305/275/214 302/279/214 702/279/214 705/275/214
f 25/60/215 87/280/215 302/279/215 155/61/215
f 56/281/216 57/271/216 697/271/216 696/281/216
f 88/282/217 89/283/217 304/284/217 303/285/217
f 89/283/218 13/286/218 55/287/218 304/284/218
f 304/284/219 55/287/219 56/281/219 307/288/219
f 31/289/220 313/273/220 711/273/220 694/289/220
f 307/288/221 56/281/221 696/281/221 707/288/221
f 303/285/222 304/284/222 704/284/222 703/285/222
f 308/278/223 309/277/223 65/290/223 64/291/223
f 157/63/224 308/278/224 64/291/224 24/15/224
f 156/62/225 305/275/225 308/278/225 157/63/225
f 155/61/226 302/279/226 305/275/226 156/62/226
f 311/292/227 312/274/227 315/293/227 314/294/227
f 312/274/228 313/273/228 316/295/228 315/293/228
f 314/294/229 315/293/229 318/296/229 317/297/229
f 315/293/230 316/295/230 319/298/230 318/296/230
f 24/15/231 64/291/231 311/292/231 158/16/231
f 64/291/232 65/290/232 312/274/232 311/292/232
f 309/277/233 306/276/233 706/276/233 708/277/233
f 312/274/234 65/290/234 698/290/234 710/274/234
f 313/273/235 31/289/235 32/299/235 316/295/235
f 316/295/236 32/299/236 33/300/236 319/298/236
f 319/298/237 33/300/237 2/301/237 36/302/237
f 318/296/238 319/298/238 36/302/238 35/303/238
f 317/297/239 318/296/239 35/303/239 34/304/239
f 160/18/240 317/297/240 34/304/240 26/19/240
f 159/17/241 314/294/241 317/297/241 160/18/241
f 158/16/242 311/292/242 314/294/242 159/17/242
f 320/305/243 321/306/243 324/307/243 323/308/243
f 321/306/244 322/309/244 325/310/244 324/307/244
f 323/308/245 324/307/245 327/311/245 326/312/245
f 324/307/246 325/310/246 328/313/246 327/311/246
f 25/60/247 163/270/247 320/305/247 87/280/247
f 163/270/248 162/269/248 321/306/248 320/305/248
f 162/269/249 161/268/249 322/309/249 321/306/249
f 161/268/250 7/190/250 40/239/250 322/309/250
f 322/309/251 40/239/251 41/238/251 325/310/251
f 325/310/252 41/238/252 42/237/252 328/313/252
f 328/313/253 42/237/253 4/236/253 78/314/253
f 327/311/254 328/313/254 78/314/254 79/315/254
f 326/312/255 327/311/255 79/315/255 80/316/255
f 89/283/256 326/312/256 80/316/256 13/286/256
f 88/282/257 323/308/257 326/312/257 89/283/257
f 87/280/258 320/305/258 323/308/258 88/282/258
f 329/317/259 330/318/259 333/319/259 332/320/259
f 330/318/260 331/321/260 334/322/260 333/319/260
f 332/320/261 333/319/261 336/323/261 335/324/261
f 333/319/262 334/322/262 337/325/262 336/323/262
f 27/105/263 54/103/263 329/317/263 170/326/263
f 54/103/264 53/102/264 330/318/264 329/317/264
f 53/102/265 52/101/265 331/321/265 330/318/265
f 52/101/266 14/74/266 86/73/266 331/321/266
f 331/321/267 86/73/267 85/72/267 334/322/267
f 334/322/268 85/72/268 84/327/268 337/325/268
f 335/324/269 336/323/269 29/328/269 30/329/269
f 172/330/270 335/324/270 30/329/270 1/331/270
f 171/332/271 332/320/271 335/324/271 172/330/271
f 170/326/272 329/317/272 332/320/272 171/332/272
f 338/333/273 339/334/273 342/335/273 341/336/273
f 339/334/274 340/337/274 343/338/274 342/335/274
f 341/336/275 342/335/275 345/339/275 344/340/275
f 342/335/276 343/338/276 346/341/276 345/339/276
f 28/93/277 113/118/277 338/333/277 175/265/277
f 113/118/278 114/117/278 339/334/278 338/333/278
f 114/117/279 115/116/279 340/337/279 339/334/279
f 115/116/280 19/115/280 122/342/280 340/337/280
f 340/337/281 122/342/281 123/343/281 343/338/281
f 343/338/282 123/343/282 124/344/282 346/341/282
f 346/341/283 124/344/283 18/195/283 107/193/283
f 345/339/284 346/341/284 107/193/284 106/192/284
f 344/340/285 345/339/285 106/192/285 105/191/285
f 173/267/286 344/340/286 105/191/286 7/190/286
f 174/266/287 341/336/287 344/340/287 173/267/287
f 175/265/288 338/333/288 341/336/288 174/266/288
f 522/1/289 525/4/289 526/3/289 523/2/289
f 523/2/290 526/3/290 527/6/290 524/5/290
f 525/4/291 528/8/291 529/7/291 526/3/291
f 526/3/292 529/7/292 530/9/292 527/6/292
f 355/10/293 406/12/293 522/1/293 492/11/293
f 492/11/294 522/1/294 523/2/294 493/13/294
f 493/13/295 523/2/295 524/5/295 494/14/295
f 494/14/296 524/5/296 504/16/296 370/15/296
f 524/5/297 527/6/297 505/17/297 504/16/297
f 527/6/298 530/9/298 506/18/298 505/17/298
f 530/9/299 500/20/299 372/19/299 506/18/299
f 529/7/300 499/21/300 500/20/300 530/9/300
f 528/8/301 498/22/301 499/21/301 529/7/301
f 404/23/302 351/24/302 498/22/302 528/8/302
f 405/25/303 404/23/303 528/8/303 525/4/303
f 406/12/304 405/25/304 525/4/304 522/1/304
f 531/26/305 534/29/305 535/28/305 532/27/305
f 532/27/306 535/28/306 536/31/306 533/30/306
f 534/29/307 537/33/307 538/32/307 535/28/307
f 535/28/308 538/32/308 539/34/308 536/31/308
f 357/35/309 420/37/309 531/26/309 407/36/309
f 407/36/310 531/26/310 532/27/310 408/38/310
f 408/38/311 532/27/311 533/30/311 409/39/311
f 409/39/312 533/30/312 406/12/312 355/10/312
f 533/30/313 536/31/313 405/25/313 406/12/313
f 536/31/314 539/34/314 404/23/314 405/25/314
f 539/34/315 391/40/315 351/24/315 404/23/315
f 538/32/316 390/41/316 391/40/316 539/34/316
f 537/33/317 389/42/317 390/41/317 538/32/317
f 418/43/318 356/44/318 389/42/318 537/33/318
f 419/45/319 418/43/319 537/33/319 534/29/319
f 420/37/320 419/45/320 534/29/320 531/26/320
f 540/46/321 543/49/321 544/48/321 541/47/321
f 541/47/322 544/48/322 545/51/322 542/50/322
f 543/49/323 546/53/323 547/52/323 544/48/323
f 544/48/324 547/52/324 548/54/324 545/51/324
f 358/55/325 423/57/325 540/46/325 495/56/325
f 495/56/326 540/46/326 541/47/326 496/58/326
f 496/58/327 541/47/327 542/50/327 497/59/327
f 501/61/328 371/60/328 66/60/328 715/61/328
f 542/50/329 545/51/329 502/62/329 501/61/329
f 545/51/330 548/54/330 503/63/330 502/62/330
f 548/54/331 494/14/331 370/15/331 503/63/331
f 547/52/332 493/13/332 494/14/332 548/54/332
f 546/53/333 492/11/333 493/13/333 547/52/333
f 421/64/334 355/10/334 492/11/334 546/53/334
f 422/65/335 421/64/335 546/53/335 543/49/335
f 423/57/336 422/65/336 543/49/336 540/46/336
f 549/66/337 551/69/337 552/68/337 550/67/337
f 551/69/338 553/71/338 554/70/338 552/68/338
f 431/72/339 549/66/339 550/67/339 432/73/339
f 432/73/340 550/67/340 429/75/340 360/74/340
f 550/67/341 552/68/341 428/76/341 429/75/341
f 552/68/342 554/70/342 427/77/342 428/76/342
f 554/70/343 417/78/343 357/35/343 427/77/343
f 553/71/344 416/79/344 417/78/344 554/70/344
f 417/78/345 555/80/345 420/37/345 357/35/345
f 555/80/346 556/81/346 419/45/346 420/37/346
f 556/81/347 557/82/347 418/43/347 419/45/347
f 557/82/348 415/83/348 356/44/348 418/43/348
f 558/84/349 561/87/349 562/86/349 559/85/349
f 559/85/350 562/86/350 563/89/350 560/88/350
f 561/87/351 564/91/351 565/90/351 562/86/351
f 562/86/352 565/90/352 566/92/352 563/89/352
f 374/93/353 513/95/353 558/84/353 512/94/353
f 512/94/354 558/84/354 559/85/354 511/96/354
f 511/96/355 559/85/355 560/88/355 510/97/355
f 510/97/356 560/88/356 438/98/356 358/55/356
f 560/88/357 563/89/357 437/99/357 438/98/357
f 563/89/358 566/92/358 436/100/358 437/99/358
f 566/92/359 398/101/359 360/74/359 436/100/359
f 565/90/360 399/102/360 398/101/360 566/92/360
f 564/91/361 400/103/361 399/102/361 565/90/361
f 515/104/362 373/105/362 400/103/362 564/91/362
f 514/106/363 515/104/363 564/91/363 561/87/363
f 513/95/364 514/106/364 561/87/364 558/84/364
f 567/107/365 569/110/365 570/109/365 568/108/365
f 569/110/366 572/112/366 573/111/366 570/109/366
f 457/113/367 567/107/367 568/108/367 458/114/367
f 458/114/368 568/108/368 461/116/368 365/115/368
f 568/108/369 570/109/369 460/117/369 461/116/369
f 570/109/370 573/111/370 459/118/370 460/117/370
f 573/111/371 513/95/371 374/93/371 459/118/371
f 572/112/372 514/106/372 513/95/372 573/111/372
f 571/119/373 515/104/373 514/106/373 572/112/373
f 574/120/374 577/123/374 578/122/374 575/121/374
f 575/121/375 578/122/375 579/125/375 576/124/375
f 577/123/376 580/127/376 581/126/376 578/122/376
f 578/122/377 581/126/377 582/128/377 579/125/377
f 362/129/378 464/131/378 574/120/378 454/130/378
f 454/130/379 574/120/379 575/121/379 455/132/379
f 455/132/380 575/121/380 576/124/380 456/133/380
f 456/133/381 576/124/381 485/135/381 367/134/381
f 576/124/382 579/125/382 484/136/382 485/135/382
f 579/125/383 582/128/383 483/137/383 484/136/383
f 582/128/384 479/139/384 368/138/384 483/137/384
f 581/126/385 478/140/385 479/139/385 582/128/385
f 580/127/386 477/141/386 478/140/386 581/126/386
f 462/142/387 366/143/387 477/141/387 580/127/387
f 463/144/388 462/142/388 580/127/388 577/123/388
f 464/131/389 463/144/389 577/123/389 574/120/389
f 583/145/390 586/148/390 587/147/390 584/146/390
f 584/146/391 587/147/391 588/150/391 585/149/391
f 586/148/392 589/152/392 590/151/392 587/147/392
f 587/147/393 590/151/393 591/153/393 588/150/393
f 352/154/394 397/156/394 583/145/394 394/155/394
f 394/155/395 583/145/395 584/146/395 393/157/395
f 393/157/396 584/146/396 585/149/396 392/158/396
f 392/158/397 585/149/397 491/160/397 369/159/397
f 585/149/398 588/150/398 490/161/398 491/160/398
f 588/150/399 591/153/399 489/162/399 490/161/399
f 591/153/400 456/133/400 367/134/400 489/162/400
f 590/151/401 455/132/401 456/133/401 591/153/401
f 589/152/402 454/130/402 455/132/402 590/151/402
f 395/163/403 362/129/403 454/130/403 589/152/403
f 396/164/404 395/163/404 589/152/404 586/148/404
f 397/156/405 396/164/405 586/148/405 583/145/405
f 592/165/406 594/168/406 595/167/406 593/166/406
f 594/168/407 597/170/407 598/169/407 595/167/407
f 414/171/408 592/165/408 593/166/408 413/172/408
f 413/172/409 593/166/409 397/156/409 352/154/409
f 593/166/410 595/167/410 396/164/410 397/156/410
f 595/167/411 598/169/411 395/163/411 396/164/411
f 598/169/412 474/173/412 362/129/412 395/163/412
f 597/170/413 475/174/413 474/173/413 598/169/413
f 596/175/414 476/176/414 475/174/414 597/170/414
f 599/177/415 602/180/415 603/179/415 600/178/415
f 600/178/416 603/179/416 604/182/416 601/181/416
f 602/180/417 605/184/417 606/183/417 603/179/417
f 603/179/418 606/183/418 607/185/418 604/182/418
f 366/143/419 467/186/419 599/177/419 477/141/419
f 477/141/420 599/177/420 600/178/420 478/140/420
f 478/140/421 600/178/421 601/181/421 479/139/421
f 479/139/422 601/181/422 488/187/422 368/138/422
f 601/181/423 604/182/423 487/188/423 488/187/423
f 604/182/424 607/185/424 486/189/424 487/188/424
f 607/185/425 451/191/425 353/190/425 486/189/425
f 606/183/426 452/192/426 451/191/426 607/185/426
f 605/184/427 453/193/427 452/192/427 606/183/427
f 465/194/428 364/195/428 453/193/428 605/184/428
f 466/196/429 465/194/429 605/184/429 602/180/429
f 467/186/430 466/196/430 602/180/430 599/177/430
f 608/197/431 609/200/431 472/199/431 471/198/431
f 609/200/432 611/202/432 473/201/432 472/199/432
f 611/202/433 458/114/433 365/115/433 473/201/433
f 610/203/434 457/113/434 458/114/434 611/202/434
f 612/204/435 615/207/435 616/206/435 613/205/435
f 613/205/436 616/206/436 617/209/436 614/208/436
f 615/207/437 618/211/437 619/210/437 616/206/437
f 616/206/438 619/210/438 620/212/438 617/209/438
f 367/134/439 485/135/439 612/204/439 448/213/439
f 448/213/440 612/204/440 613/205/440 449/214/440
f 449/214/441 613/205/441 614/208/441 450/215/441
f 450/215/442 614/208/442 439/217/442 363/216/442
f 614/208/443 617/209/443 440/218/443 439/217/443
f 617/209/444 620/212/444 441/219/444 440/218/444
f 620/212/445 444/221/445 361/220/445 441/219/445
f 619/210/446 443/222/446 444/221/446 620/212/446
f 618/211/447 442/223/447 443/222/447 619/210/447
f 483/137/448 368/138/448 442/223/448 618/211/448
f 484/136/449 483/137/449 618/211/449 615/207/449
f 485/135/450 484/136/450 615/207/450 612/204/450
f 621/224/451 624/227/451 625/226/451 622/225/451
f 622/225/452 625/226/452 626/229/452 623/228/452
f 624/227/453 627/231/453 628/230/453 625/226/453
f 625/226/454 628/230/454 629/232/454 626/229/454
f 368/138/455 488/187/455 621/224/455 442/223/455
f 442/223/456 621/224/456 622/225/456 443/222/456
f 443/222/457 622/225/457 623/228/457 444/221/457
f 444/221/458 623/228/458 383/233/458 361/220/458
f 623/228/459 626/229/459 384/234/459 383/233/459
f 626/229/460 629/232/460 385/235/460 384/234/460
f 629/232/461 388/237/461 350/236/461 385/235/461
f 628/230/462 387/238/462 388/237/462 629/232/462
f 627/231/463 386/239/463 387/238/463 628/230/463
f 486/189/464 353/190/464 386/239/464 627/231/464
f 487/188/465 486/189/465 627/231/465 624/227/465
f 488/187/466 487/188/466 624/227/466 621/224/466
f 630/240/467 633/243/467 634/242/467 631/241/467
f 631/241/468 634/242/468 635/245/468 632/244/468
f 633/243/469 636/247/469 637/246/469 634/242/469
f 634/242/470 637/246/470 638/248/470 635/245/470
f 369/159/471 491/160/471 630/240/471 482/249/471
f 482/249/472 630/240/472 631/241/472 481/250/472
f 481/250/473 631/241/473 632/244/473 480/251/473
f 480/251/474 632/244/474 445/253/474 349/252/474
f 632/244/475 635/245/475 446/254/475 445/253/475
f 635/245/476 638/248/476 447/255/476 446/254/476
f 638/248/477 450/215/477 363/216/477 447/255/477
f 637/246/478 449/214/478 450/215/478 638/248/478
f 636/247/479 448/213/479 449/214/479 637/246/479
f 489/162/480 367/134/480 448/213/480 636/247/480
f 490/161/481 489/162/481 636/247/481 633/243/481
f 491/160/482 490/161/482 633/243/482 630/240/482
f 639/256/483 642/259/483 643/258/483 640/257/483
f 640/257/484 643/258/484 644/261/484 641/260/484
f 642/259/485 645/263/485 646/262/485 643/258/485
f 643/258/486 646/262/486 647/264/486 644/261/486
f 358/55/487 495/56/487 639/256/487 510/97/487
f 510/97/488 639/256/488 640/257/488 511/96/488
f 511/96/489 640/257/489 641/260/489 512/94/489
f 512/94/490 641/260/490 521/265/490 374/93/490
f 641/260/491 644/261/491 520/266/491 521/265/491
f 644/261/492 647/264/492 519/267/492 520/266/492
f 647/264/493 507/268/493 353/190/493 519/267/493
f 646/262/494 508/269/494 507/268/494 647/264/494
f 645/263/495 509/270/495 508/269/495 646/262/495
f 497/59/496 371/60/496 509/270/496 645/263/496
f 496/58/497 497/59/497 645/263/497 642/259/497
f 495/56/498 496/58/498 642/259/498 639/256/498
f 648/279/499 651/275/499 652/276/499 649/285/499
f 649/285/500 652/276/500 653/288/500 650/284/500
f 651/275/501 654/278/501 655/277/501 652/276/501
f 656/345/502 403/271/502 712/271/502 723/345/502
f 371/60/503 501/61/503 648/279/503 433/280/503
f 433/280/504 648/279/504 649/285/504 434/282/504
f 434/282/505 649/285/505 650/284/505 435/283/505
f 435/283/506 650/284/506 401/287/506 359/286/506
f 650/284/507 653/288/507 402/281/507 401/287/507
f 653/288/508 656/345/508 403/271/508 402/281/508
f 656/345/509 412/346/509 354/272/509 403/271/509
f 655/277/510 411/290/510 412/346/510 656/345/510
f 654/278/511 410/291/511 411/290/511 655/277/511
f 503/63/512 370/15/512 410/291/512 654/278/512
f 502/62/513 503/63/513 654/278/513 651/275/513
f 501/61/514 502/62/514 651/275/514 648/279/514
f 657/292/515 660/294/515 661/293/515 658/274/515
f 658/274/516 661/293/516 662/295/516 659/273/516
f 660/294/517 663/297/517 664/296/517 661/293/517
f 661/293/518 664/296/518 665/298/518 662/295/518
f 370/15/519 504/16/519 657/292/519 410/291/519
f 410/291/520 657/292/520 658/274/520 411/290/520
f 411/290/521 658/274/521 659/273/521 412/346/521
f 412/346/522 659/273/522 377/289/522 354/272/522
f 659/273/523 662/295/523 378/299/523 377/289/523
f 662/295/524 665/298/524 379/300/524 378/299/524
f 665/298/525 382/302/525 348/301/525 379/300/525
f 664/296/526 381/303/526 382/302/526 665/298/526
f 663/297/527 380/304/527 381/303/527 664/296/527
f 506/18/528 372/19/528 380/304/528 663/297/528
f 505/17/529 506/18/529 663/297/529 660/294/529
f 504/16/530 505/17/530 660/294/530 657/292/530
f 666/305/531 669/308/531 670/307/531 667/306/531
f 667/306/532 670/307/532 671/310/532 668/309/532
f 669/308/533 672/312/533 673/311/533 670/307/533
f 670/307/534 673/311/534 674/313/534 671/310/534
f 371/60/535 433/280/535 666/305/535 509/270/535
f 509/270/536 666/305/536 667/306/536 508/269/536
f 508/269/537 667/306/537 668/309/537 507/268/537
f 507/268/538 668/309/538 386/239/538 353/190/538
f 668/309/539 671/310/539 387/238/539 386/239/539
f 671/310/540 674/313/540 388/237/540 387/238/540
f 674/313/541 424/314/541 350/236/541 388/237/541
f 673/311/542 425/315/542 424/314/542 674/313/542
f 672/312/543 426/316/543 425/315/543 673/311/543
f 435/283/544 359/286/544 426/316/544 672/312/544
f 434/282/545 435/283/545 672/312/545 669/308/545
f 433/280/546 434/282/546 669/308/546 666/305/546
f 675/317/547 678/320/547 679/319/547 676/318/547
f 676/318/548 679/319/548 680/322/548 677/321/548
f 678/320/549 681/324/549 682/323/549 679/319/549
f 679/319/550 682/323/550 683/325/550 680/322/550
f 373/105/551 516/326/551 675/317/551 400/103/551
f 400/103/552 675/317/552 676/318/552 399/102/552
f 399/102/553 676/318/553 677/321/553 398/101/553
f 398/101/554 677/321/554 432/73/554 360/74/554
f 677/321/555 680/322/555 431/72/555 432/73/555
f 680/322/556 683/325/556 430/327/556 431/72/556
f 681/324/557 376/329/557 375/328/557 682/323/557
f 518/330/558 347/331/558 376/329/558 681/324/558
f 517/332/559 518/330/559 681/324/559 678/320/559
f 516/326/560 517/332/560 678/320/560 675/317/560
f 684/333/561 687/336/561 688/335/561 685/334/561
f 685/334/562 688/335/562 689/338/562 686/337/562
f 687/336/563 690/340/563 691/339/563 688/335/563
f 688/335/564 691/339/564 692/341/564 689/338/564
f 374/93/565 521/265/565 684/333/565 459/118/565
f 459/118/566 684/333/566 685/334/566 460/117/566
f 460/117/567 685/334/567 686/337/567 461/116/567
f 461/116/568 686/337/568 468/342/568 365/115/568
f 686/337/569 689/338/569 469/343/569 468/342/569
f 689/338/570 692/341/570 470/344/570 469/343/570
f 692/341/571 453/193/571 364/195/571 470/344/571
f 691/339/572 452/192/572 453/193/572 692/341/572
f 690/340/573 451/191/573 452/192/573 691/339/573
f 519/267/574 353/190/574 451/191/574 690/340/574
f 520/266/575 519/267/575 690/340/575 687/336/575
f 521/265/576 520/266/576 687/336/576 684/333/576
f 840/347/577 829/348/577 354/272/577 377/289/577
f 841/349/578 840/347/578 377/289/578 378/299/578
f 842/350/579 841/349/579 378/299/579 379/300/579
f 824/351/580 842/350/580 379/300/580 348/301/580
f 839/352/581 843/353/581 380/304/581 372/19/581
f 843/353/582 844/354/582 381/303/582 380/304/582
f 844/354/583 845/355/583 382/302/583 381/303/583
f 845/355/584 824/351/584 348/301/584 382/302/584
f 846/356/585 832/357/585 361/220/585 383/233/585
f 847/234/586 846/356/586 383/233/586 384/234/586
f 848/358/587 847/234/587 384/234/587 385/235/587
f 826/236/588 848/358/588 385/235/588 350/236/588
f 830/359/589 849/360/589 389/42/589 356/44/589
f 849/360/590 850/361/590 390/41/590 389/42/590
f 850/361/591 851/40/591 391/40/591 390/41/591
f 851/40/592 827/24/592 351/24/592 391/40/592
f 838/159/593 852/362/593 392/158/593 369/159/593
f 852/362/594 853/363/594 393/157/594 392/158/594
f 853/363/595 854/155/595 394/155/595 393/157/595
f 854/155/596 828/154/596 352/154/596 394/155/596
f 855/287/597 831/364/597 359/286/597 401/287/597
f 856/281/598 855/287/598 401/287/598 402/281/598
f 857/271/216 856/281/216 402/281/216 403/271/216
f 829/348/211 857/271/211 403/271/211 354/272/211
f 61/36/599 11/35/599 357/35/599 407/36/599
f 62/38/600 61/36/600 407/36/600 408/38/600
f 63/39/601 62/38/601 408/38/601 409/39/601
f 9/10/602 63/39/602 409/39/602 355/10/602
f 828/154/603 858/172/603 413/172/603 352/154/603
f 858/172/604 859/171/604 414/171/604 413/172/604
f 860/365/605 830/359/605 356/44/605 415/83/605
f 75/64/606 9/10/606 355/10/606 421/64/606
f 76/65/607 75/64/607 421/64/607 422/65/607
f 77/57/608 76/65/608 422/65/608 423/57/608
f 12/55/609 77/57/609 423/57/609 358/55/609
f 861/314/610 826/236/610 350/236/610 424/314/610
f 862/366/611 861/314/611 424/314/611 425/315/611
f 863/367/612 862/366/612 425/315/612 426/316/612
f 831/364/613 863/367/613 426/316/613 359/286/613
f 11/35/614 81/77/614 427/77/614 357/35/614
f 81/77/615 82/76/615 428/76/615 427/77/615
f 82/76/616 83/75/616 429/75/616 428/76/616
f 83/75/617 14/74/617 360/74/617 429/75/617
f 14/74/618 90/100/618 436/100/618 360/74/618
f 90/100/619 91/99/619 437/99/619 436/100/619
f 91/99/620 92/98/620 438/98/620 437/99/620
f 92/98/621 12/55/621 358/55/621 438/98/621
f 864/217/622 834/216/622 363/216/622 439/217/622
f 865/218/623 864/217/623 439/217/623 440/218/623
f 866/219/624 865/218/624 440/218/624 441/219/624
f 832/357/625 866/219/625 441/219/625 361/220/625
f 867/368/626 825/252/626 349/252/626 445/253/626
f 868/369/627 867/368/627 445/253/627 446/254/627
f 869/370/628 868/369/628 446/254/628 447/255/628
f 834/216/629 869/370/629 447/255/629 363/216/629
f 870/371/630 837/372/630 366/143/630 462/142/630
f 871/373/631 870/371/631 462/142/631 463/144/631
f 872/374/632 871/373/632 463/144/632 464/131/632
f 833/375/633 872/374/633 464/131/633 362/129/633
f 873/376/634 835/377/634 364/195/634 465/194/634
f 874/378/635 873/376/635 465/194/635 466/196/635
f 875/379/636 874/378/636 466/196/636 467/186/636
f 837/372/637 875/379/637 467/186/637 366/143/637
f 876/380/638 836/115/638 365/115/638 468/342/638
f 877/381/639 876/380/639 468/342/639 469/343/639
f 878/382/640 877/381/640 469/343/640 470/344/640
f 835/377/641 878/382/641 470/344/641 364/195/641
f 880/199/642 879/383/642 471/198/642 472/199/642
f 881/384/643 880/199/643 472/199/643 473/201/643
f 836/115/644 881/384/644 473/201/644 365/115/644
f 882/385/645 833/375/645 362/129/645 474/173/645
f 883/386/646 882/385/646 474/173/646 475/174/646
f 884/176/647 883/386/647 475/174/647 476/176/647
f 825/252/648 885/387/648 480/251/648 349/252/648
f 885/387/649 886/388/649 481/250/649 480/251/649
f 886/388/650 887/389/650 482/249/650 481/250/650
f 887/389/651 838/159/651 369/159/651 482/249/651
f 827/24/652 888/390/652 498/22/652 351/24/652
f 888/390/653 889/391/653 499/21/653 498/22/653
f 889/391/654 890/392/654 500/20/654 499/21/654
f 890/392/655 839/352/655 372/19/655 500/20/655
f 891/393/656 892/329/656 376/329/656 347/331/656
f 892/329/656 893/394/656 375/328/656 376/329/656
f 894/395/657 682/323/657 375/328/657 893/394/657
f 895/396/658 683/325/658 682/323/658 894/395/658
f 895/396/659 896/397/659 430/327/659 683/325/659
f 897/398/660 431/72/660 430/327/660 896/397/660
f 898/66/661 549/66/661 431/72/661 897/398/661
f 899/69/662 551/69/662 549/66/662 898/66/662
f 900/399/663 553/71/663 551/69/663 899/69/663
f 900/399/664 901/400/664 416/79/664 553/71/664
f 902/401/665 417/78/665 416/79/665 901/400/665
f 903/80/666 555/80/666 417/78/666 902/401/666
f 904/81/667 556/81/667 555/80/667 903/80/667
f 905/82/668 557/82/668 556/81/668 904/81/668
f 905/82/669 860/365/669 415/83/669 557/82/669
f 791/393/670 806/402/670 172/330/670 1/331/670
f 806/402/671 807/403/671 171/332/671 172/330/671
f 807/403/672 808/326/672 170/326/672 171/332/672
f 808/326/673 809/404/673 27/105/673 170/326/673
f 809/404/674 810/405/674 169/104/674 27/105/674
f 810/405/675 811/119/675 225/119/675 169/104/675
f 811/119/676 812/406/676 226/112/676 225/119/676
f 812/406/677 813/110/677 223/110/677 226/112/677
f 813/110/678 814/107/678 221/107/678 223/110/678
f 814/107/679 815/407/679 111/113/679 221/107/679
f 815/407/680 816/408/680 264/203/680 111/113/680
f 816/408/681 817/409/681 265/202/681 264/203/681
f 817/409/682 818/410/682 263/200/682 265/202/682
f 818/410/683 819/411/683 262/197/683 263/200/683
f 819/411/684 779/412/684 125/198/684 262/197/684
f 784/176/685 820/413/685 250/175/685 130/176/685
f 820/413/686 821/414/686 251/170/686 250/175/686
f 821/414/687 822/415/687 248/168/687 251/170/687
f 822/415/688 823/165/688 246/165/688 248/168/688
f 823/165/689 759/416/689 68/171/689 246/165/689
f 702/279/690 703/285/690 706/276/690 705/275/690
f 703/285/691 704/284/691 707/288/691 706/276/691
f 706/276/692 707/288/692 709/345/692 708/277/692
f 700/280/693 701/282/693 703/285/693 702/279/693
f 707/288/694 696/281/694 697/271/694 709/345/694
f 709/345/695 697/271/695 693/272/695 699/346/695
f 708/277/696 709/345/696 699/346/696 698/290/696
f 698/290/697 699/346/697 711/273/697 710/274/697
f 699/346/698 693/272/698 694/289/698 711/273/698
f 304/284/699 307/288/699 707/288/699 704/284/699
f 87/280/700 88/282/700 701/282/700 700/280/700
f 65/290/701 309/277/701 708/277/701 698/290/701
f 302/279/702 87/280/702 700/280/702 702/279/702
f 8/272/577 31/289/577 694/289/577 693/272/577
f 306/276/703 305/275/703 705/275/703 706/276/703
f 88/282/704 303/285/704 703/285/704 701/282/704
f 31/289/578 32/299/578 695/299/578 694/289/578
f 714/59/705 716/50/705 715/61/705 66/60/705
f 720/276/706 722/277/706 723/345/706 721/288/706
f 354/272/211 403/271/211 712/271/211 310/272/211
f 497/59/707 542/50/707 716/50/707 714/59/707
f 497/59/708 496/58/708 713/58/708 714/59/708
f 655/277/709 656/345/709 723/345/709 722/277/709
f 542/50/710 501/61/710 715/61/710 716/50/710
f 371/60/711 497/59/711 714/59/711 66/60/711
f 651/275/703 652/276/703 720/276/703 719/275/703
f 642/259/712 496/58/712 713/58/712 717/259/712
f 653/288/713 652/276/713 720/276/713 721/288/713
f 652/276/714 655/277/714 722/277/714 720/276/714
f 501/61/715 648/279/715 718/279/715 715/61/715
f 656/345/716 653/288/716 721/288/716 723/345/716
f 648/279/214 651/275/214 719/275/214 718/279/214
f 879/383/717 779/412/717 1000/412/717 1019/383/717
f 912/417/718 913/110/718 976/110/718 974/417/718
f 893/394/719 892/329/719 1022/329/719 1023/394/719
f 812/406/720 811/119/720 973/119/720 975/406/720
f 911/418/721 912/417/721 974/417/721 972/418/721
f 894/395/722 893/394/722 1023/394/722 1024/395/722
f 813/110/723 812/406/723 975/406/723 977/110/723
f 910/405/724 911/418/724 972/418/724 970/405/724
f 895/396/725 894/395/725 1024/395/725 1025/396/725
f 814/107/726 813/110/726 977/110/726 979/107/726
f 909/404/727 910/405/727 970/405/727 968/404/727
f 896/397/728 895/396/728 1025/396/728 1026/397/728
f 815/407/729 814/107/729 979/107/729 981/407/729
f 908/326/730 909/404/730 968/404/730 966/326/730
f 897/398/731 896/397/731 1026/397/731 1027/398/731
f 816/408/732 815/407/732 981/407/732 983/408/732
f 907/332/733 908/326/733 966/326/733 964/332/733
f 898/66/734 897/398/734 1027/398/734 1028/66/734
f 817/409/735 816/408/735 983/408/735 985/409/735
f 791/393/736 792/329/736 1016/329/736 1001/393/736
f 211/82/669 69/83/669 760/365/669 805/82/669
f 211/82/668 805/82/668 804/81/668 210/81/668
f 210/81/667 804/81/667 803/419/667 209/80/667
f 209/80/666 803/419/666 802/420/666 71/78/666
f 71/78/665 802/420/665 801/400/665 70/79/665
f 207/71/664 70/79/664 801/400/664 800/399/664
f 207/71/663 800/399/663 799/421/663 205/69/663
f 205/69/662 799/421/662 798/66/662 203/66/662
f 203/66/661 798/66/661 797/398/661 85/72/661
f 85/72/660 797/398/660 796/397/660 84/327/660
f 337/325/659 84/327/659 796/397/659 795/422/659
f 337/325/658 795/422/658 794/395/658 336/323/658
f 336/323/657 794/395/657 793/423/657 29/328/657
f 30/329/656 29/328/656 793/423/656 792/329/656
f 1/331/656 30/329/656 792/329/656 791/393/656
f 154/20/655 26/19/655 739/19/655 790/392/655
f 153/21/654 154/20/654 790/392/654 789/391/654
f 152/22/653 153/21/653 789/391/653 788/390/653
f 5/24/652 152/22/652 788/390/652 727/24/652
f 136/249/651 23/159/651 738/159/651 787/424/651
f 135/250/650 136/249/650 787/424/650 786/388/650
f 134/251/649 135/250/649 786/388/649 785/387/649
f 3/252/648 134/251/648 785/387/648 725/252/648
f 130/176/647 129/174/647 783/386/647 784/176/647
f 129/174/646 128/173/646 782/385/646 783/386/646
f 128/173/645 16/129/645 733/425/645 782/385/645
f 19/115/644 127/201/644 781/426/644 736/115/644
f 127/201/643 126/199/643 780/427/643 781/426/643
f 126/199/642 125/198/642 779/412/642 780/427/642
f 18/195/641 124/344/641 778/428/641 735/429/641
f 124/344/640 123/343/640 777/430/640 778/428/640
f 123/343/639 122/342/639 776/431/639 777/430/639
f 122/342/638 19/115/638 736/115/638 776/431/638
f 20/143/637 121/186/637 775/379/637 737/372/637
f 121/186/636 120/196/636 774/432/636 775/379/636
f 120/196/635 119/194/635 773/433/635 774/432/635
f 119/194/634 18/195/634 735/429/634 773/433/634
f 16/129/633 118/131/633 772/434/633 733/425/633
f 118/131/632 117/144/632 771/144/632 772/434/632
f 117/144/631 116/142/631 770/435/631 771/144/631
f 116/142/630 20/143/630 737/372/630 770/435/630
f 17/216/629 101/255/629 769/436/629 734/216/629
f 101/255/628 100/254/628 768/437/628 769/436/628
f 100/254/627 99/253/627 767/368/627 768/437/627
f 99/253/626 3/252/626 725/252/626 767/368/626
f 15/220/625 95/219/625 766/219/625 732/438/625
f 95/219/624 94/218/624 765/218/624 766/219/624
f 94/218/623 93/217/623 764/217/623 765/218/623
f 93/217/622 17/216/622 734/216/622 764/217/622
f 13/286/613 80/316/613 763/439/613 731/364/613
f 80/316/612 79/315/612 762/366/612 763/439/612
f 79/315/611 78/314/611 761/314/611 762/366/611
f 78/314/610 4/236/610 726/236/610 761/314/610
f 69/83/605 10/44/605 730/359/605 760/365/605
f 67/172/604 68/171/604 759/416/604 758/172/604
f 6/154/603 67/172/603 758/172/603 728/154/603
f 8/272/211 57/271/211 757/271/211 729/272/211
f 57/271/216 56/281/216 756/281/216 757/271/216
f 56/281/598 55/287/598 755/287/598 756/281/598
f 55/287/597 13/286/597 731/364/597 755/287/597
f 48/155/596 6/154/596 728/154/596 754/155/596
f 47/157/595 48/155/595 754/155/595 753/363/595
f 46/158/594 47/157/594 753/363/594 752/362/594
f 23/159/593 46/158/593 752/362/593 738/159/593
f 45/40/592 5/24/592 727/24/592 751/440/592
f 44/41/591 45/40/591 751/440/591 750/361/591
f 43/42/590 44/41/590 750/361/590 749/360/590
f 10/44/589 43/42/589 749/360/589 730/359/589
f 4/236/588 39/235/588 748/235/588 726/236/588
f 39/235/587 38/234/587 747/234/587 748/235/587
f 38/234/586 37/233/586 746/356/586 747/234/586
f 37/233/585 15/220/585 732/438/585 746/356/585
f 36/302/584 2/301/584 724/351/584 745/441/584
f 35/303/583 36/302/583 745/441/583 744/354/583
f 34/304/582 35/303/582 744/354/582 743/353/582
f 26/19/581 34/304/581 743/353/581 739/19/581
f 2/301/580 33/300/580 742/300/580 724/351/580
f 33/300/579 32/299/579 741/349/579 742/300/579
f 32/299/578 31/289/578 740/442/578 741/349/578
f 31/289/577 8/272/577 729/272/577 740/442/577
f 347/331/670 518/330/670 906/443/670 891/393/670
f 518/330/671 517/332/671 907/332/671 906/443/671
f 517/332/672 516/326/672 908/326/672 907/332/672
f 516/326/673 373/105/673 909/404/673 908/326/673
f 373/105/674 515/104/674 910/405/674 909/404/674
f 515/104/675 571/119/675 911/418/675 910/405/675
f 571/119/676 572/112/676 912/417/676 911/418/676
f 572/112/677 569/110/677 913/110/677 912/417/677
f 569/110/678 567/107/678 914/107/678 913/110/678
f 567/107/679 457/113/679 915/407/679 914/107/679
f 457/113/680 610/203/680 916/444/680 915/407/680
f 610/203/681 611/202/681 917/409/681 916/444/681
f 611/202/682 609/200/682 918/445/682 917/409/682
f 609/200/683 608/197/683 919/197/683 918/445/683
f 608/197/684 471/198/684 879/383/684 919/197/684
f 476/176/685 596/175/685 920/413/685 884/176/685
f 596/175/686 597/170/686 921/414/686 920/413/686
f 597/170/687 594/168/687 922/168/687 921/414/687
f 594/168/688 592/165/688 923/165/688 922/168/688
f 592/165/689 414/171/689 859/171/689 923/165/689
f 906/443/737 907/332/737 964/332/737 962/443/737
f 899/69/738 898/66/738 1028/66/738 1029/69/738
f 818/410/739 817/409/739 985/409/739 987/410/739
f 792/329/740 793/423/740 1015/423/740 1016/329/740
f 891/393/741 906/443/741 962/443/741 1021/393/741
f 900/399/742 899/69/742 1029/69/742 1030/399/742
f 819/411/743 818/410/743 987/410/743 989/411/743
f 793/423/744 794/395/744 1014/395/744 1015/423/744
f 901/400/745 900/399/745 1030/399/745 1031/400/745
f 779/412/746 819/411/746 989/411/746 1000/412/746
f 794/395/747 795/422/747 1013/422/747 1014/395/747
f 902/401/748 901/400/748 1031/400/748 1032/401/748
f 820/413/749 784/176/749 999/176/749 991/413/749
f 795/422/750 796/397/750 1012/397/750 1013/422/750
f 903/80/751 902/401/751 1032/401/751 1033/80/751
f 790/392/655 739/19/655 839/352/655 890/392/655
f 789/391/654 790/392/654 890/392/654 889/391/654
f 788/390/653 789/391/653 889/391/653 888/390/653
f 727/24/652 788/390/652 888/390/652 827/24/652
f 787/424/651 738/159/651 838/159/651 887/389/651
f 786/388/650 787/424/650 887/389/650 886/388/650
f 785/387/649 786/388/649 886/388/649 885/387/649
f 725/252/648 785/387/648 885/387/648 825/252/648
f 784/176/647 783/386/647 883/386/647 884/176/647
f 783/386/646 782/385/646 882/385/646 883/386/646
f 782/385/645 733/425/645 833/375/645 882/385/645
f 736/115/644 781/426/644 881/384/644 836/115/644
f 781/426/643 780/427/643 880/199/643 881/384/643
f 780/427/642 779/412/642 879/383/642 880/199/642
f 735/429/641 778/428/641 878/382/641 835/377/641
f 778/428/640 777/430/640 877/381/640 878/382/640
f 777/430/639 776/431/639 876/380/639 877/381/639
f 776/431/638 736/115/638 836/115/638 876/380/638
f 770/435/752 737/372/752 945/372/752 947/435/752
f 774/432/753 874/378/753 950/378/753 946/432/753
f 774/432/635 773/433/635 873/376/635 874/378/635
f 773/433/634 735/429/634 835/377/634 873/376/634
f 733/425/633 772/434/633 872/374/633 833/375/633
f 772/434/632 771/144/632 871/373/632 872/374/632
f 771/144/631 770/435/631 870/371/631 871/373/631
f 837/372/754 870/371/754 949/371/754 948/372/754
f 834/216/755 864/217/755 958/217/755 957/216/755
f 869/370/756 834/216/756 957/216/756 961/370/756
f 764/217/757 734/216/757 953/216/757 956/217/757
f 767/368/626 725/252/626 825/252/626 867/368/626
f 732/438/625 766/219/625 866/219/625 832/357/625
f 766/219/624 765/218/624 865/218/624 866/219/624
f 765/218/623 764/217/623 864/217/623 865/218/623
f 734/216/758 769/436/758 952/436/758 953/216/758
f 855/287/759 856/281/759 939/281/759 938/287/759
f 726/236/760 748/235/760 932/235/760 928/236/760
f 862/366/761 863/367/761 943/367/761 942/366/761
f 856/281/762 857/271/762 940/271/762 939/281/762
f 760/365/605 730/359/605 830/359/605 860/365/605
f 758/172/604 759/416/604 859/171/604 858/172/604
f 728/154/603 758/172/603 858/172/603 828/154/603
f 729/272/211 757/271/211 857/271/211 829/348/211
f 863/367/763 831/364/763 935/364/763 943/367/763
f 761/314/764 726/236/764 928/236/764 927/314/764
f 755/287/765 731/364/765 925/364/765 931/287/765
f 754/155/596 728/154/596 828/154/596 854/155/596
f 753/363/595 754/155/595 854/155/595 853/363/595
f 752/362/594 753/363/594 853/363/594 852/362/594
f 738/159/593 752/362/593 852/362/593 838/159/593
f 751/440/592 727/24/592 827/24/592 851/40/592
f 750/361/591 751/440/591 851/40/591 850/361/591
f 749/360/590 750/361/590 850/361/590 849/360/590
f 730/359/589 749/360/589 849/360/589 830/359/589
f 762/366/766 761/314/766 927/314/766 926/366/766
f 756/281/767 755/287/767 931/287/767 929/281/767
f 747/234/586 746/356/586 846/356/586 847/234/586
f 746/356/585 732/438/585 832/357/585 846/356/585
f 745/441/584 724/351/584 824/351/584 845/355/584
f 744/354/583 745/441/583 845/355/583 844/354/583
f 743/353/582 744/354/582 844/354/582 843/353/582
f 739/19/581 743/353/581 843/353/581 839/352/581
f 724/351/580 742/300/580 842/350/580 824/351/580
f 742/300/579 741/349/579 841/349/579 842/350/579
f 741/349/578 740/442/578 840/347/578 841/349/578
f 740/442/577 729/272/577 829/348/577 840/347/577
f 925/364/613 924/439/613 943/367/613 935/364/613
f 924/439/612 926/366/612 942/366/612 943/367/612
f 926/366/611 927/314/611 941/314/611 942/366/611
f 927/314/610 928/236/610 934/236/610 941/314/610
f 930/271/216 929/281/216 939/281/216 940/271/216
f 929/281/598 931/287/598 938/287/598 939/281/598
f 931/287/597 925/364/597 935/364/597 938/287/597
f 928/236/588 932/235/588 937/358/588 934/236/588
f 932/235/587 933/234/587 936/234/587 937/358/587
f 861/314/768 862/366/768 942/366/768 941/314/768
f 747/234/769 847/234/769 936/234/769 933/234/769
f 748/235/770 747/234/770 933/234/770 932/235/770
f 831/364/771 855/287/771 938/287/771 935/364/771
f 826/236/772 861/314/772 941/314/772 934/236/772
f 848/358/773 826/236/773 934/236/773 937/358/773
f 731/364/774 763/439/774 924/439/774 925/364/774
f 857/271/775 757/271/775 930/271/775 940/271/775
f 757/271/776 756/281/776 929/281/776 930/271/776
f 847/234/777 848/358/777 937/358/777 936/234/777
f 763/439/778 762/366/778 926/366/778 924/439/778
f 945/372/637 944/379/637 951/379/637 948/372/637
f 944/379/636 946/432/636 950/378/636 951/379/636
f 947/435/630 945/372/630 948/372/630 949/371/630
f 870/371/779 770/435/779 947/435/779 949/371/779
f 874/378/780 875/379/780 951/379/780 950/378/780
f 775/379/781 774/432/781 946/432/781 944/379/781
f 875/379/782 837/372/782 948/372/782 951/379/782
f 737/372/783 775/379/783 944/379/783 945/372/783
f 953/216/629 952/436/629 961/370/629 957/216/629
f 952/436/628 954/437/628 960/369/628 961/370/628
f 954/437/627 955/368/627 959/368/627 960/369/627
f 956/217/622 953/216/622 957/216/622 958/217/622
f 769/436/784 768/437/784 954/437/784 952/436/784
f 767/368/785 867/368/785 959/368/785 955/368/785
f 868/369/786 869/370/786 961/370/786 960/369/786
f 768/437/787 767/368/787 955/368/787 954/437/787
f 864/217/788 764/217/788 956/217/788 958/217/788
f 867/368/789 868/369/789 960/369/789 959/368/789
f 996/165/689 1017/171/689 998/416/689 997/165/689
f 994/168/688 996/165/688 997/165/688 995/415/688
f 992/414/790 994/168/790 995/415/790 993/414/790
f 990/413/791 992/414/791 993/414/791 991/413/791
f 1020/176/792 990/413/792 991/413/792 999/176/792
f 988/197/793 1019/383/793 1000/412/793 989/411/793
f 986/445/794 988/197/794 989/411/794 987/410/794
f 984/409/795 986/445/795 987/410/795 985/409/795
f 982/444/796 984/409/796 985/409/796 983/408/796
f 980/407/797 982/444/797 983/408/797 981/407/797
f 978/107/798 980/407/798 981/407/798 979/107/798
f 976/110/799 978/107/799 979/107/799 977/110/799
f 974/417/800 976/110/800 977/110/800 975/406/800
f 972/418/801 974/417/801 975/406/801 973/119/801
f 970/405/802 972/418/802 973/119/802 971/405/802
f 968/404/803 970/405/803 971/405/803 969/404/803
f 966/326/673 968/404/673 969/404/673 967/326/673
f 964/332/672 966/326/672 967/326/672 965/403/672
f 962/443/804 964/332/804 965/403/804 963/402/804
f 1021/393/805 962/443/805 963/402/805 1001/393/805
f 1003/82/806 1002/365/806 1018/365/806 1035/82/806
f 1003/82/668 1035/82/668 1034/81/668 1004/81/668
f 1004/81/667 1034/81/667 1033/80/667 1005/419/667
f 1005/419/807 1033/80/807 1032/401/807 1006/420/807
f 1006/420/808 1032/401/808 1031/400/808 1007/400/808
f 1008/399/809 1007/400/809 1031/400/809 1030/399/809
f 1008/399/663 1030/399/663 1029/69/663 1009/421/663
f 1009/421/662 1029/69/662 1028/66/662 1010/66/662
f 1010/66/810 1028/66/810 1027/398/810 1011/398/810
f 1011/398/811 1027/398/811 1026/397/811 1012/397/811
f 1013/422/812 1012/397/812 1026/397/812 1025/396/812
f 1013/422/813 1025/396/813 1024/395/813 1014/395/813
f 1014/395/814 1024/395/814 1023/394/814 1015/423/814
f 1016/329/815 1015/423/815 1023/394/815 1022/329/815
f 1001/393/816 1016/329/816 1022/329/816 1021/393/816
f 811/119/817 810/405/817 971/405/817 973/119/817
f 892/329/818 891/393/818 1021/393/818 1022/329/818
f 913/110/819 914/107/819 978/107/819 976/110/819
f 810/405/820 809/404/820 969/404/820 971/405/820
f 914/107/821 915/407/821 980/407/821 978/107/821
f 809/404/822 808/326/822 967/326/822 969/404/822
f 915/407/823 916/444/823 982/444/823 980/407/823
f 808/326/824 807/403/824 965/403/824 967/326/824
f 916/444/825 917/409/825 984/409/825 982/444/825
f 807/403/826 806/402/826 963/402/826 965/403/826
f 917/409/827 918/445/827 986/445/827 984/409/827
f 784/176/828 884/176/828 1020/176/828 999/176/828
f 806/402/829 791/393/829 1001/393/829 963/402/829
f 918/445/830 919/197/830 988/197/830 986/445/830
f 805/82/831 760/365/831 1002/365/831 1003/82/831
f 859/171/832 759/416/832 998/416/832 1017/171/832
f 919/197/833 879/383/833 1019/383/833 988/197/833
f 804/81/834 805/82/834 1003/82/834 1004/81/834
f 760/365/835 860/365/835 1018/365/835 1002/365/835
f 884/176/836 920/413/836 990/413/836 1020/176/836
f 803/419/837 804/81/837 1004/81/837 1005/419/837
f 920/413/838 921/414/838 992/414/838 990/413/838
f 802/420/839 803/419/839 1005/419/839 1006/420/839
f 921/414/840 922/168/840 994/168/840 992/414/840
f 801/400/841 802/420/841 1006/420/841 1007/400/841
f 922/168/842 923/165/842 996/165/842 994/168/842
f 800/399/843 801/400/843 1007/400/843 1008/399/843
f 923/165/844 859/171/844 1017/171/844 996/165/844
f 799/421/845 800/399/845 1008/399/845 1009/421/845
f 759/416/846 823/165/846 997/165/846 998/416/846
f 860/365/847 905/82/847 1035/82/847 1018/365/847
f 798/66/848 799/421/848 1009/421/848 1010/66/848
f 823/165/849 822/415/849 995/415/849 997/165/849
f 905/82/850 904/81/850 1034/81/850 1035/82/850
f 797/398/851 798/66/851 1010/66/851 1011/398/851
f 822/415/852 821/414/852 993/414/852 995/415/852
f 904/81/853 903/80/853 1033/80/853 1034/81/853
f 796/397/854 797/398/854 1011/398/854 1012/397/854
f 821/414/855 820/413/855 991/413/855 993/414/855
f 1211/1/856 1214/4/856 1215/3/856 1212/2/856
f 1212/2/857 1215/3/857 1216/6/857 1213/5/857
f 1214/4/858 1217/8/858 1218/7/858 1215/3/858
f 1215/3/859 1218/7/859 1219/9/859 1216/6/859
f 1044/10/860 1095/12/860 1211/1/860 1181/11/860
f 1181/11/861 1211/1/861 1212/2/861 1182/13/861
f 1182/13/862 1212/2/862 1213/5/862 1183/14/862
f 1183/14/863 1213/5/863 1193/16/863 1059/15/863
f 1213/5/864 1216/6/864 1194/17/864 1193/16/864
f 1216/6/865 1219/9/865 1195/18/865 1194/17/865
f 1219/9/866 1189/20/866 1061/19/866 1195/18/866
f 1218/7/867 1188/21/867 1189/20/867 1219/9/867
f 1217/8/868 1187/22/868 1188/21/868 1218/7/868
f 1093/23/869 1040/24/869 1187/22/869 1217/8/869
f 1094/25/870 1093/23/870 1217/8/870 1214/4/870
f 1095/12/871 1094/25/871 1214/4/871 1211/1/871
f 1220/26/872 1223/29/872 1224/28/872 1221/27/872
f 1221/27/873 1224/28/873 1225/31/873 1222/30/873
f 1223/29/874 1226/33/874 1227/32/874 1224/28/874
f 1224/28/875 1227/32/875 1228/34/875 1225/31/875
f 1046/35/876 1109/37/876 1220/26/876 1096/36/876
f 1096/36/877 1220/26/877 1221/27/877 1097/38/877
f 1097/38/878 1221/27/878 1222/30/878 1098/39/878
f 1098/39/879 1222/30/879 1095/12/879 1044/10/879
f 1222/30/880 1225/31/880 1094/25/880 1095/12/880
f 1225/31/881 1228/34/881 1093/23/881 1094/25/881
f 1228/34/882 1080/40/882 1040/24/882 1093/23/882
f 1227/32/883 1079/41/883 1080/40/883 1228/34/883
f 1226/33/884 1078/42/884 1079/41/884 1227/32/884
f 1107/43/885 1045/44/885 1078/42/885 1226/33/885
f 1108/45/886 1107/43/886 1226/33/886 1223/29/886
f 1109/37/887 1108/45/887 1223/29/887 1220/26/887
f 1229/46/888 1232/49/888 1233/48/888 1230/47/888
f 1230/47/889 1233/48/889 1234/51/889 1231/50/889
f 1232/49/890 1235/53/890 1236/52/890 1233/48/890
f 1233/48/891 1236/52/891 1237/54/891 1234/51/891
f 1047/55/892 1112/57/892 1229/46/892 1184/56/892
f 1184/56/893 1229/46/893 1230/47/893 1185/58/893
f 1185/58/894 1230/47/894 1231/50/894 1186/59/894
f 1186/59/895 1231/50/895 1190/61/895 1060/60/895
f 1231/50/896 1234/51/896 1191/62/896 1190/61/896
f 1234/51/897 1237/54/897 1192/63/897 1191/62/897
f 1237/54/898 1183/14/898 1059/15/898 1192/63/898
f 1236/52/899 1182/13/899 1183/14/899 1237/54/899
f 1235/53/900 1181/11/900 1182/13/900 1236/52/900
f 1110/64/901 1044/10/901 1181/11/901 1235/53/901
f 1111/65/902 1110/64/902 1235/53/902 1232/49/902
f 1112/57/903 1111/65/903 1232/49/903 1229/46/903
f 1238/66/904 1240/69/904 1241/68/904 1239/67/904
f 1240/69/905 1242/71/905 1243/70/905 1241/68/905
f 1120/72/906 1238/66/906 1239/67/906 1121/73/906
f 1121/73/907 1239/67/907 1118/75/907 1049/74/907
f 1239/67/908 1241/68/908 1117/76/908 1118/75/908
f 1241/68/909 1243/70/909 1116/77/909 1117/76/909
f 1243/70/910 1106/78/910 1046/35/910 1116/77/910
f 1242/71/911 1105/79/911 1106/78/911 1243/70/911
f 1106/78/912 1244/80/912 1109/37/912 1046/35/912
f 1244/80/913 1245/81/913 1108/45/913 1109/37/913
f 1245/81/914 1246/82/914 1107/43/914 1108/45/914
f 1246/82/915 1104/83/915 1045/44/915 1107/43/915
f 1247/84/916 1250/87/916 1251/86/916 1248/85/916
f 1248/85/917 1251/86/917 1252/89/917 1249/88/917
f 1250/87/918 1253/91/918 1254/90/918 1251/86/918
f 1251/86/919 1254/90/919 1255/92/919 1252/89/919
f 1063/93/920 1202/95/920 1247/84/920 1201/94/920
f 1201/94/921 1247/84/921 1248/85/921 1200/96/921
f 1200/96/922 1248/85/922 1249/88/922 1199/97/922
f 1199/97/923 1249/88/923 1127/98/923 1047/55/923
f 1249/88/924 1252/89/924 1126/99/924 1127/98/924
f 1252/89/925 1255/92/925 1125/100/925 1126/99/925
f 1255/92/926 1087/101/926 1049/74/926 1125/100/926
f 1254/90/927 1088/102/927 1087/101/927 1255/92/927
f 1253/91/928 1089/103/928 1088/102/928 1254/90/928
f 1204/104/929 1062/105/929 1089/103/929 1253/91/929
f 1203/106/930 1204/104/930 1253/91/930 1250/87/930
f 1202/95/931 1203/106/931 1250/87/931 1247/84/931
f 1256/107/932 1258/110/932 1259/109/932 1257/108/932
f 1258/110/933 1261/112/933 1262/111/933 1259/109/933
f 1146/113/934 1256/107/934 1257/108/934 1147/114/934
f 1147/114/935 1257/108/935 1150/116/935 1054/115/935
f 1257/108/936 1259/109/936 1149/117/936 1150/116/936
f 1259/109/937 1262/111/937 1148/118/937 1149/117/937
f 1262/111/938 1202/95/938 1063/93/938 1148/118/938
f 1261/112/939 1203/106/939 1202/95/939 1262/111/939
f 1260/119/940 1204/104/940 1203/106/940 1261/112/940
f 1263/120/941 1266/123/941 1267/122/941 1264/121/941
f 1264/121/942 1267/122/942 1268/125/942 1265/124/942
f 1266/123/943 1269/127/943 1270/126/943 1267/122/943
f 1267/122/944 1270/126/944 1271/128/944 1268/125/944
f 1051/129/945 1153/131/945 1263/120/945 1143/130/945
f 1143/130/946 1263/120/946 1264/121/946 1144/132/946
f 1144/132/947 1264/121/947 1265/124/947 1145/133/947
f 1145/133/948 1265/124/948 1174/135/948 1056/134/948
f 1265/124/949 1268/125/949 1173/136/949 1174/135/949
f 1268/125/950 1271/128/950 1172/137/950 1173/136/950
f 1271/128/951 1168/139/951 1057/138/951 1172/137/951
f 1270/126/952 1167/140/952 1168/139/952 1271/128/952
f 1269/127/953 1166/141/953 1167/140/953 1270/126/953
f 1151/142/954 1055/143/954 1166/141/954 1269/127/954
f 1152/144/955 1151/142/955 1269/127/955 1266/123/955
f 1153/131/956 1152/144/956 1266/123/956 1263/120/956
f 1272/145/957 1275/148/957 1276/147/957 1273/146/957
f 1273/146/958 1276/147/958 1277/150/958 1274/149/958
f 1275/148/959 1278/152/959 1279/151/959 1276/147/959
f 1276/147/960 1279/151/960 1280/153/960 1277/150/960
f 1041/154/961 1086/156/961 1272/145/961 1083/155/961
f 1083/155/962 1272/145/962 1273/146/962 1082/157/962
f 1082/157/963 1273/146/963 1274/149/963 1081/158/963
f 1081/158/964 1274/149/964 1180/160/964 1058/159/964
f 1274/149/965 1277/150/965 1179/161/965 1180/160/965
f 1277/150/966 1280/153/966 1178/162/966 1179/161/966
f 1280/153/967 1145/133/967 1056/134/967 1178/162/967
f 1279/151/968 1144/132/968 1145/133/968 1280/153/968
f 1278/152/969 1143/130/969 1144/132/969 1279/151/969
f 1084/163/970 1051/129/970 1143/130/970 1278/152/970
f 1085/164/971 1084/163/971 1278/152/971 1275/148/971
f 1086/156/972 1085/164/972 1275/148/972 1272/145/972
f 1281/165/973 1283/168/973 1284/167/973 1282/166/973
f 1283/168/974 1286/170/974 1287/169/974 1284/167/974
f 1103/171/975 1281/165/975 1282/166/975 1102/172/975
f 1102/172/976 1282/166/976 1086/156/976 1041/154/976
f 1282/166/977 1284/167/977 1085/164/977 1086/156/977
f 1284/167/978 1287/169/978 1084/163/978 1085/164/978
f 1287/169/979 1163/173/979 1051/129/979 1084/163/979
f 1286/170/980 1164/174/980 1163/173/980 1287/169/980
f 1285/175/981 1165/176/981 1164/174/981 1286/170/981
f 1288/177/982 1291/180/982 1292/179/982 1289/178/982
f 1289/178/983 1292/179/983 1293/182/983 1290/181/983
f 1291/180/984 1294/184/984 1295/183/984 1292/179/984
f 1292/179/985 1295/183/985 1296/185/985 1293/182/985
f 1055/143/986 1156/186/986 1288/177/986 1166/141/986
f 1166/141/987 1288/177/987 1289/178/987 1167/140/987
f 1167/140/988 1289/178/988 1290/181/988 1168/139/988
f 1168/139/989 1290/181/989 1177/187/989 1057/138/989
f 1290/181/990 1293/182/990 1176/188/990 1177/187/990
f 1293/182/991 1296/185/991 1175/189/991 1176/188/991
f 1296/185/992 1140/191/992 1042/190/992 1175/189/992
f 1295/183/993 1141/192/993 1140/191/993 1296/185/993
f 1294/184/994 1142/193/994 1141/192/994 1295/183/994
f 1154/194/995 1053/195/995 1142/193/995 1294/184/995
f 1155/196/996 1154/194/996 1294/184/996 1291/180/996
f 1156/186/997 1155/196/997 1291/180/997 1288/177/997
f 1297/197/998 1298/200/998 1161/199/998 1160/198/998
f 1298/200/999 1300/202/999 1162/201/999 1161/199/999
f 1300/202/1000 1147/114/1000 1054/115/1000 1162/201/1000
f 1299/203/1001 1146/113/1001 1147/114/1001 1300/202/1001
f 1301/204/1002 1304/207/1002 1305/206/1002 1302/205/1002
f 1302/205/1003 1305/206/1003 1306/209/1003 1303/208/1003
f 1304/207/1004 1307/211/1004 1308/210/1004 1305/206/1004
f 1305/206/1005 1308/210/1005 1309/212/1005 1306/209/1005
f 1056/134/1006 1174/135/1006 1301/204/1006 1137/213/1006
f 1137/213/1007 1301/204/1007 1302/205/1007 1138/214/1007
f 1138/214/1008 1302/205/1008 1303/208/1008 1139/215/1008
f 1139/215/1009 1303/208/1009 1128/217/1009 1052/216/1009
f 1303/208/1010 1306/209/1010 1129/218/1010 1128/217/1010
f 1306/209/1011 1309/212/1011 1130/219/1011 1129/218/1011
f 1309/212/1012 1133/221/1012 1050/220/1012 1130/219/1012
f 1308/210/1013 1132/222/1013 1133/221/1013 1309/212/1013
f 1307/211/1014 1131/223/1014 1132/222/1014 1308/210/1014
f 1172/137/1015 1057/138/1015 1131/223/1015 1307/211/1015
f 1173/136/1016 1172/137/1016 1307/211/1016 1304/207/1016
f 1174/135/1017 1173/136/1017 1304/207/1017 1301/204/1017
f 1310/224/1018 1313/227/1018 1314/226/1018 1311/225/1018
f 1311/225/1019 1314/226/1019 1315/229/1019 1312/228/1019
f 1313/227/1020 1316/231/1020 1317/230/1020 1314/226/1020
f 1314/226/1021 1317/230/1021 1318/232/1021 1315/229/1021
f 1057/138/1022 1177/187/1022 1310/224/1022 1131/223/1022
f 1131/223/1023 1310/224/1023 1311/225/1023 1132/222/1023
f 1132/222/1024 1311/225/1024 1312/228/1024 1133/221/1024
f 1133/221/1025 1312/228/1025 1072/233/1025 1050/220/1025
f 1312/228/1026 1315/229/1026 1073/234/1026 1072/233/1026
f 1315/229/1027 1318/232/1027 1074/235/1027 1073/234/1027
f 1318/232/1028 1077/237/1028 1039/236/1028 1074/235/1028
f 1317/230/1029 1076/238/1029 1077/237/1029 1318/232/1029
f 1316/231/1030 1075/239/1030 1076/238/1030 1317/230/1030
f 1175/189/1031 1042/190/1031 1075/239/1031 1316/231/1031
f 1176/188/1032 1175/189/1032 1316/231/1032 1313/227/1032
f 1177/187/1033 1176/188/1033 1313/227/1033 1310/224/1033
f 1319/240/1034 1322/243/1034 1323/242/1034 1320/241/1034
f 1320/241/1035 1323/242/1035 1324/245/1035 1321/244/1035
f 1322/243/1036 1325/247/1036 1326/246/1036 1323/242/1036
f 1323/242/1037 1326/246/1037 1327/248/1037 1324/245/1037
f 1058/159/1038 1180/160/1038 1319/240/1038 1171/249/1038
f 1171/249/1039 1319/240/1039 1320/241/1039 1170/250/1039
f 1170/250/1040 1320/241/1040 1321/244/1040 1169/251/1040
f 1169/251/1041 1321/244/1041 1134/253/1041 1038/252/1041
f 1321/244/1042 1324/245/1042 1135/254/1042 1134/253/1042
f 1324/245/1043 1327/248/1043 1136/255/1043 1135/254/1043
f 1327/248/1044 1139/215/1044 1052/216/1044 1136/255/1044
f 1326/246/1045 1138/214/1045 1139/215/1045 1327/248/1045
f 1325/247/1046 1137/213/1046 1138/214/1046 1326/246/1046
f 1178/162/1047 1056/134/1047 1137/213/1047 1325/247/1047
f 1179/161/1048 1178/162/1048 1325/247/1048 1322/243/1048
f 1180/160/1049 1179/161/1049 1322/243/1049 1319/240/1049
f 1328/256/1050 1331/259/1050 1332/258/1050 1329/257/1050
f 1329/257/1051 1332/258/1051 1333/261/1051 1330/260/1051
f 1331/259/1052 1334/263/1052 1335/262/1052 1332/258/1052
f 1332/258/1053 1335/262/1053 1336/264/1053 1333/261/1053
f 1047/55/1054 1184/56/1054 1328/256/1054 1199/97/1054
f 1199/97/1055 1328/256/1055 1329/257/1055 1200/96/1055
f 1200/96/1056 1329/257/1056 1330/260/1056 1201/94/1056
f 1201/94/1057 1330/260/1057 1210/265/1057 1063/93/1057
f 1330/260/1058 1333/261/1058 1209/266/1058 1210/265/1058
f 1333/261/1059 1336/264/1059 1208/267/1059 1209/266/1059
f 1336/264/1060 1196/268/1060 1042/190/1060 1208/267/1060
f 1335/262/1061 1197/269/1061 1196/268/1061 1336/264/1061
f 1334/263/1062 1198/270/1062 1197/269/1062 1335/262/1062
f 1186/59/1063 1060/60/1063 1198/270/1063 1334/263/1063
f 1185/58/1064 1186/59/1064 1334/263/1064 1331/259/1064
f 1184/56/1065 1185/58/1065 1331/259/1065 1328/256/1065
f 1092/271/1066 1732/271/1066 1728/272/1066 1043/272/1066
f 1348/273/1067 1746/273/1067 1745/274/1067 1347/274/1067
f 1340/275/1068 1343/278/1068 1344/277/1068 1341/276/1068
f 1340/275/1069 1740/275/1069 1737/279/1069 1337/279/1069
f 1060/60/1070 1190/61/1070 1337/279/1070 1122/280/1070
f 1091/281/1071 1731/281/1071 1732/271/1071 1092/271/1071
f 1123/282/1072 1338/285/1072 1339/284/1072 1124/283/1072
f 1124/283/1073 1339/284/1073 1090/287/1073 1048/286/1073
f 1339/284/1074 1342/288/1074 1091/281/1074 1090/287/1074
f 1066/289/1075 1729/289/1075 1746/273/1075 1348/273/1075
f 1342/288/1076 1742/288/1076 1731/281/1076 1091/281/1076
f 1338/285/1077 1738/285/1077 1739/284/1077 1339/284/1077
f 1343/278/1078 1099/291/1078 1100/290/1078 1344/277/1078
f 1192/63/1079 1059/15/1079 1099/291/1079 1343/278/1079
f 1191/62/1080 1192/63/1080 1343/278/1080 1340/275/1080
f 1190/61/1081 1191/62/1081 1340/275/1081 1337/279/1081
f 1346/292/1082 1349/294/1082 1350/293/1082 1347/274/1082
f 1347/274/1083 1350/293/1083 1351/295/1083 1348/273/1083
f 1349/294/1084 1352/297/1084 1353/296/1084 1350/293/1084
f 1350/293/1085 1353/296/1085 1354/298/1085 1351/295/1085
f 1059/15/1086 1193/16/1086 1346/292/1086 1099/291/1086
f 1099/291/1087 1346/292/1087 1347/274/1087 1100/290/1087
f 1344/277/1088 1743/277/1088 1741/276/1088 1341/276/1088
f 1347/274/1089 1745/274/1089 1733/290/1089 1100/290/1089
f 1348/273/1090 1351/295/1090 1067/299/1090 1066/289/1090
f 1351/295/1091 1354/298/1091 1068/300/1091 1067/299/1091
f 1354/298/1092 1071/302/1092 1037/301/1092 1068/300/1092
f 1353/296/1093 1070/303/1093 1071/302/1093 1354/298/1093
f 1352/297/1094 1069/304/1094 1070/303/1094 1353/296/1094
f 1195/18/1095 1061/19/1095 1069/304/1095 1352/297/1095
f 1194/17/1096 1195/18/1096 1352/297/1096 1349/294/1096
f 1193/16/1097 1194/17/1097 1349/294/1097 1346/292/1097
f 1355/305/1098 1358/308/1098 1359/307/1098 1356/306/1098
f 1356/306/1099 1359/307/1099 1360/310/1099 1357/309/1099
f 1358/308/1100 1361/312/1100 1362/311/1100 1359/307/1100
f 1359/307/1101 1362/311/1101 1363/313/1101 1360/310/1101
f 1060/60/1102 1122/280/1102 1355/305/1102 1198/270/1102
f 1198/270/1103 1355/305/1103 1356/306/1103 1197/269/1103
f 1197/269/1104 1356/306/1104 1357/309/1104 1196/268/1104
f 1196/268/1105 1357/309/1105 1075/239/1105 1042/190/1105
f 1357/309/1106 1360/310/1106 1076/238/1106 1075/239/1106
f 1360/310/1107 1363/313/1107 1077/237/1107 1076/238/1107
f 1363/313/1108 1113/314/1108 1039/236/1108 1077/237/1108
f 1362/311/1109 1114/315/1109 1113/314/1109 1363/313/1109
f 1361/312/1110 1115/316/1110 1114/315/1110 1362/311/1110
f 1124/283/1111 1048/286/1111 1115/316/1111 1361/312/1111
f 1123/282/1112 1124/283/1112 1361/312/1112 1358/308/1112
f 1122/280/1113 1123/282/1113 1358/308/1113 1355/305/1113
f 1364/317/1114 1367/320/1114 1368/319/1114 1365/318/1114
f 1365/318/1115 1368/319/1115 1369/322/1115 1366/321/1115
f 1367/320/1116 1370/324/1116 1371/323/1116 1368/319/1116
f 1368/319/1117 1371/323/1117 1372/325/1117 1369/322/1117
f 1062/105/1118 1205/326/1118 1364/317/1118 1089/103/1118
f 1089/103/1119 1364/317/1119 1365/318/1119 1088/102/1119
f 1088/102/1120 1365/318/1120 1366/321/1120 1087/101/1120
f 1087/101/1121 1366/321/1121 1121/73/1121 1049/74/1121
f 1366/321/1122 1369/322/1122 1120/72/1122 1121/73/1122
f 1369/322/1123 1372/325/1123 1119/327/1123 1120/72/1123
f 1370/324/1124 1065/329/1124 1064/328/1124 1371/323/1124
f 1207/330/1125 1036/331/1125 1065/329/1125 1370/324/1125
f 1206/332/1126 1207/330/1126 1370/324/1126 1367/320/1126
f 1205/326/1127 1206/332/1127 1367/320/1127 1364/317/1127
f 1373/333/1128 1376/336/1128 1377/335/1128 1374/334/1128
f 1374/334/1129 1377/335/1129 1378/338/1129 1375/337/1129
f 1376/336/1130 1379/340/1130 1380/339/1130 1377/335/1130
f 1377/335/1131 1380/339/1131 1381/341/1131 1378/338/1131
f 1063/93/1132 1210/265/1132 1373/333/1132 1148/118/1132
f 1148/118/1133 1373/333/1133 1374/334/1133 1149/117/1133
f 1149/117/1134 1374/334/1134 1375/337/1134 1150/116/1134
f 1150/116/1135 1375/337/1135 1157/342/1135 1054/115/1135
f 1375/337/1136 1378/338/1136 1158/343/1136 1157/342/1136
f 1378/338/1137 1381/341/1137 1159/344/1137 1158/343/1137
f 1381/341/1138 1142/193/1138 1053/195/1138 1159/344/1138
f 1380/339/1139 1141/192/1139 1142/193/1139 1381/341/1139
f 1379/340/1140 1140/191/1140 1141/192/1140 1380/339/1140
f 1208/267/1141 1042/190/1141 1140/191/1141 1379/340/1141
f 1209/266/1142 1208/267/1142 1379/340/1142 1376/336/1142
f 1210/265/1143 1209/266/1143 1376/336/1143 1373/333/1143
f 1557/1/1144 1558/2/1144 1561/3/1144 1560/4/1144
f 1558/2/1145 1559/5/1145 1562/6/1145 1561/3/1145
f 1560/4/1146 1561/3/1146 1564/7/1146 1563/8/1146
f 1561/3/1147 1562/6/1147 1565/9/1147 1564/7/1147
f 1390/10/1148 1527/11/1148 1557/1/1148 1441/12/1148
f 1527/11/1149 1528/13/1149 1558/2/1149 1557/1/1149
f 1528/13/1150 1529/14/1150 1559/5/1150 1558/2/1150
f 1529/14/1151 1405/15/1151 1539/16/1151 1559/5/1151
f 1559/5/1152 1539/16/1152 1540/17/1152 1562/6/1152
f 1562/6/1153 1540/17/1153 1541/18/1153 1565/9/1153
f 1565/9/1154 1541/18/1154 1407/19/1154 1535/20/1154
f 1564/7/1155 1565/9/1155 1535/20/1155 1534/21/1155
f 1563/8/1156 1564/7/1156 1534/21/1156 1533/22/1156
f 1439/23/1157 1563/8/1157 1533/22/1157 1386/24/1157
f 1440/25/1158 1560/4/1158 1563/8/1158 1439/23/1158
f 1441/12/1159 1557/1/1159 1560/4/1159 1440/25/1159
f 1566/26/1160 1567/27/1160 1570/28/1160 1569/29/1160
f 1567/27/1161 1568/30/1161 1571/31/1161 1570/28/1161
f 1569/29/1162 1570/28/1162 1573/32/1162 1572/33/1162
f 1570/28/1163 1571/31/1163 1574/34/1163 1573/32/1163
f 1392/35/1164 1442/36/1164 1566/26/1164 1455/37/1164
f 1442/36/1165 1443/38/1165 1567/27/1165 1566/26/1165
f 1443/38/1166 1444/39/1166 1568/30/1166 1567/27/1166
f 1444/39/1167 1390/10/1167 1441/12/1167 1568/30/1167
f 1568/30/1168 1441/12/1168 1440/25/1168 1571/31/1168
f 1571/31/1169 1440/25/1169 1439/23/1169 1574/34/1169
f 1574/34/1170 1439/23/1170 1386/24/1170 1426/40/1170
f 1573/32/1171 1574/34/1171 1426/40/1171 1425/41/1171
f 1572/33/1172 1573/32/1172 1425/41/1172 1424/42/1172
f 1453/43/1173 1572/33/1173 1424/42/1173 1391/44/1173
f 1454/45/1174 1569/29/1174 1572/33/1174 1453/43/1174
f 1455/37/1175 1566/26/1175 1569/29/1175 1454/45/1175
f 1575/46/1176 1576/47/1176 1579/48/1176 1578/49/1176
f 1576/47/1177 1577/50/1177 1580/51/1177 1579/48/1177
f 1578/49/1178 1579/48/1178 1582/52/1178 1581/53/1178
f 1579/48/1179 1580/51/1179 1583/54/1179 1582/52/1179
f 1393/55/1180 1530/56/1180 1575/46/1180 1458/57/1180
f 1530/56/1181 1531/58/1181 1576/47/1181 1575/46/1181
f 1531/58/1182 1532/59/1182 1577/50/1182 1576/47/1182
f 1536/61/1183 1750/61/1183 1101/60/1183 1406/60/1183
f 1577/50/1184 1536/61/1184 1537/62/1184 1580/51/1184
f 1580/51/1185 1537/62/1185 1538/63/1185 1583/54/1185
f 1583/54/1186 1538/63/1186 1405/15/1186 1529/14/1186
f 1582/52/1187 1583/54/1187 1529/14/1187 1528/13/1187
f 1581/53/1188 1582/52/1188 1528/13/1188 1527/11/1188
f 1456/64/1189 1581/53/1189 1527/11/1189 1390/10/1189
f 1457/65/1190 1578/49/1190 1581/53/1190 1456/64/1190
f 1458/57/1191 1575/46/1191 1578/49/1191 1457/65/1191
f 1584/66/1192 1585/67/1192 1587/68/1192 1586/69/1192
f 1586/69/1193 1587/68/1193 1589/70/1193 1588/71/1193
f 1466/72/1194 1467/73/1194 1585/67/1194 1584/66/1194
f 1467/73/1195 1395/74/1195 1464/75/1195 1585/67/1195
f 1585/67/1196 1464/75/1196 1463/76/1196 1587/68/1196
f 1587/68/1197 1463/76/1197 1462/77/1197 1589/70/1197
f 1589/70/1198 1462/77/1198 1392/35/1198 1452/78/1198
f 1588/71/1199 1589/70/1199 1452/78/1199 1451/79/1199
f 1452/78/1200 1392/35/1200 1455/37/1200 1590/80/1200
f 1590/80/1201 1455/37/1201 1454/45/1201 1591/81/1201
f 1591/81/1202 1454/45/1202 1453/43/1202 1592/82/1202
f 1592/82/1203 1453/43/1203 1391/44/1203 1450/83/1203
f 1593/84/1204 1594/85/1204 1597/86/1204 1596/87/1204
f 1594/85/1205 1595/88/1205 1598/89/1205 1597/86/1205
f 1596/87/1206 1597/86/1206 1600/90/1206 1599/91/1206
f 1597/86/1207 1598/89/1207 1601/92/1207 1600/90/1207
f 1409/93/1208 1547/94/1208 1593/84/1208 1548/95/1208
f 1547/94/1209 1546/96/1209 1594/85/1209 1593/84/1209
f 1546/96/1210 1545/97/1210 1595/88/1210 1594/85/1210
f 1545/97/1211 1393/55/1211 1473/98/1211 1595/88/1211
f 1595/88/1212 1473/98/1212 1472/99/1212 1598/89/1212
f 1598/89/1213 1472/99/1213 1471/100/1213 1601/92/1213
f 1601/92/1214 1471/100/1214 1395/74/1214 1433/101/1214
f 1600/90/1215 1601/92/1215 1433/101/1215 1434/102/1215
f 1599/91/1216 1600/90/1216 1434/102/1216 1435/103/1216
f 1550/104/1217 1599/91/1217 1435/103/1217 1408/105/1217
f 1549/106/1218 1596/87/1218 1599/91/1218 1550/104/1218
f 1548/95/1219 1593/84/1219 1596/87/1219 1549/106/1219
f 1602/107/1220 1603/108/1220 1605/109/1220 1604/110/1220
f 1604/110/1221 1605/109/1221 1608/111/1221 1607/112/1221
f 1492/113/1222 1493/114/1222 1603/108/1222 1602/107/1222
f 1493/114/1223 1400/115/1223 1496/116/1223 1603/108/1223
f 1603/108/1224 1496/116/1224 1495/117/1224 1605/109/1224
f 1605/109/1225 1495/117/1225 1494/118/1225 1608/111/1225
f 1608/111/1226 1494/118/1226 1409/93/1226 1548/95/1226
f 1607/112/1227 1608/111/1227 1548/95/1227 1549/106/1227
f 1606/119/1228 1607/112/1228 1549/106/1228 1550/104/1228
f 1609/120/1229 1610/121/1229 1613/122/1229 1612/123/1229
f 1610/121/1230 1611/124/1230 1614/125/1230 1613/122/1230
f 1612/123/1231 1613/122/1231 1616/126/1231 1615/127/1231
f 1613/122/1232 1614/125/1232 1617/128/1232 1616/126/1232
f 1397/129/1233 1489/130/1233 1609/120/1233 1499/131/1233
f 1489/130/1234 1490/132/1234 1610/121/1234 1609/120/1234
f 1490/132/1235 1491/133/1235 1611/124/1235 1610/121/1235
f 1491/133/1236 1402/134/1236 1520/135/1236 1611/124/1236
f 1611/124/1237 1520/135/1237 1519/136/1237 1614/125/1237
f 1614/125/1238 1519/136/1238 1518/137/1238 1617/128/1238
f 1617/128/1239 1518/137/1239 1403/138/1239 1514/139/1239
f 1616/126/1240 1617/128/1240 1514/139/1240 1513/140/1240
f 1615/127/1241 1616/126/1241 1513/140/1241 1512/141/1241
f 1497/142/1242 1615/127/1242 1512/141/1242 1401/143/1242
f 1498/144/1243 1612/123/1243 1615/127/1243 1497/142/1243
f 1499/131/1244 1609/120/1244 1612/123/1244 1498/144/1244
f 1618/145/1245 1619/146/1245 1622/147/1245 1621/148/1245
f 1619/146/1246 1620/149/1246 1623/150/1246 1622/147/1246
f 1621/148/1247 1622/147/1247 1625/151/1247 1624/152/1247
f 1622/147/1248 1623/150/1248 1626/153/1248 1625/151/1248
f 1387/154/1249 1429/155/1249 1618/145/1249 1432/156/1249
f 1429/155/1250 1428/157/1250 1619/146/1250 1618/145/1250
f 1428/157/1251 1427/158/1251 1620/149/1251 1619/146/1251
f 1427/158/1252 1404/159/1252 1526/160/1252 1620/149/1252
f 1620/149/1253 1526/160/1253 1525/161/1253 1623/150/1253
f 1623/150/1254 1525/161/1254 1524/162/1254 1626/153/1254
f 1626/153/1255 1524/162/1255 1402/134/1255 1491/133/1255
f 1625/151/1256 1626/153/1256 1491/133/1256 1490/132/1256
f 1624/152/1257 1625/151/1257 1490/132/1257 1489/130/1257
f 1430/163/1258 1624/152/1258 1489/130/1258 1397/129/1258
f 1431/164/1259 1621/148/1259 1624/152/1259 1430/163/1259
f 1432/156/1260 1618/145/1260 1621/148/1260 1431/164/1260
f 1627/165/1261 1628/166/1261 1630/167/1261 1629/168/1261
f 1629/168/1262 1630/167/1262 1633/169/1262 1632/170/1262
f 1449/171/1263 1448/172/1263 1628/166/1263 1627/165/1263
f 1448/172/1264 1387/154/1264 1432/156/1264 1628/166/1264
f 1628/166/1265 1432/156/1265 1431/164/1265 1630/167/1265
f 1630/167/1266 1431/164/1266 1430/163/1266 1633/169/1266
f 1633/169/1267 1430/163/1267 1397/129/1267 1509/173/1267
f 1632/170/1268 1633/169/1268 1509/173/1268 1510/174/1268
f 1631/175/1269 1632/170/1269 1510/174/1269 1511/176/1269
f 1634/177/1270 1635/178/1270 1638/179/1270 1637/180/1270
f 1635/178/1271 1636/181/1271 1639/182/1271 1638/179/1271
f 1637/180/1272 1638/179/1272 1641/183/1272 1640/184/1272
f 1638/179/1273 1639/182/1273 1642/185/1273 1641/183/1273
f 1401/143/1274 1512/141/1274 1634/177/1274 1502/186/1274
f 1512/141/1275 1513/140/1275 1635/178/1275 1634/177/1275
f 1513/140/1276 1514/139/1276 1636/181/1276 1635/178/1276
f 1514/139/1277 1403/138/1277 1523/187/1277 1636/181/1277
f 1636/181/1278 1523/187/1278 1522/188/1278 1639/182/1278
f 1639/182/1279 1522/188/1279 1521/189/1279 1642/185/1279
f 1642/185/1280 1521/189/1280 1388/190/1280 1486/191/1280
f 1641/183/1281 1642/185/1281 1486/191/1281 1487/192/1281
f 1640/184/1282 1641/183/1282 1487/192/1282 1488/193/1282
f 1500/194/1283 1640/184/1283 1488/193/1283 1399/195/1283
f 1501/196/1284 1637/180/1284 1640/184/1284 1500/194/1284
f 1502/186/1285 1634/177/1285 1637/180/1285 1501/196/1285
f 1643/197/1286 1506/198/1286 1507/199/1286 1644/200/1286
f 1644/200/1287 1507/199/1287 1508/201/1287 1646/202/1287
f 1646/202/1288 1508/201/1288 1400/115/1288 1493/114/1288
f 1645/203/1289 1646/202/1289 1493/114/1289 1492/113/1289
f 1647/204/1290 1648/205/1290 1651/206/1290 1650/207/1290
f 1648/205/1291 1649/208/1291 1652/209/1291 1651/206/1291
f 1650/207/1292 1651/206/1292 1654/210/1292 1653/211/1292
f 1651/206/1293 1652/209/1293 1655/212/1293 1654/210/1293
f 1402/134/1294 1483/213/1294 1647/204/1294 1520/135/1294
f 1483/213/1295 1484/214/1295 1648/205/1295 1647/204/1295
f 1484/214/1296 1485/215/1296 1649/208/1296 1648/205/1296
f 1485/215/1297 1398/216/1297 1474/217/1297 1649/208/1297
f 1649/208/1298 1474/217/1298 1475/218/1298 1652/209/1298
f 1652/209/1299 1475/218/1299 1476/219/1299 1655/212/1299
f 1655/212/1300 1476/219/1300 1396/220/1300 1479/221/1300
f 1654/210/1301 1655/212/1301 1479/221/1301 1478/222/1301
f 1653/211/1302 1654/210/1302 1478/222/1302 1477/223/1302
f 1518/137/1303 1653/211/1303 1477/223/1303 1403/138/1303
f 1519/136/1304 1650/207/1304 1653/211/1304 1518/137/1304
f 1520/135/1305 1647/204/1305 1650/207/1305 1519/136/1305
f 1656/224/1306 1657/225/1306 1660/226/1306 1659/227/1306
f 1657/225/1307 1658/228/1307 1661/229/1307 1660/226/1307
f 1659/227/1308 1660/226/1308 1663/230/1308 1662/231/1308
f 1660/226/1309 1661/229/1309 1664/232/1309 1663/230/1309
f 1403/138/1310 1477/223/1310 1656/224/1310 1523/187/1310
f 1477/223/1311 1478/222/1311 1657/225/1311 1656/224/1311
f 1478/222/1312 1479/221/1312 1658/228/1312 1657/225/1312
f 1479/221/1313 1396/220/1313 1418/233/1313 1658/228/1313
f 1658/228/1314 1418/233/1314 1419/234/1314 1661/229/1314
f 1661/229/1315 1419/234/1315 1420/235/1315 1664/232/1315
f 1664/232/1316 1420/235/1316 1385/236/1316 1423/237/1316
f 1663/230/1317 1664/232/1317 1423/237/1317 1422/238/1317
f 1662/231/1318 1663/230/1318 1422/238/1318 1421/239/1318
f 1521/189/1319 1662/231/1319 1421/239/1319 1388/190/1319
f 1522/188/1320 1659/227/1320 1662/231/1320 1521/189/1320
f 1523/187/1321 1656/224/1321 1659/227/1321 1522/188/1321
f 1665/240/1322 1666/241/1322 1669/242/1322 1668/243/1322
f 1666/241/1323 1667/244/1323 1670/245/1323 1669/242/1323
f 1668/243/1324 1669/242/1324 1672/246/1324 1671/247/1324
f 1669/242/1325 1670/245/1325 1673/248/1325 1672/246/1325
f 1404/159/1326 1517/249/1326 1665/240/1326 1526/160/1326
f 1517/249/1327 1516/250/1327 1666/241/1327 1665/240/1327
f 1516/250/1328 1515/251/1328 1667/244/1328 1666/241/1328
f 1515/251/1329 1384/252/1329 1480/253/1329 1667/244/1329
f 1667/244/1330 1480/253/1330 1481/254/1330 1670/245/1330
f 1670/245/1331 1481/254/1331 1482/255/1331 1673/248/1331
f 1673/248/1332 1482/255/1332 1398/216/1332 1485/215/1332
f 1672/246/1333 1673/248/1333 1485/215/1333 1484/214/1333
f 1671/247/1334 1672/246/1334 1484/214/1334 1483/213/1334
f 1524/162/1335 1671/247/1335 1483/213/1335 1402/134/1335
f 1525/161/1336 1668/243/1336 1671/247/1336 1524/162/1336
f 1526/160/1337 1665/240/1337 1668/243/1337 1525/161/1337
f 1674/256/1338 1675/257/1338 1678/258/1338 1677/259/1338
f 1675/257/1339 1676/260/1339 1679/261/1339 1678/258/1339
f 1677/259/1340 1678/258/1340 1681/262/1340 1680/263/1340
f 1678/258/1341 1679/261/1341 1682/264/1341 1681/262/1341
f 1393/55/1342 1545/97/1342 1674/256/1342 1530/56/1342
f 1545/97/1343 1546/96/1343 1675/257/1343 1674/256/1343
f 1546/96/1344 1547/94/1344 1676/260/1344 1675/257/1344
f 1547/94/1345 1409/93/1345 1556/265/1345 1676/260/1345
f 1676/260/1346 1556/265/1346 1555/266/1346 1679/261/1346
f 1679/261/1347 1555/266/1347 1554/267/1347 1682/264/1347
f 1682/264/1348 1554/267/1348 1388/190/1348 1542/268/1348
f 1681/262/1349 1682/264/1349 1542/268/1349 1543/269/1349
f 1680/263/1350 1681/262/1350 1543/269/1350 1544/270/1350
f 1532/59/1351 1680/263/1351 1544/270/1351 1406/60/1351
f 1531/58/1352 1677/259/1352 1680/263/1352 1532/59/1352
f 1530/56/1353 1674/256/1353 1677/259/1353 1531/58/1353
f 1683/279/1354 1684/285/1354 1687/276/1354 1686/275/1354
f 1684/285/1355 1685/284/1355 1688/288/1355 1687/276/1355
f 1686/275/1356 1687/276/1356 1690/277/1356 1689/278/1356
f 1691/345/1357 1758/345/1357 1747/271/1357 1438/271/1357
f 1406/60/1358 1468/280/1358 1683/279/1358 1536/61/1358
f 1468/280/1359 1469/282/1359 1684/285/1359 1683/279/1359
f 1469/282/1360 1470/283/1360 1685/284/1360 1684/285/1360
f 1470/283/1361 1394/286/1361 1436/287/1361 1685/284/1361
f 1685/284/1362 1436/287/1362 1437/281/1362 1688/288/1362
f 1688/288/1363 1437/281/1363 1438/271/1363 1691/345/1363
f 1691/345/1364 1438/271/1364 1389/272/1364 1447/346/1364
f 1690/277/1365 1691/345/1365 1447/346/1365 1446/290/1365
f 1689/278/1366 1690/277/1366 1446/290/1366 1445/291/1366
f 1538/63/1367 1689/278/1367 1445/291/1367 1405/15/1367
f 1537/62/1368 1686/275/1368 1689/278/1368 1538/63/1368
f 1536/61/1369 1683/279/1369 1686/275/1369 1537/62/1369
f 1692/292/1370 1693/274/1370 1696/293/1370 1695/294/1370
f 1693/274/1371 1694/273/1371 1697/295/1371 1696/293/1371
f 1695/294/1372 1696/293/1372 1699/296/1372 1698/297/1372
f 1696/293/1373 1697/295/1373 1700/298/1373 1699/296/1373
f 1405/15/1374 1445/291/1374 1692/292/1374 1539/16/1374
f 1445/291/1375 1446/290/1375 1693/274/1375 1692/292/1375
f 1446/290/1376 1447/346/1376 1694/273/1376 1693/274/1376
f 1447/346/1377 1389/272/1377 1412/289/1377 1694/273/1377
f 1694/273/1378 1412/289/1378 1413/299/1378 1697/295/1378
f 1697/295/1379 1413/299/1379 1414/300/1379 1700/298/1379
f 1700/298/1380 1414/300/1380 1383/301/1380 1417/302/1380
f 1699/296/1381 1700/298/1381 1417/302/1381 1416/303/1381
f 1698/297/1382 1699/296/1382 1416/303/1382 1415/304/1382
f 1541/18/1383 1698/297/1383 1415/304/1383 1407/19/1383
f 1540/17/1384 1695/294/1384 1698/297/1384 1541/18/1384
f 1539/16/1385 1692/292/1385 1695/294/1385 1540/17/1385
f 1701/305/1386 1702/306/1386 1705/307/1386 1704/308/1386
f 1702/306/1387 1703/309/1387 1706/310/1387 1705/307/1387
f 1704/308/1388 1705/307/1388 1708/311/1388 1707/312/1388
f 1705/307/1389 1706/310/1389 1709/313/1389 1708/311/1389
f 1406/60/1390 1544/270/1390 1701/305/1390 1468/280/1390
f 1544/270/1391 1543/269/1391 1702/306/1391 1701/305/1391
f 1543/269/1392 1542/268/1392 1703/309/1392 1702/306/1392
f 1542/268/1393 1388/190/1393 1421/239/1393 1703/309/1393
f 1703/309/1394 1421/239/1394 1422/238/1394 1706/310/1394
f 1706/310/1395 1422/238/1395 1423/237/1395 1709/313/1395
f 1709/313/1396 1423/237/1396 1385/236/1396 1459/314/1396
f 1708/311/1397 1709/313/1397 1459/314/1397 1460/315/1397
f 1707/312/1398 1708/311/1398 1460/315/1398 1461/316/1398
f 1470/283/1399 1707/312/1399 1461/316/1399 1394/286/1399
f 1469/282/1400 1704/308/1400 1707/312/1400 1470/283/1400
f 1468/280/1401 1701/305/1401 1704/308/1401 1469/282/1401
f 1710/317/1402 1711/318/1402 1714/319/1402 1713/320/1402
f 1711/318/1403 1712/321/1403 1715/322/1403 1714/319/1403
f 1713/320/1404 1714/319/1404 1717/323/1404 1716/324/1404
f 1714/319/1405 1715/322/1405 1718/325/1405 1717/323/1405
f 1408/105/1406 1435/103/1406 1710/317/1406 1551/326/1406
f 1435/103/1407 1434/102/1407 1711/318/1407 1710/317/1407
f 1434/102/1408 1433/101/1408 1712/321/1408 1711/318/1408
f 1433/101/1409 1395/74/1409 1467/73/1409 1712/321/1409
f 1712/321/1410 1467/73/1410 1466/72/1410 1715/322/1410
f 1715/322/1411 1466/72/1411 1465/327/1411 1718/325/1411
f 1716/324/1412 1717/323/1412 1410/328/1412 1411/329/1412
f 1553/330/1413 1716/324/1413 1411/329/1413 1382/331/1413
f 1552/332/1414 1713/320/1414 1716/324/1414 1553/330/1414
f 1551/326/1415 1710/317/1415 1713/320/1415 1552/332/1415
f 1719/333/1416 1720/334/1416 1723/335/1416 1722/336/1416
f 1720/334/1417 1721/337/1417 1724/338/1417 1723/335/1417
f 1722/336/1418 1723/335/1418 1726/339/1418 1725/340/1418
f 1723/335/1419 1724/338/1419 1727/341/1419 1726/339/1419
f 1409/93/1420 1494/118/1420 1719/333/1420 1556/265/1420
f 1494/118/1421 1495/117/1421 1720/334/1421 1719/333/1421
f 1495/117/1422 1496/116/1422 1721/337/1422 1720/334/1422
f 1496/116/1423 1400/115/1423 1503/342/1423 1721/337/1423
f 1721/337/1424 1503/342/1424 1504/343/1424 1724/338/1424
f 1724/338/1425 1504/343/1425 1505/344/1425 1727/341/1425
f 1727/341/1426 1505/344/1426 1399/195/1426 1488/193/1426
f 1726/339/1427 1727/341/1427 1488/193/1427 1487/192/1427
f 1725/340/1428 1726/339/1428 1487/192/1428 1486/191/1428
f 1554/267/1429 1725/340/1429 1486/191/1429 1388/190/1429
f 1555/266/1430 1722/336/1430 1725/340/1430 1554/267/1430
f 1556/265/1431 1719/333/1431 1722/336/1431 1555/266/1431
f 1875/347/1432 1412/289/1432 1389/272/1432 1864/348/1432
f 1876/349/1433 1413/299/1433 1412/289/1433 1875/347/1433
f 1877/350/1434 1414/300/1434 1413/299/1434 1876/349/1434
f 1859/351/1435 1383/301/1435 1414/300/1435 1877/350/1435
f 1874/352/1436 1407/19/1436 1415/304/1436 1878/353/1436
f 1878/353/1437 1415/304/1437 1416/303/1437 1879/354/1437
f 1879/354/1438 1416/303/1438 1417/302/1438 1880/355/1438
f 1880/355/1439 1417/302/1439 1383/301/1439 1859/351/1439
f 1881/356/1440 1418/233/1440 1396/220/1440 1867/357/1440
f 1882/234/1441 1419/234/1441 1418/233/1441 1881/356/1441
f 1883/358/1442 1420/235/1442 1419/234/1442 1882/234/1442
f 1861/236/1443 1385/236/1443 1420/235/1443 1883/358/1443
f 1865/359/1444 1391/44/1444 1424/42/1444 1884/360/1444
f 1884/360/1445 1424/42/1445 1425/41/1445 1885/361/1445
f 1885/361/1446 1425/41/1446 1426/40/1446 1886/40/1446
f 1886/40/1447 1426/40/1447 1386/24/1447 1862/24/1447
f 1873/159/1448 1404/159/1448 1427/158/1448 1887/362/1448
f 1887/362/1449 1427/158/1449 1428/157/1449 1888/363/1449
f 1888/363/1450 1428/157/1450 1429/155/1450 1889/155/1450
f 1889/155/1451 1429/155/1451 1387/154/1451 1863/154/1451
f 1890/287/1452 1436/287/1452 1394/286/1452 1866/364/1452
f 1891/281/1453 1437/281/1453 1436/287/1453 1890/287/1453
f 1892/271/1454 1438/271/1454 1437/281/1454 1891/281/1454
f 1864/348/1455 1389/272/1455 1438/271/1455 1892/271/1455
f 1096/36/1456 1442/36/1456 1392/35/1456 1046/35/1456
f 1097/38/1457 1443/38/1457 1442/36/1457 1096/36/1457
f 1098/39/1458 1444/39/1458 1443/38/1458 1097/38/1458
f 1044/10/1459 1390/10/1459 1444/39/1459 1098/39/1459
f 1863/154/1460 1387/154/1460 1448/172/1460 1893/172/1460
f 1893/172/1461 1448/172/1461 1449/171/1461 1894/171/1461
f 1895/365/1462 1450/83/1462 1391/44/1462 1865/359/1462
f 1110/64/1463 1456/64/1463 1390/10/1463 1044/10/1463
f 1111/65/1464 1457/65/1464 1456/64/1464 1110/64/1464
f 1112/57/1465 1458/57/1465 1457/65/1465 1111/65/1465
f 1047/55/1466 1393/55/1466 1458/57/1466 1112/57/1466
f 1896/314/1467 1459/314/1467 1385/236/1467 1861/236/1467
f 1897/366/1468 1460/315/1468 1459/314/1468 1896/314/1468
f 1898/367/1469 1461/316/1469 1460/315/1469 1897/366/1469
f 1866/364/1470 1394/286/1470 1461/316/1470 1898/367/1470
f 1046/35/1471 1392/35/1471 1462/77/1471 1116/77/1471
f 1116/77/1472 1462/77/1472 1463/76/1472 1117/76/1472
f 1117/76/1473 1463/76/1473 1464/75/1473 1118/75/1473
f 1118/75/1474 1464/75/1474 1395/74/1474 1049/74/1474
f 1049/74/1475 1395/74/1475 1471/100/1475 1125/100/1475
f 1125/100/1476 1471/100/1476 1472/99/1476 1126/99/1476
f 1126/99/1477 1472/99/1477 1473/98/1477 1127/98/1477
f 1127/98/1478 1473/98/1478 1393/55/1478 1047/55/1478
f 1899/217/1479 1474/217/1479 1398/216/1479 1869/216/1479
f 1900/218/1480 1475/218/1480 1474/217/1480 1899/217/1480
f 1901/219/1481 1476/219/1481 1475/218/1481 1900/218/1481
f 1867/357/1482 1396/220/1482 1476/219/1482 1901/219/1482
f 1902/368/1483 1480/253/1483 1384/252/1483 1860/252/1483
f 1903/369/1484 1481/254/1484 1480/253/1484 1902/368/1484
f 1904/370/1485 1482/255/1485 1481/254/1485 1903/369/1485
f 1869/216/1486 1398/216/1486 1482/255/1486 1904/370/1486
f 1905/371/1487 1497/142/1487 1401/143/1487 1872/372/1487
f 1906/373/1488 1498/144/1488 1497/142/1488 1905/371/1488
f 1907/374/1489 1499/131/1489 1498/144/1489 1906/373/1489
f 1868/375/1490 1397/129/1490 1499/131/1490 1907/374/1490
f 1908/376/1491 1500/194/1491 1399/195/1491 1870/377/1491
f 1909/378/1492 1501/196/1492 1500/194/1492 1908/376/1492
f 1910/379/1493 1502/186/1493 1501/196/1493 1909/378/1493
f 1872/372/1494 1401/143/1494 1502/186/1494 1910/379/1494
f 1911/380/1495 1503/342/1495 1400/115/1495 1871/115/1495
f 1912/381/1496 1504/343/1496 1503/342/1496 1911/380/1496
f 1913/382/1497 1505/344/1497 1504/343/1497 1912/381/1497
f 1870/377/1498 1399/195/1498 1505/344/1498 1913/382/1498
f 1915/199/1499 1507/199/1499 1506/198/1499 1914/383/1499
f 1916/384/1500 1508/201/1500 1507/199/1500 1915/199/1500
f 1871/115/1501 1400/115/1501 1508/201/1501 1916/384/1501
f 1917/385/1502 1509/173/1502 1397/129/1502 1868/375/1502
f 1918/386/1503 1510/174/1503 1509/173/1503 1917/385/1503
f 1919/176/1504 1511/176/1504 1510/174/1504 1918/386/1504
f 1860/252/1505 1384/252/1505 1515/251/1505 1920/387/1505
f 1920/387/1506 1515/251/1506 1516/250/1506 1921/388/1506
f 1921/388/1507 1516/250/1507 1517/249/1507 1922/389/1507
f 1922/389/1508 1517/249/1508 1404/159/1508 1873/159/1508
f 1862/24/1509 1386/24/1509 1533/22/1509 1923/390/1509
f 1923/390/1510 1533/22/1510 1534/21/1510 1924/391/1510
f 1924/391/1511 1534/21/1511 1535/20/1511 1925/392/1511
f 1925/392/1512 1535/20/1512 1407/19/1512 1874/352/1512
f 1926/393/1513 1382/331/1513 1411/329/1513 1927/329/1513
f 1927/329/1514 1411/329/1514 1410/328/1514 1928/394/1514
f 1929/395/1515 1928/394/1515 1410/328/1515 1717/323/1515
f 1930/396/1516 1929/395/1516 1717/323/1516 1718/325/1516
f 1930/396/1517 1718/325/1517 1465/327/1517 1931/397/1517
f 1932/398/1518 1931/397/1518 1465/327/1518 1466/72/1518
f 1933/66/1519 1932/398/1519 1466/72/1519 1584/66/1519
f 1934/69/1520 1933/66/1520 1584/66/1520 1586/69/1520
f 1935/399/1521 1934/69/1521 1586/69/1521 1588/71/1521
f 1935/399/1522 1588/71/1522 1451/79/1522 1936/400/1522
f 1937/401/1523 1936/400/1523 1451/79/1523 1452/78/1523
f 1938/80/1524 1937/401/1524 1452/78/1524 1590/80/1524
f 1939/81/1525 1938/80/1525 1590/80/1525 1591/81/1525
f 1940/82/1526 1939/81/1526 1591/81/1526 1592/82/1526
f 1940/82/1527 1592/82/1527 1450/83/1527 1895/365/1527
f 1826/393/1528 1036/331/1528 1207/330/1528 1841/402/1528
f 1841/402/1529 1207/330/1529 1206/332/1529 1842/403/1529
f 1842/403/1530 1206/332/1530 1205/326/1530 1843/326/1530
f 1843/326/1531 1205/326/1531 1062/105/1531 1844/404/1531
f 1844/404/1532 1062/105/1532 1204/104/1532 1845/405/1532
f 1845/405/1533 1204/104/1533 1260/119/1533 1846/119/1533
f 1846/119/1534 1260/119/1534 1261/112/1534 1847/406/1534
f 1847/406/1535 1261/112/1535 1258/110/1535 1848/110/1535
f 1848/110/1536 1258/110/1536 1256/107/1536 1849/107/1536
f 1849/107/1537 1256/107/1537 1146/113/1537 1850/407/1537
f 1850/407/1538 1146/113/1538 1299/203/1538 1851/408/1538
f 1851/408/1539 1299/203/1539 1300/202/1539 1852/409/1539
f 1852/409/1540 1300/202/1540 1298/200/1540 1853/410/1540
f 1853/410/1541 1298/200/1541 1297/197/1541 1854/411/1541
f 1854/411/1542 1297/197/1542 1160/198/1542 1814/412/1542
f 1819/176/1543 1165/176/1543 1285/175/1543 1855/413/1543
f 1855/413/1544 1285/175/1544 1286/170/1544 1856/414/1544
f 1856/414/1545 1286/170/1545 1283/168/1545 1857/415/1545
f 1857/415/1546 1283/168/1546 1281/165/1546 1858/165/1546
f 1858/165/1547 1281/165/1547 1103/171/1547 1794/416/1547
f 1737/279/1548 1740/275/1548 1741/276/1548 1738/285/1548
f 1738/285/1549 1741/276/1549 1742/288/1549 1739/284/1549
f 1741/276/1550 1743/277/1550 1744/345/1550 1742/288/1550
f 1735/280/1551 1737/279/1551 1738/285/1551 1736/282/1551
f 1742/288/1552 1744/345/1552 1732/271/1552 1731/281/1552
f 1744/345/1553 1734/346/1553 1728/272/1553 1732/271/1553
f 1743/277/1554 1733/290/1554 1734/346/1554 1744/345/1554
f 1733/290/1555 1745/274/1555 1746/273/1555 1734/346/1555
f 1734/346/1556 1746/273/1556 1729/289/1556 1728/272/1556
f 1339/284/1557 1739/284/1557 1742/288/1557 1342/288/1557
f 1122/280/1558 1735/280/1558 1736/282/1558 1123/282/1558
f 1100/290/1559 1733/290/1559 1743/277/1559 1344/277/1559
f 1337/279/1560 1737/279/1560 1735/280/1560 1122/280/1560
f 1043/272/1561 1728/272/1561 1729/289/1561 1066/289/1561
f 1341/276/1562 1741/276/1562 1740/275/1562 1340/275/1562
f 1123/282/1563 1736/282/1563 1738/285/1563 1338/285/1563
f 1066/289/1564 1729/289/1564 1730/299/1564 1067/299/1564
f 1749/59/1565 1101/60/1565 1750/61/1565 1751/50/1565
f 1755/276/1566 1756/288/1566 1758/345/1566 1757/277/1566
f 1389/272/1567 1345/272/1567 1747/271/1567 1438/271/1567
f 1532/59/1568 1749/59/1568 1751/50/1568 1577/50/1568
f 1532/59/1569 1749/59/1569 1748/58/1569 1531/58/1569
f 1690/277/1570 1757/277/1570 1758/345/1570 1691/345/1570
f 1577/50/1571 1751/50/1571 1750/61/1571 1536/61/1571
f 1406/60/1572 1101/60/1572 1749/59/1572 1532/59/1572
f 1686/275/1573 1754/275/1573 1755/276/1573 1687/276/1573
f 1677/259/1574 1752/259/1574 1748/58/1574 1531/58/1574
f 1688/288/1575 1756/288/1575 1755/276/1575 1687/276/1575
f 1687/276/1576 1755/276/1576 1757/277/1576 1690/277/1576
f 1536/61/1577 1750/61/1577 1753/279/1577 1683/279/1577
f 1691/345/1578 1758/345/1578 1756/288/1578 1688/288/1578
f 1683/279/1579 1753/279/1579 1754/275/1579 1686/275/1579
f 1914/383/1580 2054/383/1580 2035/412/1580 1814/412/1580
f 1947/417/1581 2009/417/1581 2011/110/1581 1948/110/1581
f 1928/394/1582 2058/394/1582 2057/329/1582 1927/329/1582
f 1847/406/1583 2010/406/1583 2008/119/1583 1846/119/1583
f 1946/418/1584 2007/418/1584 2009/417/1584 1947/417/1584
f 1929/395/1585 2059/395/1585 2058/394/1585 1928/394/1585
f 1848/110/1586 2012/110/1586 2010/406/1586 1847/406/1586
f 1945/405/1587 2005/405/1587 2007/418/1587 1946/418/1587
f 1930/396/1588 2060/396/1588 2059/395/1588 1929/395/1588
f 1849/107/1589 2014/107/1589 2012/110/1589 1848/110/1589
f 1944/404/1590 2003/404/1590 2005/405/1590 1945/405/1590
f 1931/397/1591 2061/397/1591 2060/396/1591 1930/396/1591
f 1850/407/1592 2016/407/1592 2014/107/1592 1849/107/1592
f 1943/326/1593 2001/326/1593 2003/404/1593 1944/404/1593
f 1932/398/1594 2062/398/1594 2061/397/1594 1931/397/1594
f 1851/408/1595 2018/408/1595 2016/407/1595 1850/407/1595
f 1942/332/1596 1999/332/1596 2001/326/1596 1943/326/1596
f 1933/66/1597 2063/66/1597 2062/398/1597 1932/398/1597
f 1852/409/1598 2020/409/1598 2018/408/1598 1851/408/1598
f 1826/393/1599 2036/393/1599 2051/329/1599 1827/329/1599
f 1246/82/1600 1840/82/1600 1795/365/1600 1104/83/1600
f 1246/82/1601 1245/81/1601 1839/81/1601 1840/82/1601
f 1245/81/1602 1244/80/1602 1838/419/1602 1839/81/1602
f 1244/80/1603 1106/78/1603 1837/420/1603 1838/419/1603
f 1106/78/1604 1105/79/1604 1836/400/1604 1837/420/1604
f 1242/71/1605 1835/399/1605 1836/400/1605 1105/79/1605
f 1242/71/1606 1240/69/1606 1834/421/1606 1835/399/1606
f 1240/69/1607 1238/66/1607 1833/66/1607 1834/421/1607
f 1238/66/1608 1120/72/1608 1832/398/1608 1833/66/1608
f 1120/72/1609 1119/327/1609 1831/397/1609 1832/398/1609
f 1372/325/1610 1830/422/1610 1831/397/1610 1119/327/1610
f 1372/325/1611 1371/323/1611 1829/395/1611 1830/422/1611
f 1371/323/1612 1064/328/1612 1828/423/1612 1829/395/1612
f 1065/329/1613 1827/329/1613 1828/423/1613 1064/328/1613
f 1036/331/1614 1826/393/1614 1827/329/1614 1065/329/1614
f 1189/20/1615 1825/392/1615 1774/19/1615 1061/19/1615
f 1188/21/1616 1824/391/1616 1825/392/1616 1189/20/1616
f 1187/22/1617 1823/390/1617 1824/391/1617 1188/21/1617
f 1040/24/1618 1762/24/1618 1823/390/1618 1187/22/1618
f 1171/249/1619 1822/424/1619 1773/159/1619 1058/159/1619
f 1170/250/1620 1821/388/1620 1822/424/1620 1171/249/1620
f 1169/251/1621 1820/387/1621 1821/388/1621 1170/250/1621
f 1038/252/1622 1760/252/1622 1820/387/1622 1169/251/1622
f 1165/176/1623 1819/176/1623 1818/386/1623 1164/174/1623
f 1164/174/1624 1818/386/1624 1817/385/1624 1163/173/1624
f 1163/173/1625 1817/385/1625 1768/425/1625 1051/129/1625
f 1054/115/1626 1771/115/1626 1816/426/1626 1162/201/1626
f 1162/201/1627 1816/426/1627 1815/427/1627 1161/199/1627
f 1161/199/1628 1815/427/1628 1814/412/1628 1160/198/1628
f 1053/195/1629 1770/429/1629 1813/428/1629 1159/344/1629
f 1159/344/1630 1813/428/1630 1812/430/1630 1158/343/1630
f 1158/343/1631 1812/430/1631 1811/431/1631 1157/342/1631
f 1157/342/1632 1811/431/1632 1771/115/1632 1054/115/1632
f 1055/143/1633 1772/372/1633 1810/379/1633 1156/186/1633
f 1156/186/1634 1810/379/1634 1809/432/1634 1155/196/1634
f 1155/196/1635 1809/432/1635 1808/433/1635 1154/194/1635
f 1154/194/1636 1808/433/1636 1770/429/1636 1053/195/1636
f 1051/129/1637 1768/425/1637 1807/434/1637 1153/131/1637
f 1153/131/1638 1807/434/1638 1806/144/1638 1152/144/1638
f 1152/144/1639 1806/144/1639 1805/435/1639 1151/142/1639
f 1151/142/1640 1805/435/1640 1772/372/1640 1055/143/1640
f 1052/216/1641 1769/216/1641 1804/436/1641 1136/255/1641
f 1136/255/1642 1804/436/1642 1803/437/1642 1135/254/1642
f 1135/254/1643 1803/437/1643 1802/368/1643 1134/253/1643
f 1134/253/1644 1802/368/1644 1760/252/1644 1038/252/1644
f 1050/220/1645 1767/438/1645 1801/219/1645 1130/219/1645
f 1130/219/1646 1801/219/1646 1800/218/1646 1129/218/1646
f 1129/218/1647 1800/218/1647 1799/217/1647 1128/217/1647
f 1128/217/1648 1799/217/1648 1769/216/1648 1052/216/1648
f 1048/286/1649 1766/364/1649 1798/439/1649 1115/316/1649
f 1115/316/1650 1798/439/1650 1797/366/1650 1114/315/1650
f 1114/315/1651 1797/366/1651 1796/314/1651 1113/314/1651
f 1113/314/1652 1796/314/1652 1761/236/1652 1039/236/1652
f 1104/83/1653 1795/365/1653 1765/359/1653 1045/44/1653
f 1102/172/1654 1793/172/1654 1794/416/1654 1103/171/1654
f 1041/154/1655 1763/154/1655 1793/172/1655 1102/172/1655
f 1043/272/1656 1764/272/1656 1792/271/1656 1092/271/1656
f 1092/271/1657 1792/271/1657 1791/281/1657 1091/281/1657
f 1091/281/1658 1791/281/1658 1790/287/1658 1090/287/1658
f 1090/287/1659 1790/287/1659 1766/364/1659 1048/286/1659
f 1083/155/1660 1789/155/1660 1763/154/1660 1041/154/1660
f 1082/157/1661 1788/363/1661 1789/155/1661 1083/155/1661
f 1081/158/1662 1787/362/1662 1788/363/1662 1082/157/1662
f 1058/159/1663 1773/159/1663 1787/362/1663 1081/158/1663
f 1080/40/1664 1786/440/1664 1762/24/1664 1040/24/1664
f 1079/41/1665 1785/361/1665 1786/440/1665 1080/40/1665
f 1078/42/1666 1784/360/1666 1785/361/1666 1079/41/1666
f 1045/44/1667 1765/359/1667 1784/360/1667 1078/42/1667
f 1039/236/1668 1761/236/1668 1783/235/1668 1074/235/1668
f 1074/235/1669 1783/235/1669 1782/234/1669 1073/234/1669
f 1073/234/1670 1782/234/1670 1781/356/1670 1072/233/1670
f 1072/233/1671 1781/356/1671 1767/438/1671 1050/220/1671
f 1071/302/1672 1780/441/1672 1759/351/1672 1037/301/1672
f 1070/303/1673 1779/354/1673 1780/441/1673 1071/302/1673
f 1069/304/1674 1778/353/1674 1779/354/1674 1070/303/1674
f 1061/19/1675 1774/19/1675 1778/353/1675 1069/304/1675
f 1037/301/1676 1759/351/1676 1777/300/1676 1068/300/1676
f 1068/300/1677 1777/300/1677 1776/349/1677 1067/299/1677
f 1067/299/1678 1776/349/1678 1775/442/1678 1066/289/1678
f 1066/289/1679 1775/442/1679 1764/272/1679 1043/272/1679
f 1382/331/1680 1926/393/1680 1941/443/1680 1553/330/1680
f 1553/330/1681 1941/443/1681 1942/332/1681 1552/332/1681
f 1552/332/1682 1942/332/1682 1943/326/1682 1551/326/1682
f 1551/326/1683 1943/326/1683 1944/404/1683 1408/105/1683
f 1408/105/1684 1944/404/1684 1945/405/1684 1550/104/1684
f 1550/104/1685 1945/405/1685 1946/418/1685 1606/119/1685
f 1606/119/1686 1946/418/1686 1947/417/1686 1607/112/1686
f 1607/112/1687 1947/417/1687 1948/110/1687 1604/110/1687
f 1604/110/1688 1948/110/1688 1949/107/1688 1602/107/1688
f 1602/107/1689 1949/107/1689 1950/407/1689 1492/113/1689
f 1492/113/1690 1950/407/1690 1951/444/1690 1645/203/1690
f 1645/203/1691 1951/444/1691 1952/409/1691 1646/202/1691
f 1646/202/1692 1952/409/1692 1953/445/1692 1644/200/1692
f 1644/200/1693 1953/445/1693 1954/197/1693 1643/197/1693
f 1643/197/1694 1954/197/1694 1914/383/1694 1506/198/1694
f 1511/176/1695 1919/176/1695 1955/413/1695 1631/175/1695
f 1631/175/1696 1955/413/1696 1956/414/1696 1632/170/1696
f 1632/170/1697 1956/414/1697 1957/168/1697 1629/168/1697
f 1629/168/1698 1957/168/1698 1958/165/1698 1627/165/1698
f 1627/165/1699 1958/165/1699 1894/171/1699 1449/171/1699
f 1941/443/1700 1997/443/1700 1999/332/1700 1942/332/1700
f 1934/69/1701 2064/69/1701 2063/66/1701 1933/66/1701
f 1853/410/1702 2022/410/1702 2020/409/1702 1852/409/1702
f 1827/329/1703 2051/329/1703 2050/423/1703 1828/423/1703
f 1926/393/1704 2056/393/1704 1997/443/1704 1941/443/1704
f 1935/399/1705 2065/399/1705 2064/69/1705 1934/69/1705
f 1854/411/1706 2024/411/1706 2022/410/1706 1853/410/1706
f 1828/423/1707 2050/423/1707 2049/395/1707 1829/395/1707
f 1936/400/1708 2066/400/1708 2065/399/1708 1935/399/1708
f 1814/412/1709 2035/412/1709 2024/411/1709 1854/411/1709
f 1829/395/1710 2049/395/1710 2048/422/1710 1830/422/1710
f 1937/401/1711 2067/401/1711 2066/400/1711 1936/400/1711
f 1855/413/1712 2026/413/1712 2034/176/1712 1819/176/1712
f 1830/422/1713 2048/422/1713 2047/397/1713 1831/397/1713
f 1938/80/1714 2068/80/1714 2067/401/1714 1937/401/1714
f 1825/392/1715 1925/392/1715 1874/352/1715 1774/19/1715
f 1824/391/1716 1924/391/1716 1925/392/1716 1825/392/1716
f 1823/390/1717 1923/390/1717 1924/391/1717 1824/391/1717
f 1762/24/1718 1862/24/1718 1923/390/1718 1823/390/1718
f 1822/424/1719 1922/389/1719 1873/159/1719 1773/159/1719
f 1821/388/1720 1921/388/1720 1922/389/1720 1822/424/1720
f 1820/387/1721 1920/387/1721 1921/388/1721 1821/388/1721
f 1760/252/1722 1860/252/1722 1920/387/1722 1820/387/1722
f 1819/176/1723 1919/176/1723 1918/386/1723 1818/386/1723
f 1818/386/1724 1918/386/1724 1917/385/1724 1817/385/1724
f 1817/385/1725 1917/385/1725 1868/375/1725 1768/425/1725
f 1771/115/1726 1871/115/1726 1916/384/1726 1816/426/1726
f 1816/426/1727 1916/384/1727 1915/199/1727 1815/427/1727
f 1815/427/1728 1915/199/1728 1914/383/1728 1814/412/1728
f 1770/429/1729 1870/377/1729 1913/382/1729 1813/428/1729
f 1813/428/1730 1913/382/1730 1912/381/1730 1812/430/1730
f 1812/430/1731 1912/381/1731 1911/380/1731 1811/431/1731
f 1811/431/1732 1911/380/1732 1871/115/1732 1771/115/1732
f 1805/435/1733 1982/435/1733 1980/372/1733 1772/372/1733
f 1809/432/1734 1981/432/1734 1985/378/1734 1909/378/1734
f 1809/432/1735 1909/378/1735 1908/376/1735 1808/433/1735
f 1808/433/1736 1908/376/1736 1870/377/1736 1770/429/1736
f 1768/425/1737 1868/375/1737 1907/374/1737 1807/434/1737
f 1807/434/1738 1907/374/1738 1906/373/1738 1806/144/1738
f 1806/144/1739 1906/373/1739 1905/371/1739 1805/435/1739
f 1872/372/1740 1983/372/1740 1984/371/1740 1905/371/1740
f 1869/216/1741 1992/216/1741 1993/217/1741 1899/217/1741
f 1904/370/1742 1996/370/1742 1992/216/1742 1869/216/1742
f 1799/217/1743 1991/217/1743 1988/216/1743 1769/216/1743
f 1802/368/1744 1902/368/1744 1860/252/1744 1760/252/1744
f 1767/438/1745 1867/357/1745 1901/219/1745 1801/219/1745
f 1801/219/1746 1901/219/1746 1900/218/1746 1800/218/1746
f 1800/218/1747 1900/218/1747 1899/217/1747 1799/217/1747
f 1769/216/1748 1988/216/1748 1987/436/1748 1804/436/1748
f 1890/287/1749 1973/287/1749 1974/281/1749 1891/281/1749
f 1761/236/1750 1963/236/1750 1967/235/1750 1783/235/1750
f 1897/366/1751 1977/366/1751 1978/367/1751 1898/367/1751
f 1891/281/1752 1974/281/1752 1975/271/1752 1892/271/1752
f 1795/365/1753 1895/365/1753 1865/359/1753 1765/359/1753
f 1793/172/1754 1893/172/1754 1894/171/1754 1794/416/1754
f 1763/154/1755 1863/154/1755 1893/172/1755 1793/172/1755
f 1764/272/1756 1864/348/1756 1892/271/1756 1792/271/1756
f 1898/367/1757 1978/367/1757 1970/364/1757 1866/364/1757
f 1796/314/1758 1962/314/1758 1963/236/1758 1761/236/1758
f 1790/287/1759 1966/287/1759 1960/364/1759 1766/364/1759
f 1789/155/1760 1889/155/1760 1863/154/1760 1763/154/1760
f 1788/363/1761 1888/363/1761 1889/155/1761 1789/155/1761
f 1787/362/1762 1887/362/1762 1888/363/1762 1788/363/1762
f 1773/159/1763 1873/159/1763 1887/362/1763 1787/362/1763
f 1786/440/1764 1886/40/1764 1862/24/1764 1762/24/1764
f 1785/361/1765 1885/361/1765 1886/40/1765 1786/440/1765
f 1784/360/1766 1884/360/1766 1885/361/1766 1785/361/1766
f 1765/359/1767 1865/359/1767 1884/360/1767 1784/360/1767
f 1797/366/1768 1961/366/1768 1962/314/1768 1796/314/1768
f 1791/281/1769 1964/281/1769 1966/287/1769 1790/287/1769
f 1782/234/1770 1882/234/1770 1881/356/1770 1781/356/1770
f 1781/356/1771 1881/356/1771 1867/357/1771 1767/438/1771
f 1780/441/1772 1880/355/1772 1859/351/1772 1759/351/1772
f 1779/354/1773 1879/354/1773 1880/355/1773 1780/441/1773
f 1778/353/1774 1878/353/1774 1879/354/1774 1779/354/1774
f 1774/19/1775 1874/352/1775 1878/353/1775 1778/353/1775
f 1759/351/1776 1859/351/1776 1877/350/1776 1777/300/1776
f 1777/300/1777 1877/350/1777 1876/349/1777 1776/349/1777
f 1776/349/1778 1876/349/1778 1875/347/1778 1775/442/1778
f 1775/442/1779 1875/347/1779 1864/348/1779 1764/272/1779
f 1960/364/1780 1970/364/1780 1978/367/1780 1959/439/1780
f 1959/439/1781 1978/367/1781 1977/366/1781 1961/366/1781
f 1961/366/1782 1977/366/1782 1976/314/1782 1962/314/1782
f 1962/314/1783 1976/314/1783 1969/236/1783 1963/236/1783
f 1965/271/1784 1975/271/1784 1974/281/1784 1964/281/1784
f 1964/281/1785 1974/281/1785 1973/287/1785 1966/287/1785
f 1966/287/1786 1973/287/1786 1970/364/1786 1960/364/1786
f 1963/236/1787 1969/236/1787 1972/358/1787 1967/235/1787
f 1967/235/1788 1972/358/1788 1971/234/1788 1968/234/1788
f 1896/314/1789 1976/314/1789 1977/366/1789 1897/366/1789
f 1782/234/1790 1968/234/1790 1971/234/1790 1882/234/1790
f 1783/235/1791 1967/235/1791 1968/234/1791 1782/234/1791
f 1866/364/1792 1970/364/1792 1973/287/1792 1890/287/1792
f 1861/236/1793 1969/236/1793 1976/314/1793 1896/314/1793
f 1883/358/1794 1972/358/1794 1969/236/1794 1861/236/1794
f 1766/364/1795 1960/364/1795 1959/439/1795 1798/439/1795
f 1892/271/1796 1975/271/1796 1965/271/1796 1792/271/1796
f 1792/271/1797 1965/271/1797 1964/281/1797 1791/281/1797
f 1882/234/1798 1971/234/1798 1972/358/1798 1883/358/1798
f 1798/439/1799 1959/439/1799 1961/366/1799 1797/366/1799
f 1980/372/1800 1983/372/1800 1986/379/1800 1979/379/1800
f 1979/379/1801 1986/379/1801 1985/378/1801 1981/432/1801
f 1982/435/1802 1984/371/1802 1983/372/1802 1980/372/1802
f 1905/371/1803 1984/371/1803 1982/435/1803 1805/435/1803
f 1909/378/1804 1985/378/1804 1986/379/1804 1910/379/1804
f 1810/379/1805 1979/379/1805 1981/432/1805 1809/432/1805
f 1910/379/1806 1986/379/1806 1983/372/1806 1872/372/1806
f 1772/372/1807 1980/372/1807 1979/379/1807 1810/379/1807
f 1988/216/1808 1992/216/1808 1996/370/1808 1987/436/1808
f 1987/436/1809 1996/370/1809 1995/369/1809 1989/437/1809
f 1989/437/1810 1995/369/1810 1994/368/1810 1990/368/1810
f 1991/217/1811 1993/217/1811 1992/216/1811 1988/216/1811
f 1804/436/1812 1987/436/1812 1989/437/1812 1803/437/1812
f 1802/368/1813 1990/368/1813 1994/368/1813 1902/368/1813
f 1903/369/1814 1995/369/1814 1996/370/1814 1904/370/1814
f 1803/437/1815 1989/437/1815 1990/368/1815 1802/368/1815
f 1899/217/1816 1993/217/1816 1991/217/1816 1799/217/1816
f 1902/368/1817 1994/368/1817 1995/369/1817 1903/369/1817
f 2031/165/1818 2032/165/1818 2033/416/1818 2052/171/1818
f 2029/168/1819 2030/415/1819 2032/165/1819 2031/165/1819
f 2027/414/1820 2028/414/1820 2030/415/1820 2029/168/1820
f 2025/413/1821 2026/413/1821 2028/414/1821 2027/414/1821
f 2055/176/1822 2034/176/1822 2026/413/1822 2025/413/1822
f 2023/197/1823 2024/411/1823 2035/412/1823 2054/383/1823
f 2021/445/1824 2022/410/1824 2024/411/1824 2023/197/1824
f 2019/409/1825 2020/409/1825 2022/410/1825 2021/445/1825
f 2017/444/1826 2018/408/1826 2020/409/1826 2019/409/1826
f 2015/407/1827 2016/407/1827 2018/408/1827 2017/444/1827
f 2013/107/1828 2014/107/1828 2016/407/1828 2015/407/1828
f 2011/110/1829 2012/110/1829 2014/107/1829 2013/107/1829
f 2009/417/1830 2010/406/1830 2012/110/1830 2011/110/1830
f 2007/418/1831 2008/119/1831 2010/406/1831 2009/417/1831
f 2005/405/1832 2006/405/1832 2008/119/1832 2007/418/1832
f 2003/404/1833 2004/404/1833 2006/405/1833 2005/405/1833
f 2001/326/1834 2002/326/1834 2004/404/1834 2003/404/1834
f 1999/332/1835 2000/403/1835 2002/326/1835 2001/326/1835
f 1997/443/1836 1998/402/1836 2000/403/1836 1999/332/1836
f 2056/393/1837 2036/393/1837 1998/402/1837 1997/443/1837
f 2038/82/1838 2070/82/1838 2053/365/1838 2037/365/1838
f 2038/82/1839 2039/81/1839 2069/81/1839 2070/82/1839
f 2039/81/1840 2040/419/1840 2068/80/1840 2069/81/1840
f 2040/419/1841 2041/420/1841 2067/401/1841 2068/80/1841
f 2041/420/1842 2042/400/1842 2066/400/1842 2067/401/1842
f 2043/399/1843 2065/399/1843 2066/400/1843 2042/400/1843
f 2043/399/1844 2044/421/1844 2064/69/1844 2065/399/1844
f 2044/421/1845 2045/66/1845 2063/66/1845 2064/69/1845
f 2045/66/1846 2046/398/1846 2062/398/1846 2063/66/1846
f 2046/398/1847 2047/397/1847 2061/397/1847 2062/398/1847
f 2048/422/1848 2060/396/1848 2061/397/1848 2047/397/1848
f 2048/422/1849 2049/395/1849 2059/395/1849 2060/396/1849
f 2049/395/1850 2050/423/1850 2058/394/1850 2059/395/1850
f 2051/329/1851 2057/329/1851 2058/394/1851 2050/423/1851
f 2036/393/1852 2056/393/1852 2057/329/1852 2051/329/1852
f 1846/119/1853 2008/119/1853 2006/405/1853 1845/405/1853
f 1927/329/1854 2057/329/1854 2056/393/1854 1926/393/1854
f 1948/110/1855 2011/110/1855 2013/107/1855 1949/107/1855
f 1845/405/1856 2006/405/1856 2004/404/1856 1844/404/1856
f 1949/107/1857 2013/107/1857 2015/407/1857 1950/407/1857
f 1844/404/1858 2004/404/1858 2002/326/1858 1843/326/1858
f 1950/407/1859 2015/407/1859 2017/444/1859 1951/444/1859
f 1843/326/1860 2002/326/1860 2000/403/1860 1842/403/1860
f 1951/444/1861 2017/444/1861 2019/409/1861 1952/409/1861
f 1842/403/1862 2000/403/1862 1998/402/1862 1841/402/1862
f 1952/409/1863 2019/409/1863 2021/445/1863 1953/445/1863
f 1819/176/1864 2034/176/1864 2055/176/1864 1919/176/1864
f 1841/402/1865 1998/402/1865 2036/393/1865 1826/393/1865
f 1953/445/1866 2021/445/1866 2023/197/1866 1954/197/1866
f 1840/82/1867 2038/82/1867 2037/365/1867 1795/365/1867
f 1894/171/1868 2052/171/1868 2033/416/1868 1794/416/1868
f 1954/197/1869 2023/197/1869 2054/383/1869 1914/383/1869
f 1839/81/1870 2039/81/1870 2038/82/1870 1840/82/1870
f 1795/365/1871 2037/365/1871 2053/365/1871 1895/365/1871
f 1919/176/1872 2055/176/1872 2025/413/1872 1955/413/1872
f 1838/419/1873 2040/419/1873 2039/81/1873 1839/81/1873
f 1955/413/1874 2025/413/1874 2027/414/1874 1956/414/1874
f 1837/420/1875 2041/420/1875 2040/419/1875 1838/419/1875
f 1956/414/1876 2027/414/1876 2029/168/1876 1957/168/1876
f 1836/400/1877 2042/400/1877 2041/420/1877 1837/420/1877
f 1957/168/1878 2029/168/1878 2031/165/1878 1958/165/1878
f 1835/399/1879 2043/399/1879 2042/400/1879 1836/400/1879
f 1958/165/1880 2031/165/1880 2052/171/1880 1894/171/1880
f 1834/421/1881 2044/421/1881 2043/399/1881 1835/399/1881
f 1794/416/1882 2033/416/1882 2032/165/1882 1858/165/1882
f 1895/365/1883 2053/365/1883 2070/82/1883 1940/82/1883
f 1833/66/1884 2045/66/1884 2044/421/1884 1834/421/1884
f 1858/165/1885 2032/165/1885 2030/415/1885 1857/415/1885
f 1940/82/1886 2070/82/1886 2069/81/1886 1939/81/1886
f 1832/398/1887 2046/398/1887 2045/66/1887 1833/66/1887
f 1857/415/1888 2030/415/1888 2028/414/1888 1856/414/1888
f 1939/81/1889 2069/81/1889 2068/80/1889 1938/80/1889
f 1831/397/1890 2047/397/1890 2046/398/1890 1832/398/1890
f 1856/414/1891 2028/414/1891 2026/413/1891 1855/413/1891
f 694/289/1892 695/299/1892 1730/299/1892 1729/289/1892
f 695/299/1893 32/299/1893 1067/299/1893 1730/299/1893
f 310/272/1894 712/271/1894 1747/271/1894 1345/272/1894
f 714/59/1895 713/58/1895 1748/58/1895 1749/59/1895
f 717/259/1896 713/58/1896 1748/58/1896 1752/259/1896
f 718/279/1897 719/275/1897 1754/275/1897 1753/279/1897
f 719/275/1898 720/276/1898 1755/276/1898 1754/275/1898
f 723/345/1899 712/271/1899 1747/271/1899 1758/345/1899
f 715/61/1900 718/279/1900 1753/279/1900 1750/61/1900
f 354/272/1901 310/272/1901 1345/272/1901 1389/272/1901
f 642/259/1902 717/259/1902 1752/259/1902 1677/259/1902
