# Blender 5.0.1
# www.blender.org
mtllib SmileTL.mtl
o BrokeOff1.001
v -0.942511 0.924078 0.213709
v 0.000000 1.318107 0.213471
v -0.531719 1.216615 0.208245
v -0.909512 0.079752 0.213709
v -1.135275 0.666362 0.324396
v 0.000000 0.860348 0.132548
v -0.546876 0.702693 0.123754
v -0.330308 1.283400 0.208037
v -0.436282 0.722494 -0.069637
v 0.000000 0.550934 0.212737
v -0.571972 0.524167 -0.067077
v -1.248920 0.398997 0.427330
v -0.457494 0.540084 0.062495
v -0.835068 0.717609 0.196090
v -0.892466 0.432050 0.574661
v -0.750709 1.091518 0.317596
v -0.347655 0.318595 0.183541
v -0.626108 0.242493 0.169591
v 0.000000 0.328460 0.087325
v -1.091869 0.732705 0.259263
v -1.043468 0.800015 0.217317
v -0.992814 0.864829 0.213709
v -0.800977 1.055715 0.322578
v -0.848365 1.017328 0.327221
v -0.894910 0.974078 0.331495
v -0.388679 1.270101 0.207957
v -0.438379 1.255428 0.208034
v -0.484397 1.238044 0.208101
v -0.400631 0.471942 0.049543
v -0.376587 0.418786 0.059047
v -0.360921 0.369110 0.150020
v -1.227009 0.473622 0.447657
v -1.201737 0.540310 0.430465
v -1.171645 0.603183 0.386077
v 0.000000 1.196075 0.195046
v 0.000000 1.077081 0.296608
v 0.000000 0.964159 0.205335
v -0.544462 1.096677 0.597508
v -0.554814 0.975034 0.298892
v -0.559713 0.849111 0.223489
v -0.458219 0.743523 -0.068576
v -0.487237 0.746432 0.122229
v -0.518427 0.732421 0.140534
v -0.907621 0.703978 0.210394
v -0.982316 0.691049 0.236608
v -1.058439 0.678588 0.279901
v -0.091112 1.315132 0.211994
v -0.178811 1.307281 0.210107
v -0.259681 1.296166 0.208682
v -0.100962 0.855335 0.088417
v -0.203415 0.838057 0.225357
v -0.309750 0.803442 -0.070905
v -0.333475 0.264550 0.225906
v -0.320409 0.208717 0.113121
v -0.339501 1.157534 0.176355
v -0.353196 1.028477 0.129262
v -0.377266 0.891694 -0.067336
v 0.000000 0.767966 0.083547
v 0.000000 0.686453 0.219847
v 0.000000 0.614535 0.208109
v -0.568251 0.659598 0.131784
v -0.580525 0.610081 -0.067077
v -0.582249 0.562239 -0.067077
v -1.285149 0.221796 0.285574
v -1.268509 0.313856 0.366485
v -0.425399 0.683815 -0.070679
v -0.425787 0.634638 -0.071178
v -0.436726 0.583786 0.047220
v -0.104747 0.548331 0.151682
v -0.211532 0.542419 0.026357
v -0.323303 0.536497 0.006578
v -0.975702 0.422246 0.641357
v -1.063976 0.413762 0.692643
v -1.155608 0.406159 0.718604
v -0.486550 0.510963 0.084169
v -0.519074 0.498287 0.106844
v -0.549428 0.502531 0.125840
v -0.612727 0.182449 0.180659
v -0.594870 0.116365 0.192379
v -0.626504 0.739565 0.187656
v -0.696152 0.740761 0.238902
v -0.764983 0.731283 0.443034
v -0.664491 0.481467 -0.067077
v -0.740530 0.459423 0.422260
v -0.815035 0.443870 0.500789
v -0.584035 1.190239 0.305753
v -0.639839 1.159753 0.308512
v -0.696331 1.126423 0.312647
v -0.879423 0.502521 0.550350
v -0.866009 0.570990 0.531216
v -0.851474 0.641379 0.517402
v -0.816273 0.802543 0.196804
v -0.795511 0.894800 0.200664
v -0.773438 0.991938 0.300792
v -0.919309 0.186144 0.213709
v -0.915354 0.274594 0.635302
v -0.905252 0.356302 0.603947
v -0.613469 0.431591 -0.067077
v -0.628300 0.363216 0.142880
v -0.631813 0.301569 0.157444
v 0.000000 0.493973 0.047009
v 0.000000 0.440365 0.056829
v 0.000000 0.386423 0.070038
v -0.561440 0.267576 0.355049
v -0.494298 0.289115 0.289274
v -0.423449 0.306368 0.230438
v -0.266147 0.325461 0.154813
v -0.180006 0.328261 0.060239
v -0.090775 0.328693 0.068864
v -0.823781 0.139736 0.213709
v -0.754597 0.180812 0.207668
v -0.689742 0.214127 0.191450
v 0.091112 1.315132 0.213709
v 0.178811 1.307281 0.213709
v 0.259681 1.296166 0.213709
v 0.100962 0.855335 0.190634
v 0.203415 0.838057 0.258470
v 0.309750 0.803442 0.332750
v 0.104747 0.548331 0.302914
v 0.211532 0.542419 0.120963
v -0.618805 0.843475 0.267323
v -0.609986 0.958375 0.325143
v -0.597933 1.074354 0.612495
v -0.683594 0.835224 0.255832
v -0.670289 0.939792 0.358128
v -0.655513 1.048840 0.633213
v -0.749510 0.820540 0.455688
v -0.732658 0.918125 0.485173
v -0.714765 1.020980 0.658832
v -0.432385 0.882560 -0.067094
v -0.412736 1.016083 0.176633
v -0.399123 1.144431 0.245125
v -0.474026 0.876399 0.180265
v -0.461359 1.004883 0.267551
v -0.449597 1.130896 0.248561
v -0.514087 0.863413 0.198453
v -0.506678 0.990959 0.281079
v -0.496311 1.115321 0.356330
v -0.657037 0.541879 -0.067077
v -0.650106 0.600581 -0.067077
v -0.638816 0.663223 0.183644
v -0.730177 0.525268 0.254781
v -0.720178 0.590821 -0.067077
v -0.708632 0.660678 0.236364
v -0.803300 0.512542 0.474897
v -0.791512 0.580733 0.455993
v -0.778894 0.652303 0.444541
v -0.105146 0.611351 0.145616
v -0.104347 0.682557 0.158065
v -0.102919 0.763312 0.194509
v -0.212092 0.603540 0.121822
v -0.209840 0.671507 0.131662
v -0.207343 0.748129 0.163965
v -0.322528 0.593687 0.003263
v -0.317241 0.654621 -0.075014
v -0.314723 0.720966 -0.073634
v -0.098526 0.959526 0.166285
v -0.095926 1.073151 0.144169
v -0.093464 1.192693 0.186936
v -0.196761 0.944489 0.084875
v -0.189411 1.061944 0.133946
v -0.183569 1.183769 0.180560
v -0.293138 0.918677 -0.067453
v -0.277250 1.045244 0.128731
v -0.266860 1.171248 0.177002
v -0.086306 0.264901 0.093005
v -0.167016 0.202318 0.110734
v -0.171382 0.267905 0.083588
v -0.245455 0.209246 0.107351
v -0.254069 0.268839 0.083279
v -0.568462 0.323070 0.321870
v -0.503908 0.341530 0.258035
v -0.435607 0.357003 0.199594
v -0.568801 0.379362 0.176411
v -0.510441 0.393066 0.135046
v -0.448273 0.406605 0.095584
v -0.562008 0.438996 0.150652
v -0.515184 0.445371 0.118689
v -0.464912 0.457672 0.085571
v -0.375394 0.141495 0.146721
v -0.392813 0.197023 0.128058
v -0.408959 0.252694 0.268382
v -0.442531 0.113403 0.166761
v -0.463328 0.175360 0.149296
v -0.480611 0.233982 0.325378
v -0.531773 0.146719 0.172548
v -0.548605 0.209957 0.157743
v -0.680037 0.411977 -0.067077
v -0.752470 0.390170 0.457146
v -0.826818 0.371598 0.533425
v -0.692735 0.342474 0.168731
v -0.762053 0.318947 0.496286
v -0.835751 0.295419 0.569279
v -0.696386 0.276806 0.181635
v -0.764218 0.248323 0.201662
v -0.837508 0.216338 0.213016
v -0.960925 0.494064 0.620581
v -0.945265 0.562262 0.602633
v -0.927802 0.630884 0.587396
v -1.047051 0.486664 0.677910
v -1.028528 0.554441 0.663279
v -1.007314 0.621200 0.648688
v -1.136260 0.479967 0.713169
v -1.114465 0.547224 0.705032
v -1.088949 0.612057 0.694468
v -0.884111 0.784550 0.208934
v -0.857890 0.871461 0.209390
v -0.829880 0.962548 0.313323
v -0.952849 0.767042 0.213722
v -0.919859 0.848040 0.213574
v -0.884654 0.931981 0.213566
v -1.022203 0.749809 0.228199
v -0.981687 0.824172 0.213709
v -0.938782 0.899272 0.213709
v -0.989992 0.343607 0.664671
v -1.079987 0.332762 0.706695
v -1.173401 0.323038 0.370842
v -1.002116 0.258336 0.687695
v -1.094146 0.245217 0.717025
v -1.188999 0.233285 0.298319
v -1.010456 0.167454 0.217184
v -1.105426 0.153924 0.229037
v -1.201419 0.140957 0.233202
v -0.278056 0.377557 0.115950
v -0.188706 0.382839 0.041677
v -0.095334 0.385613 0.049822
v -0.291512 0.428008 0.031134
v -0.197284 0.434518 0.027093
v -0.099364 0.438789 0.035060
v -0.308512 0.480533 0.015866
v -0.205820 0.486822 0.015870
v -0.102683 0.491853 0.023909
v -0.672997 0.152529 0.198971
v -0.730747 0.117952 0.210832
v -0.649620 0.088081 0.205643
v 0.105146 0.611351 0.298768
v 0.212092 0.603540 0.210528
v 0.104347 0.682557 0.127009
v 0.209840 0.671507 0.213380
v 0.102919 0.763312 0.149049
v 0.207343 0.748129 0.228039
v 0.098526 0.959526 0.254206
v 0.196761 0.944489 0.308881
v 0.293138 0.918677 0.365105
v 0.095926 1.073151 0.335250
v 0.189411 1.061944 0.613192
v 0.277250 1.045244 0.664671
v 0.093464 1.192693 0.203196
v 0.183569 1.183769 0.209815
v 0.266860 1.171248 0.213372
v 0.099364 0.438789 0.089358
v 0.102683 0.491853 0.081949
v -0.942511 0.924078 0.082491
v 0.000000 1.318107 0.082491
v -0.531719 1.216615 0.082491
v -0.909512 0.079752 0.082491
v -1.135275 0.666362 0.232494
v 0.000000 0.860348 0.037453
v -0.546876 0.702693 0.125791
v -0.330308 1.283400 0.082491
v -0.436282 0.722494 -0.198295
v 0.000000 0.550934 0.013698
v -0.571972 0.524167 -0.198295
v -1.248920 0.398997 0.358679
v -0.457494 0.540084 0.063132
v -0.835067 0.717609 0.082491
v -0.892465 0.432050 0.115502
v -0.750709 1.091518 0.082491
v -0.347655 0.318595 0.033574
v -0.626108 0.242493 0.078270
v 0.000000 0.328460 0.040637
v -1.091869 0.732706 0.152181
v -1.043468 0.800015 0.093973
v -0.992814 0.864829 0.082491
v -0.800977 1.055715 0.082491
v -0.848365 1.017328 0.082491
v -0.894910 0.974077 0.082491
v -0.388679 1.270101 0.082491
v -0.438379 1.255428 0.082491
v -0.484397 1.238044 0.082491
v -0.400631 0.471942 -0.198295
v -0.376587 0.418786 -0.198295
v -0.360921 0.369110 0.025402
v -1.227009 0.473622 0.385515
v -1.201737 0.540310 0.362690
v -1.171645 0.603183 0.307402
v 0.000000 1.196075 0.082491
v 0.000000 1.077081 0.074446
v 0.000000 0.964159 0.056203
v -0.544462 1.096677 0.081824
v -0.554814 0.975034 -0.198295
v -0.559713 0.849111 -0.198295
v -0.458219 0.743523 -0.198295
v -0.487237 0.746432 0.098660
v -0.518427 0.732421 0.113908
v -0.907621 0.703977 0.086912
v -0.982316 0.691049 0.122616
v -1.058439 0.678588 0.178048
v -0.091112 1.315132 0.082491
v -0.178811 1.307281 0.082491
v -0.259681 1.296166 0.082491
v -0.100962 0.855335 0.024886
v -0.203415 0.838057 0.016728
v -0.309750 0.803442 -0.198295
v -0.333475 0.264550 0.043474
v -0.320409 0.208717 0.054303
v -0.339501 1.157534 0.080110
v -0.353196 1.028477 0.062205
v -0.377266 0.891694 -0.198295
v 0.000000 0.767965 0.023457
v 0.000000 0.686453 0.015406
v 0.000000 0.614535 0.012586
v -0.568251 0.659598 0.134006
v -0.580525 0.610081 -0.198295
v -0.582249 0.562239 -0.198295
v -1.285149 0.221796 0.185064
v -1.268509 0.313856 0.283531
v -0.425398 0.683815 -0.198295
v -0.425787 0.634638 -0.198295
v -0.436726 0.583786 0.047507
v -0.104747 0.548331 -0.000953
v -0.211532 0.542419 -0.006072
v -0.323303 0.536497 -0.198295
v -0.975702 0.422246 0.187054
v -1.063976 0.413762 0.274681
v -1.155608 0.406159 0.344274
v -0.486550 0.510963 0.085300
v -0.519074 0.498287 0.108493
v -0.549428 0.502531 0.127926
v -0.612727 0.182449 0.081067
v -0.594870 0.116365 0.082481
v -0.626504 0.739565 -0.198295
v -0.696152 0.740761 -0.198295
v -0.764983 0.731283 0.080025
v -0.664491 0.481467 -0.198295
v -0.740530 0.459423 0.078097
v -0.815035 0.443870 0.083097
v -0.584035 1.190239 0.082491
v -0.639839 1.159753 0.082491
v -0.696331 1.126423 0.082491
v -0.879423 0.502521 0.107765
v -0.866009 0.570990 0.094222
v -0.851474 0.641379 0.083302
v -0.816273 0.802543 0.082491
v -0.795511 0.894800 0.082491
v -0.773438 0.991938 0.082491
v -0.919309 0.186144 0.082536
v -0.915354 0.274594 0.096128
v -0.905252 0.356302 0.111842
v -0.613469 0.431591 -0.198295
v -0.628300 0.363216 0.068343
v -0.631813 0.301569 0.074188
v 0.000000 0.493973 0.017507
v 0.000000 0.440365 0.023298
v 0.000000 0.386423 0.030939
v -0.561440 0.267576 0.069052
v -0.494298 0.289115 0.057070
v -0.423449 0.306368 0.044499
v -0.266147 0.325461 0.026585
v -0.180006 0.328261 0.025288
v -0.090775 0.328694 0.030267
v -0.823781 0.139736 0.082491
v -0.754597 0.180812 0.082491
v -0.689742 0.214127 0.082452
v 0.091112 1.315132 0.082491
v 0.178811 1.307281 0.082491
v 0.259681 1.296166 0.082491
v 0.100962 0.855335 0.052656
v 0.203415 0.838057 0.213125
v 0.309750 0.803442 0.272862
v 0.104747 0.548331 0.034912
v 0.211532 0.542419 0.058216
v -0.618805 0.843475 -0.198295
v -0.609986 0.958375 -0.198295
v -0.597933 1.074354 0.082317
v -0.683594 0.835224 -0.198295
v -0.670289 0.939792 -0.198295
v -0.655513 1.048840 0.082491
v -0.749510 0.820540 0.080956
v -0.732658 0.918125 0.082306
v -0.714765 1.020980 0.082491
v -0.432385 0.882560 -0.198295
v -0.412736 1.016083 0.064336
v -0.399123 1.144431 0.080423
v -0.474026 0.876398 -0.198295
v -0.461359 1.004883 -0.198295
v -0.449597 1.130896 0.080873
v -0.514087 0.863413 -0.198295
v -0.506678 0.990959 -0.198295
v -0.496311 1.115321 0.081331
v -0.657037 0.541879 -0.198295
v -0.650106 0.600581 -0.198295
v -0.638816 0.663223 -0.198295
v -0.730177 0.525268 -0.198295
v -0.720178 0.590821 -0.198295
v -0.708632 0.660678 -0.198295
v -0.803300 0.512542 0.081975
v -0.791512 0.580733 0.080976
v -0.778894 0.652303 0.080146
v -0.105146 0.611351 -0.002388
v -0.104347 0.682557 0.000564
v -0.102919 0.763312 0.009311
v -0.212092 0.603540 -0.007875
v -0.209840 0.671507 -0.005646
v -0.207343 0.748129 0.001973
v -0.322528 0.593687 -0.198295
v -0.317241 0.654621 -0.198295
v -0.314723 0.720966 -0.198295
v -0.098526 0.959526 0.046498
v -0.095926 1.073151 0.068894
v -0.093464 1.192693 0.082083
v -0.196761 0.944489 0.039285
v -0.189411 1.061944 0.064378
v -0.183569 1.183769 0.081048
v -0.293138 0.918677 -0.198295
v -0.277250 1.045244 0.061954
v -0.266860 1.171248 0.080265
v -0.086306 0.264901 0.043737
v -0.167016 0.202318 0.053087
v -0.171382 0.267905 0.038572
v -0.245455 0.209246 0.051345
v -0.254069 0.268839 0.038401
v -0.568462 0.323070 0.063328
v -0.503908 0.341530 0.050577
v -0.435607 0.357003 0.037388
v -0.568801 0.379362 -0.198295
v -0.510442 0.393066 -0.198295
v -0.448273 0.406605 -0.198295
v -0.562008 0.438996 -0.198295
v -0.515184 0.445371 -0.198295
v -0.464912 0.457672 -0.198295
v -0.375394 0.141495 0.069967
v -0.392813 0.197023 0.061636
v -0.408959 0.252694 0.052776
v -0.442531 0.113403 0.077399
v -0.463328 0.175360 0.071024
v -0.480611 0.233982 0.063966
v -0.531773 0.146719 0.079120
v -0.548605 0.209957 0.074298
v -0.680037 0.411977 -0.198295
v -0.752470 0.390170 0.081051
v -0.826818 0.371598 0.083104
v -0.692735 0.342474 0.078011
v -0.762053 0.318947 0.082479
v -0.835751 0.295418 0.082491
v -0.696386 0.276806 0.081258
v -0.764218 0.248323 0.082491
v -0.837508 0.216338 0.082491
v -0.960925 0.494064 0.176558
v -0.945265 0.562262 0.149307
v -0.927802 0.630884 0.114875
v -1.047051 0.486664 0.267640
v -1.028528 0.554441 0.231586
v -1.007314 0.621200 0.178772
v -1.136260 0.479967 0.349668
v -1.114465 0.547224 0.313435
v -1.088949 0.612057 0.251691
v -0.884111 0.784550 0.082491
v -0.857890 0.871461 0.082491
v -0.829880 0.962548 0.082491
v -0.952849 0.767042 0.084965
v -0.919859 0.848040 0.082491
v -0.884654 0.931981 0.082491
v -1.022203 0.749809 0.110941
v -0.981687 0.824172 0.082491
v -0.938782 0.899272 0.082491
v -0.989992 0.343607 0.173106
v -1.079987 0.332762 0.243043
v -1.173401 0.323038 0.288826
v -1.002116 0.258336 0.135373
v -1.094146 0.245217 0.179197
v -1.188999 0.233285 0.200725
v -1.010456 0.167454 0.093729
v -1.105426 0.153924 0.112136
v -1.201419 0.140957 0.117962
v -0.278056 0.377557 0.016869
v -0.188706 0.382839 0.014327
v -0.095334 0.385613 0.019175
v -0.291512 0.428008 -0.198295
v -0.197284 0.434518 0.005512
v -0.099364 0.438789 0.010348
v -0.308512 0.480533 -0.198295
v -0.205820 0.486822 -0.001376
v -0.102683 0.491853 0.003567
v -0.672997 0.152529 0.082491
v -0.730747 0.117952 0.082491
v -0.649620 0.088080 0.082491
v 0.105146 0.611351 0.033967
v 0.212092 0.603540 0.174120
v 0.104347 0.682557 0.035918
v 0.209840 0.671507 0.176447
v 0.102919 0.763312 0.041945
v 0.207343 0.748129 0.188395
v 0.098526 0.959526 0.066887
v 0.196761 0.944489 0.076266
v 0.293138 0.918677 0.298457
v 0.095926 1.073151 0.079505
v 0.189411 1.061944 0.082333
v 0.277250 1.045244 0.546281
v 0.093464 1.192693 0.082491
v 0.183569 1.183769 0.082491
v 0.266860 1.171248 0.082491
v 0.099364 0.438789 0.041752
v 0.102683 0.491853 0.037661
v -0.778014 0.901293 0.289762
v -0.813516 0.721814 0.283426
v -0.796674 0.807826 0.283206
v -0.753265 0.910477 0.389237
v -0.792490 0.725916 0.346972
v -0.773653 0.814032 0.360721
v -0.910917 0.749499 0.448444
v -0.931943 0.745397 0.353184
v -0.896442 0.924876 0.350063
v -0.915101 0.831409 0.350004
v -0.871693 0.934060 0.487798
v -0.892080 0.837615 0.462866
v -0.996999 0.650022 0.381246
v -0.920518 0.657266 0.369389
v -0.846397 0.664969 0.341436
v -1.002969 0.633341 0.571671
v -0.924943 0.641240 0.528783
v -0.849682 0.649708 0.475199
v -1.003574 0.242447 0.610957
v -0.915949 0.261287 0.575769
v -0.835983 0.284951 0.521360
v -1.006898 0.206227 0.314856
v -0.917121 0.235087 0.368964
v -0.836346 0.268610 0.375811
v -0.276157 1.421829 -0.199339
v -0.334419 1.501224 -0.309404
v -0.387976 1.666906 -0.309404
v -0.423815 1.708573 -0.309404
v -0.445918 1.719347 -0.309404
v -0.652610 1.496693 -0.309404
v -0.657609 1.482305 -0.309404
v -0.601463 1.338158 -0.309404
v -0.585782 1.503334 -0.309411
v -0.484530 1.496933 -0.309404
v -0.655005 1.214711 -0.309404
v -0.961981 1.496051 -0.309404
v -0.754227 1.154621 -0.309404
v -0.865653 1.239851 -0.309404
v -0.878719 1.259912 -0.309404
v -1.029403 1.216077 -0.309404
v -0.922753 1.243492 -0.309404
v -1.228557 1.292137 -0.309404
v -1.323930 0.936983 -0.458107
v -1.212791 0.627675 -0.309404
v -1.018808 0.945999 -0.309404
v -0.416302 1.608000 -0.458107
v -0.382486 1.368722 -0.458107
v -1.237946 1.236420 -0.077417
v -0.928790 1.232474 -0.077417
v -0.953246 1.214888 -0.077417
v -1.413371 1.079762 -0.458126
v -0.463288 1.714738 -0.309404
v -0.445158 1.653170 -0.309404
v -0.389213 1.572552 -0.309406
v -0.348917 1.520397 -0.309404
v -0.335464 1.502613 -0.309404
v -0.309050 1.504164 -0.309404
v -0.291969 1.396965 -0.818830
v -0.245182 1.350393 -0.309404
v -0.219504 1.350620 -0.309404
v -0.650828 1.500047 -0.309404
v -0.653865 1.493108 -0.309404
v -0.655116 1.489515 -0.309404
v -0.595788 1.495649 -0.199332
v -0.608794 1.472732 -0.199338
v -0.492208 1.501748 -0.309404
v -0.489651 1.500148 -0.309404
v -0.487092 1.498544 -0.309404
v -0.603802 1.418680 -0.309404
v -0.604912 1.421442 -0.309404
v -0.629287 1.367141 -0.309404
v -0.567487 1.332482 -0.309404
v -0.408080 1.421332 -0.309404
v -0.380756 1.415512 -0.309406
v -0.389020 1.442680 -0.199329
v -0.597692 1.335187 -0.309404
v -0.593917 1.332204 -0.309404
v -0.544986 1.330963 -0.309404
v -0.532195 1.338171 -0.309404
v -0.531734 1.347276 -0.309404
v -0.462702 1.354196 -0.309404
v -0.544047 1.303963 -0.458107
v -0.496617 1.343126 -0.309404
v -0.508908 1.296100 -0.458107
v -0.465229 1.330609 -0.309404
v -0.426609 1.332902 -0.309404
v -0.383336 1.360356 -0.309404
v -0.473484 1.296975 -0.458107
v -0.409623 1.325222 -0.458107
v -0.438757 1.307170 -0.458107
v -0.813745 1.477683 -0.309404
v -0.762841 1.394764 -0.309404
v -0.710014 1.307311 -0.309404
v -0.782994 1.494797 -0.309404
v -0.674847 1.295229 -0.309404
v -0.772682 1.500356 -0.309404
v -0.668656 1.329433 -0.309404
v -0.912872 1.417369 -0.309404
v -0.861983 1.334489 -0.309404
v -0.809186 1.247106 -0.309404
v -0.882872 1.436254 -0.309404
v -0.799186 1.253401 -0.309404
v -0.951981 1.502346 -0.309404
v -0.872857 1.442514 -0.309404
v -0.824232 1.361821 -0.309404
v -0.769170 1.272249 -0.309404
v -1.033740 1.296882 -0.458107
v -0.308561 1.504084 -0.199329
v -1.058941 1.265751 -0.458107
v -0.872856 1.442514 -0.199329
v -0.961826 1.496024 -0.199329
v -0.882872 1.436254 -0.199329
v -0.772682 1.500356 -0.199329
v -0.782994 1.494797 -0.199329
v -0.810124 1.477592 -0.199329
v -0.999437 1.318535 -0.458107
v -0.391203 1.423184 -0.199329
v -1.073602 1.210668 -0.458110
v -0.966337 1.322453 -0.458107
v -0.432640 1.419420 -0.199329
v -1.053933 1.219949 -0.309404
v -0.988055 1.274838 -0.458107
v -0.612006 1.446807 -0.199330
v -0.604912 1.421442 -0.199329
v -0.603802 1.418680 -0.199329
v -1.029164 1.218162 -0.309404
v -1.024640 1.241257 -0.077417
v -0.934189 1.313387 -0.458107
v -1.029409 1.211738 -0.309404
v -1.029406 1.213909 -0.309404
v -0.936217 1.260402 -0.458107
v -0.619204 1.421460 -0.199329
v -0.898431 1.284820 -0.458107
v -0.947382 1.225701 -0.309404
v -0.907211 1.227336 -0.309404
v -0.900467 1.215868 -0.309404
v -1.394238 0.943781 -0.309404
v -1.290984 0.772093 -0.309404
v -1.392395 0.994481 -0.309404
v -1.271630 0.782476 -0.309404
v -1.444238 1.024519 -0.309404
v -1.335980 0.952711 -0.309404
v -1.247057 1.220256 -0.309404
v -1.233376 1.242028 -0.309404
v -1.268264 1.254159 -0.458107
v -1.060579 0.990650 -0.309404
v -1.179348 1.213217 -0.309404
v -1.105114 1.091685 -0.309404
v -1.191336 0.709779 -0.723235
v -1.203950 0.672200 -0.723235
v -1.266203 0.952164 -0.309404
v -1.289561 0.983517 -0.309404
v -1.262512 0.939705 -0.309404
v -1.227641 0.985719 -0.309404
v -1.192251 0.709150 -0.309404
v -1.219274 0.757984 -0.309404
v -1.295204 0.889411 -0.123578
v -1.106799 0.989569 -0.309404
v -0.448797 1.658823 -0.458107
v -0.426614 1.660052 -0.458107
v -0.402204 1.610563 -0.458107
v -0.356724 1.612720 -0.458108
v -0.266275 1.361601 -0.458107
v -0.213472 1.359201 -0.458106
v -0.230047 1.347420 -0.458107
v -0.623071 1.361811 -0.458099
v -0.593547 1.365111 -0.458107
v -0.588400 1.326565 -0.458107
v -0.531975 1.348003 -0.458107
v -0.449831 1.363223 -0.458110
v -0.487127 1.343943 -0.458107
v -0.406155 1.364515 -0.458107
v -0.749699 1.415612 -0.458107
v -0.654768 1.214847 -0.458107
v -0.613714 1.237284 -0.458107
v -0.912821 1.418938 -0.458084
v -0.892428 1.442458 -0.458107
v -0.713955 1.180630 -0.458109
v -0.871771 1.439650 -0.458111
v -1.016665 1.252433 -0.458107
v -1.059454 1.200414 -0.458107
v -1.060259 1.198629 -0.458107
v -1.049071 1.210011 -0.458107
v -1.029394 1.221998 -0.458107
v -0.959716 1.275154 -0.458107
v -1.029796 1.208550 -0.458092
v -0.971322 1.206983 -0.458112
v -0.922547 1.243128 -0.458108
v -0.939863 1.189096 -0.458096
v -0.865714 1.240290 -0.458107
v -1.053792 1.219115 -0.077417
v -0.769136 1.252813 -0.077417
v -0.769870 1.235545 -0.077417
v -0.783846 1.243549 -0.077417
v -0.802969 1.296910 -0.077417
v -0.426925 1.332827 -0.077417
v -0.502927 1.338269 -0.077417
v -1.281986 0.753309 -0.458107
v -1.390634 1.045828 -0.458107
v -1.325513 0.888045 -0.458107
v -1.275402 0.770685 -0.458107
v -1.300852 0.870963 -0.458107
v -1.224896 1.186162 -0.458115
v -1.198473 1.176283 -0.458107
v -1.128612 1.129453 -0.458084
v -1.074769 1.040792 -0.458107
v -1.237012 0.708657 -0.458107
v -1.219704 1.063061 -0.458107
v -1.255713 1.031218 -0.458110
v -1.191210 1.028543 -0.458107
v -0.521275 1.337575 -0.077417
v -1.116358 1.041270 -0.458107
v -1.203950 0.672200 -0.458107
v -1.057446 0.905815 -0.458107
v -0.292000 1.406617 -0.309406
v -0.289008 1.388075 -0.309405
v -0.272954 1.366909 -0.309407
v -0.212460 1.368663 -0.309404
v -0.220767 1.390310 -0.309407
v -0.241176 1.411036 -0.309412
v -0.259631 1.420384 -0.309404
v -0.421375 1.614744 -0.458107
v -0.385181 1.660758 0.038576
v -0.603414 1.546479 -0.309404
v -0.635972 1.523411 -0.309417
v -0.657606 1.482320 -0.421009
v -0.433881 1.512098 -0.309407
v -0.489009 1.548131 -0.309415
v -0.551094 1.560097 -0.309422
v -0.556504 1.514581 -0.309433
v -0.517187 1.513587 -0.309419
v -0.479871 1.493649 -0.418404
v -0.456120 1.469793 -0.199333
v -0.434381 1.385197 -0.309408
v -0.567032 1.368586 -0.458107
v -0.862655 1.556285 -0.309421
v -0.962504 1.498408 -0.818754
v -0.714191 1.179733 -0.309406
v -0.878659 1.129977 -0.309406
v -1.002622 1.138476 -0.309404
v -1.071846 1.184253 -0.309405
v -1.002362 1.065150 -0.309407
v -0.900265 1.047866 -0.309405
v -0.866583 1.069646 -0.309405
v -0.833338 1.107214 -0.309409
v -0.815687 1.147979 -0.309404
v -1.027628 1.192937 -0.309410
v -1.228362 1.292314 -0.458107
v -1.181477 1.114101 -0.309405
v -1.411945 1.080187 -0.309409
v -1.212761 0.627258 -0.458107
v -1.153922 1.068648 -0.309404
v -1.018904 0.946142 -0.458107
v -0.397703 1.656029 -0.309404
v -1.203950 0.672200 -0.686059
v -1.281986 0.753309 -0.686059
v -1.289495 0.814654 -0.723235
v -1.316813 0.837713 -0.723235
v -1.226205 0.748260 -0.123578
v -1.279513 0.947809 -0.123578
v -1.264143 0.990835 -0.123578
v -1.057655 0.906037 -0.123578
v -1.106825 0.989616 -0.123578
v -1.062893 0.968606 -0.123578
v -1.227641 0.985719 -0.123578
v -1.262512 0.939705 -0.123578
v -1.290312 0.985433 -0.123578
v -1.060579 0.990650 -0.123578
v -1.271873 0.783972 -0.123578
v -1.385800 0.993813 -0.123578
v -1.309696 0.819094 -0.123578
v -1.394594 0.945640 -0.123578
v -1.018808 0.945999 -0.123578
v -1.328590 0.931674 -0.123578
v -0.365780 1.568292 -0.309404
v -0.371970 1.582281 -0.309404
v -0.290106 1.422158 -0.818825
v -0.302092 1.489302 -0.818830
v -0.612052 1.499335 -0.309404
v -0.324747 1.491412 -0.818830
v -0.403474 1.615727 -0.818830
v -0.454257 1.502619 -0.309404
v -0.383755 1.373886 -0.818830
v -0.653511 1.412847 -0.309404
v -0.619336 1.421893 -0.309404
v -0.417571 1.613165 -0.818830
v -0.521497 1.337204 -0.309404
v -0.447410 1.502650 -0.199329
v -0.476463 1.502912 -0.199329
v -0.487092 1.498544 -0.199329
v -0.492207 1.501749 -0.199329
v -0.514736 1.321191 -0.309404
v -0.783345 1.458205 -0.309404
v -0.764250 1.434101 -0.309404
v -0.812963 1.495192 -0.309404
v -0.773848 1.428741 -0.309404
v -0.746648 1.439242 -0.309404
v -0.837185 1.312854 -0.309404
v -0.897557 1.444563 -0.309404
v -0.910899 1.451069 -0.309404
v -0.912270 1.435304 -0.309404
v -0.802789 1.295570 -0.309404
v -0.783846 1.243549 -0.309404
v -0.769870 1.235545 -0.309404
v -0.769136 1.252813 -0.309404
v -0.617909 1.495765 -0.199329
v -0.621580 1.500991 -0.199329
v -0.656364 1.485914 -0.199329
v -0.655116 1.489515 -0.199329
v -0.651148 1.500216 -0.199329
v -0.307173 1.473512 -0.199331
v -1.041884 1.216071 -0.309404
v -0.335464 1.502613 -0.199329
v -0.484530 1.496933 -0.199329
v -0.644747 1.418660 -0.199329
v -0.657609 1.482305 -0.199329
v -0.334419 1.501224 -0.199329
v -1.020306 1.170827 -0.309405
v -0.953246 1.214888 -0.309404
v -0.928790 1.232474 -0.309404
v -1.291023 0.871672 -0.723235
v -1.238998 0.707326 -0.723235
v -1.289009 0.828329 -0.723235
v -1.275402 0.770685 -0.723235
v -1.325422 0.891149 -0.723235
v -1.281986 0.753309 -0.723235
v -1.259879 0.994302 -0.309404
v -1.230548 0.747199 -0.309404
v -1.340625 0.854473 -0.458107
v -1.062479 0.969959 -0.309404
v -0.358897 1.616609 0.038576
v -0.392981 1.573765 0.038576
v -0.348889 1.578562 0.038576
v -0.371970 1.582281 0.038576
v -0.365780 1.568292 0.038576
v -0.448797 1.658823 -0.564148
v -0.448797 1.658823 -0.526972
v -0.464381 1.689546 -0.601324
v -0.386723 1.664382 -0.601324
v -0.420130 1.661672 -0.601324
v -0.448797 1.658823 -0.601324
v -0.428671 1.713526 -0.601324
v -0.464962 1.712047 -0.601324
v -0.454736 1.718858 -0.601324
v -0.762879 1.397920 -0.458091
v -0.723439 1.416555 -0.458129
v -0.881453 1.396113 -0.458107
v -1.056006 1.210692 -0.458107
v -1.063525 1.203694 -0.458107
v -1.179348 1.213217 -0.077417
v -1.268270 1.254116 -0.077417
v -1.220664 1.248476 -0.077417
v -0.900467 1.215868 -0.077417
v -0.872604 1.250538 -0.077417
v -0.903347 1.227367 -0.077417
v -0.923804 1.230966 -0.077417
v -0.947382 1.225701 -0.077417
v -0.955791 1.218168 -0.077417
v -0.884022 1.266784 -0.077417
v -0.915045 1.301510 -0.077417
v -0.954390 1.198345 -0.458107
v -0.932153 1.256083 -0.077417
v -1.029531 1.211739 -0.077417
v -1.029164 1.218162 -0.077417
v -0.954760 1.273482 -0.077417
v -1.040707 1.216213 -0.077417
v -0.985856 1.276189 -0.077417
v -0.960323 1.322152 -0.077417
v -1.072663 1.212519 -0.077417
v -1.063268 1.258302 -0.077417
v -1.013595 1.313865 -0.077417
v -0.769170 1.272249 -0.077417
v -0.815073 1.267816 -0.077417
v -0.861983 1.334489 -0.077417
v -0.668147 1.298647 -0.077417
v -0.613881 1.237171 -0.077417
v -0.699561 1.312641 -0.077417
v -0.710014 1.307311 -0.077417
v -0.409695 1.324911 -0.077417
v -0.479945 1.294191 -0.077417
v -0.475373 1.323769 -0.077417
v -0.514640 1.323817 -0.077417
v -0.532195 1.338171 -0.077417
v -0.544986 1.330963 -0.077417
v -0.553135 1.333012 -0.077417
v -0.576045 1.333678 -0.077417
v -0.553920 1.306382 -0.077417
v -0.593917 1.332204 -0.077417
v -1.228557 1.292137 -0.077417
v -0.922753 1.243492 -0.077417
v -0.878719 1.259912 -0.077417
v -0.865653 1.239851 -0.077417
v -0.655005 1.214711 -0.077417
v -1.316813 0.837713 -0.458107
v -1.289495 0.814654 -0.458107
v -1.175492 1.177389 -0.458107
v -1.125360 1.082336 -0.458107
v -1.212744 1.029700 -0.458107
v -1.191813 1.058948 -0.458107
v -0.601461 1.338160 -0.077417
v -0.839157 1.569322 -0.309407
v -0.464520 1.690730 -0.309404
v -0.448797 1.658823 -0.383756
v -0.448797 1.658823 -0.420931
v -0.384909 1.660176 -0.458107
v -0.443464 1.651396 0.038576
v -0.342377 1.578914 -0.309404
v -0.323626 1.487535 -0.199329
v -0.318630 1.481556 -0.426950
v -0.300279 1.475539 -0.199333
v -0.286372 1.417654 -0.309413
v -0.661952 1.451438 -0.199331
v -0.418341 1.495958 -0.199329
v -0.588001 1.389359 -0.309406
v -0.433385 1.418692 -0.309404
v -0.762756 1.484201 -0.309406
v -0.921931 1.520964 -0.309430
v -0.983690 1.118295 -0.309408
v -1.046881 1.117140 -0.309404
v -0.957404 1.102720 -0.309405
v -0.923196 1.100818 -0.309405
v -0.842957 1.192615 -0.309413
v -0.944747 1.040317 -0.309404
v -1.281986 0.753309 -0.402344
v -1.297026 0.893257 -0.458107
v -1.203950 0.672200 -0.420931
v -0.895804 1.117548 -0.812053
v -1.075802 1.199906 -0.812051
v -1.062686 1.200048 -0.812053
v -1.063549 1.198364 -0.812053
v -1.052361 1.209745 -0.812053
v -1.034013 1.206439 -0.812051
v -0.975184 1.207147 -0.812053
v -0.961301 1.211166 -0.812053
v -1.050053 1.116323 -0.812053
v -0.940909 1.190461 -0.812051
v -1.006206 1.137611 -0.812053
v -0.973889 1.108076 -0.812052
v -1.006717 1.065563 -0.812053
v -0.936050 1.098718 -0.812053
v -0.955060 1.041418 -0.812053
v -0.818681 1.145559 -0.812053
v -0.851688 1.086852 -0.812052
v -1.443946 1.029285 -0.458111
v -1.201428 1.175553 -0.812053
v -1.114302 1.036158 -0.812053
v -1.134684 1.128634 -0.812049
v -1.078168 1.040556 -0.812051
v -1.225447 1.063165 -0.812061
v -1.194552 1.028203 -0.812053
v -1.131030 1.031031 -0.458142
v -0.753668 1.155167 -0.458107
v -0.846893 1.194154 -0.812051
v -0.866977 1.150657 -0.812052
v -1.074841 1.187179 -0.812053
v -1.069204 1.160486 -0.812051
v -0.901293 1.047738 -0.812053
v -1.184443 1.112815 -0.812053
v -1.157325 1.068192 -0.812053
v -1.059296 1.210426 -0.812053
v -1.066815 1.203428 -0.812053
v -1.065426 1.208069 -0.812053
v -1.048603 1.206034 -0.812053
v -1.023341 1.168930 -0.812053
v -0.963150 1.194858 -0.812053
v -1.227306 1.186885 -0.812070
v -1.177846 1.168861 -0.812053
v -1.128576 1.081926 -0.812053
v -1.216034 1.029434 -0.812053
v -1.195103 1.058682 -0.812053
v -0.261799 1.421243 -0.199329
v -0.769159 1.430286 -0.199329
v -0.746648 1.439242 -0.199329
v -0.913518 1.450878 -0.199329
v -0.269598 1.367854 -0.818830
v -0.571188 1.562643 -0.818824
v -0.642512 1.522103 -0.818826
v -0.657356 1.489935 -0.818812
v -0.517758 1.519107 -0.818827
v -0.611765 1.473938 -0.818829
v -0.466844 1.487296 -0.818829
v -0.458720 1.536479 -0.818830
v -0.410878 1.489098 -0.818829
v -0.624749 1.368147 -0.818827
v -0.594849 1.370659 -0.818830
v -0.593078 1.400103 -0.818830
v -0.436184 1.432923 -0.818830
v -0.567640 1.373448 -0.818832
v -0.434257 1.400777 -0.818829
v -0.446385 1.372700 -0.818830
v -0.422971 1.368707 -0.818830
v -0.407424 1.369679 -0.818830
v -0.765862 1.405859 -0.818826
v -0.748241 1.413282 -0.818830
v -0.864005 1.561841 -0.818827
v -0.914249 1.425486 -0.818827
v -0.871407 1.433805 -0.818834
v -0.213308 1.373327 -0.818833
v -0.228562 1.404486 -0.818829
v -0.262834 1.427564 -0.818830
v -0.663018 1.449169 -0.818830
v -0.646588 1.398658 -0.818830
v -0.385386 1.359082 -0.458107
v -0.385158 1.432608 -0.818830
v -0.516882 1.562465 -0.818825
v -0.568528 1.518274 -0.818826
v -0.611437 1.439928 -0.818829
v -0.598990 1.499018 -0.818826
v -0.822190 1.582049 -0.818814
v -0.923302 1.526549 -0.818825
v -0.358067 1.617119 -0.818830
v -0.305065 1.478544 -0.818829
v -0.612938 1.548258 -0.818830
v -0.380425 1.384790 -0.818830
v -0.720669 1.410888 -0.818837
v -0.881440 1.398866 -0.818830
v -0.941668 0.923626 0.213418
v 0.000036 1.317446 0.212721
v -0.531385 1.215692 0.208054
v -0.909162 0.080506 0.213153
v -1.134699 0.665565 0.324217
v 0.000391 0.860824 0.131760
v -0.546559 0.702545 0.122817
v -0.330179 1.282793 0.207252
v -0.435756 0.722846 -0.070412
v 0.000464 0.551491 0.212048
v -0.572441 0.523505 -0.067662
v -1.247973 0.399161 0.427054
v -0.458260 0.540276 0.061882
v -0.834657 0.717124 0.195318
v -0.893101 0.431891 0.573906
v -0.750058 1.090795 0.317364
v -0.347944 0.317990 0.182799
v -0.625904 0.242571 0.168615
v -0.000501 0.328936 0.086602
v -1.091485 0.731981 0.258691
v -1.042957 0.799437 0.216682
v -0.992267 0.864372 0.213007
v -0.800673 1.055199 0.321777
v -0.847859 1.017037 0.326409
v -0.894506 0.974244 0.330595
v -0.388613 1.269377 0.207270
v -0.438135 1.254651 0.207454
v -0.484170 1.237189 0.207633
v -0.401003 0.471695 0.048648
v -0.376824 0.418151 0.058311
v -0.361122 0.368346 0.149407
v -1.226073 0.473316 0.447486
v -1.200836 0.539900 0.430323
v -1.170796 0.602666 0.385970
v 0.000233 1.195947 0.194082
v 0.000508 1.076984 0.295752
v 0.000340 0.964718 0.204579
v -0.544922 1.096480 0.596642
v -0.555295 0.975713 0.298338
v -0.560210 0.849562 0.222748
v -0.458262 0.744401 -0.069053
v -0.487971 0.747027 0.121901
v -0.518887 0.733094 0.139955
v -0.907696 0.703368 0.209605
v -0.982454 0.690340 0.235916
v -1.058628 0.677785 0.279336
v -0.091037 1.314492 0.211229
v -0.178711 1.306658 0.209331
v -0.259567 1.295554 0.207900
v -0.101110 0.855222 0.087435
v -0.203131 0.837738 0.224453
v -0.309228 0.803428 -0.071758
v -0.334039 0.264725 0.225099
v -0.320762 0.209589 0.112781
v -0.339879 1.157787 0.175465
v -0.353595 1.029133 0.128621
v -0.377370 0.892155 -0.068217
v -0.000006 0.767698 0.082584
v 0.000071 0.686008 0.218955
v 0.000579 0.614571 0.207295
v -0.567461 0.659831 0.131217
v -0.581365 0.610513 -0.067405
v -0.582914 0.562163 -0.067820
v -1.284485 0.222476 0.285262
v -1.267777 0.314173 0.365882
v -0.424746 0.683920 -0.071430
v -0.424956 0.634233 -0.071559
v -0.437602 0.583763 0.046738
v -0.104362 0.548892 0.150949
v -0.211229 0.542931 0.025553
v -0.323414 0.536378 0.005591
v -0.976249 0.422117 0.640530
v -1.064363 0.413668 0.691726
v -1.155052 0.406363 0.717798
v -0.487261 0.511298 0.083551
v -0.519630 0.498786 0.106179
v -0.548764 0.503177 0.125465
v -0.612935 0.182232 0.179705
v -0.595342 0.116863 0.191651
v -0.627009 0.739894 0.186858
v -0.696942 0.740943 0.238317
v -0.764949 0.731329 0.442035
v -0.665117 0.481543 -0.067853
v -0.741430 0.459202 0.421884
v -0.815713 0.443693 0.500076
v -0.583799 1.189290 0.305547
v -0.639395 1.158869 0.308362
v -0.695861 1.125550 0.312515
v -0.880090 0.502421 0.549612
v -0.866696 0.570958 0.530489
v -0.851958 0.640740 0.516803
v -0.815723 0.802446 0.195974
v -0.795059 0.895152 0.199844
v -0.772864 0.992183 0.300010
v -0.919217 0.186994 0.213190
v -0.915933 0.275057 0.634630
v -0.905840 0.356095 0.603165
v -0.612989 0.431084 -0.067794
v -0.627883 0.362573 0.142238
v -0.631476 0.301265 0.156553
v 0.000268 0.494464 0.046180
v -0.000129 0.440569 0.055859
v -0.000638 0.386215 0.069296
v -0.561140 0.267760 0.354113
v -0.494775 0.288575 0.288580
v -0.423849 0.305795 0.229723
v -0.266788 0.325342 0.154055
v -0.180218 0.327963 0.059309
v -0.091050 0.328717 0.067903
v -0.824182 0.140298 0.212985
v -0.754598 0.181104 0.206711
v -0.689947 0.213959 0.190486
v 0.091101 1.314451 0.212977
v 0.178753 1.306586 0.212992
v 0.259093 1.295620 0.213112
v 0.101468 0.855745 0.189875
v 0.203794 0.838725 0.257829
v 0.309317 0.804115 0.332150
v 0.104697 0.548859 0.302067
v 0.210849 0.543146 0.120889
v -0.619088 0.844038 0.266547
v -0.610498 0.959036 0.324594
v -0.598017 1.074290 0.611501
v -0.684136 0.835736 0.255166
v -0.670941 0.940407 0.357685
v -0.655688 1.048686 0.632240
v -0.749415 0.820761 0.454717
v -0.732366 0.918832 0.484530
v -0.714379 1.021062 0.657914
v -0.432943 0.882969 -0.067816
v -0.413511 1.016500 0.176158
v -0.399510 1.144504 0.244206
v -0.474786 0.876810 0.179761
v -0.462066 1.005222 0.266930
v -0.450218 1.130803 0.247782
v -0.514591 0.863841 0.197703
v -0.507186 0.991533 0.280436
v -0.497225 1.115095 0.355993
v -0.657468 0.541706 -0.067963
v -0.650201 0.601195 -0.067861
v -0.639263 0.663871 0.183028
v -0.731088 0.524891 0.254614
v -0.720901 0.590990 -0.067747
v -0.709435 0.661148 0.235997
v -0.804083 0.512400 0.474291
v -0.792375 0.580773 0.455490
v -0.779487 0.651856 0.443872
v -0.104783 0.611385 0.144684
v -0.104000 0.682821 0.157165
v -0.103125 0.763131 0.193547
v -0.211572 0.603915 0.121055
v -0.209242 0.671641 0.130871
v -0.206707 0.748429 0.163254
v -0.322279 0.593324 0.002365
v -0.316783 0.654259 -0.075826
v -0.314201 0.721032 -0.074485
v -0.097953 0.959820 0.165520
v -0.095449 1.073227 0.143293
v -0.093418 1.192961 0.185974
v -0.196166 0.944582 0.084077
v -0.189393 1.062313 0.133016
v -0.183555 1.184059 0.179603
v -0.292770 0.919109 -0.068277
v -0.277247 1.045783 0.127889
v -0.266891 1.171549 0.176049
v -0.086845 0.265363 0.092300
v -0.167563 0.202797 0.110047
v -0.171741 0.267863 0.082656
v -0.245446 0.209799 0.106518
v -0.254523 0.268940 0.082394
v -0.568116 0.322462 0.321156
v -0.504208 0.340764 0.257467
v -0.435872 0.356238 0.199007
v -0.568510 0.378679 0.175741
v -0.510764 0.392397 0.134376
v -0.448570 0.405952 0.094886
v -0.561783 0.438458 0.149840
v -0.515685 0.445108 0.117864
v -0.465363 0.457409 0.084718
v -0.376171 0.141756 0.146148
v -0.393463 0.197594 0.127555
v -0.409530 0.252869 0.267580
v -0.442249 0.114025 0.166031
v -0.463288 0.176156 0.148693
v -0.480900 0.234407 0.324520
v -0.532246 0.147208 0.171815
v -0.548525 0.210432 0.156866
v -0.680574 0.411456 -0.067741
v -0.753347 0.390065 0.456677
v -0.827461 0.371358 0.532697
v -0.693506 0.342086 0.168225
v -0.762832 0.319312 0.495776
v -0.836425 0.295827 0.568664
v -0.696953 0.276860 0.180813
v -0.764591 0.248838 0.200889
v -0.837781 0.216875 0.212218
v -0.961520 0.493979 0.619781
v -0.945890 0.562230 0.601854
v -0.928241 0.630238 0.586772
v -1.047506 0.486603 0.677021
v -1.029039 0.554415 0.662419
v -1.007679 0.620553 0.648019
v -1.135852 0.479719 0.712290
v -1.114119 0.546887 0.704156
v -1.088777 0.611418 0.693717
v -0.884239 0.784583 0.207943
v -0.857944 0.871709 0.208423
v -0.829750 0.963106 0.312503
v -0.952978 0.766958 0.212734
v -0.919914 0.848060 0.212576
v -0.884585 0.932577 0.212766
v -1.022452 0.749522 0.227274
v -0.981736 0.824134 0.212711
v -0.938732 0.899431 0.212723
v -0.990468 0.343450 0.663806
v -1.079761 0.332867 0.705727
v -1.172744 0.323521 0.370263
v -1.002550 0.258851 0.686955
v -1.093766 0.245726 0.716253
v -1.188533 0.234049 0.297873
v -1.010627 0.168425 0.217017
v -1.105481 0.154897 0.228812
v -1.200804 0.141649 0.232823
v -0.278387 0.376845 0.115331
v -0.188856 0.382406 0.040788
v -0.095187 0.385339 0.048871
v -0.291671 0.427453 0.030318
v -0.197246 0.434275 0.026123
v -0.099214 0.438569 0.034096
v -0.308630 0.480326 0.014895
v -0.205785 0.486804 0.014871
v -0.102445 0.492240 0.023018
v -0.673035 0.152778 0.198003
v -0.730513 0.118684 0.210192
v -0.649368 0.088779 0.204974
v 0.105073 0.610930 0.297864
v 0.211262 0.603532 0.209970
v 0.104506 0.682083 0.126143
v 0.209391 0.671610 0.212492
v 0.103476 0.763598 0.148269
v 0.206874 0.748371 0.227190
v 0.098971 0.960030 0.253467
v 0.197331 0.945052 0.308283
v 0.292484 0.919175 0.364536
v 0.096608 1.073014 0.334531
v 0.190053 1.061778 0.612444
v 0.276877 1.045256 0.663743
v 0.093528 1.192352 0.202258
v 0.183637 1.183264 0.208955
v 0.265996 1.170885 0.213023
v 0.098914 0.439320 0.088640
v 0.101866 0.492232 0.081513
v -0.941981 0.923601 0.083192
v -0.000001 1.317392 0.083191
v -0.531408 1.215970 0.083189
v -0.909162 0.080507 0.083046
v -1.134403 0.666387 0.232982
v -0.000131 0.860189 0.038432
v -0.546736 0.702811 0.126774
v -0.330165 1.282696 0.083186
v -0.435736 0.722822 -0.197524
v -0.000168 0.550975 0.014683
v -0.572669 0.524019 -0.197594
v -1.248163 0.398558 0.359162
v -0.457993 0.539681 0.063899
v -0.835002 0.717640 0.083488
v -0.891950 0.431971 0.116355
v -0.750310 1.090928 0.083193
v -0.347567 0.318785 0.034552
v -0.626033 0.242559 0.079265
v -0.000612 0.329084 0.041122
v -1.091027 0.732687 0.152719
v -1.042766 0.799830 0.094661
v -0.992247 0.864405 0.083198
v -0.800545 1.055147 0.083191
v -0.847897 1.016789 0.083191
v -0.894408 0.973570 0.083191
v -0.388496 1.269404 0.083184
v -0.438148 1.254745 0.083184
v -0.484119 1.237380 0.083186
v -0.400300 0.471541 -0.197441
v -0.376661 0.419397 -0.197507
v -0.360935 0.369812 0.026114
v -1.226181 0.473343 0.386000
v -1.200877 0.540212 0.363191
v -1.170771 0.603171 0.307888
v -0.000014 1.196042 0.083490
v -0.000052 1.076970 0.075439
v -0.000097 0.963996 0.057185
v -0.544268 1.096152 0.082652
v -0.554616 0.974506 -0.197469
v -0.559987 0.849493 -0.197412
v -0.457555 0.743880 -0.197638
v -0.487287 0.747421 0.098798
v -0.518950 0.733254 0.114089
v -0.907396 0.704154 0.087870
v -0.981900 0.691431 0.123441
v -1.057986 0.679102 0.178777
v -0.091072 1.314418 0.083190
v -0.178734 1.306569 0.083189
v -0.259570 1.295458 0.083188
v -0.101040 0.855157 0.025867
v -0.203978 0.837974 0.017550
v -0.310272 0.803458 -0.197442
v -0.333404 0.264750 0.044451
v -0.320419 0.209474 0.054957
v -0.339483 1.157454 0.081106
v -0.353044 1.027899 0.063007
v -0.377154 0.891194 -0.197437
v -0.000152 0.767846 0.024438
v -0.000164 0.686387 0.016391
v -0.000169 0.614525 0.013571
v -0.568314 0.659222 0.134931
v -0.581238 0.609818 -0.197646
v -0.582914 0.562163 -0.197553
v -1.284625 0.222129 0.185849
v -1.267826 0.313295 0.283998
v -0.424732 0.683904 -0.197555
v -0.425123 0.635020 -0.197652
v -0.436976 0.583923 0.048466
v -0.104842 0.548379 0.000041
v -0.212070 0.542408 -0.005229
v -0.323395 0.536235 -0.197334
v -0.975035 0.422088 0.187782
v -1.063344 0.413498 0.275410
v -1.155228 0.405765 0.345111
v -0.486941 0.510694 0.086181
v -0.518471 0.498211 0.109287
v -0.549321 0.502657 0.128912
v -0.612683 0.182497 0.082065
v -0.595165 0.117018 0.083178
v -0.627032 0.739768 -0.197470
v -0.695542 0.740664 -0.197509
v -0.764358 0.731182 0.080799
v -0.664092 0.481616 -0.197390
v -0.739855 0.459682 0.078787
v -0.814823 0.443857 0.084075
v -0.583701 1.189609 0.083192
v -0.639486 1.159135 0.083193
v -0.695958 1.125817 0.083194
v -0.878946 0.502559 0.108643
v -0.865650 0.571097 0.095149
v -0.851279 0.641474 0.084278
v -0.816258 0.802538 0.083491
v -0.795505 0.894795 0.083491
v -0.773437 0.991938 0.083491
v -0.918924 0.186326 0.083441
v -0.915042 0.274379 0.097053
v -0.904791 0.356114 0.112708
v -0.613371 0.432028 -0.197401
v -0.628110 0.363924 0.069024
v -0.631705 0.301645 0.075179
v -0.000163 0.494057 0.018490
v -0.000386 0.440721 0.024150
v -0.000746 0.386530 0.031596
v -0.561323 0.267689 0.070039
v -0.494167 0.289263 0.058050
v -0.423327 0.306542 0.045476
v -0.266110 0.325661 0.027564
v -0.180029 0.328460 0.026268
v -0.091089 0.329106 0.031123
v -0.824160 0.140323 0.083207
v -0.754470 0.181175 0.083414
v -0.689718 0.214148 0.083451
v 0.091069 1.314420 0.083192
v 0.178731 1.306573 0.083193
v 0.259087 1.295617 0.083079
v 0.100509 0.855298 0.053547
v 0.202570 0.838362 0.213563
v 0.309133 0.804080 0.273322
v 0.104307 0.548617 0.035763
v 0.210813 0.542800 0.058797
v -0.618805 0.843475 -0.197295
v -0.609781 0.957837 -0.197478
v -0.597733 1.073826 0.083143
v -0.682976 0.835130 -0.197514
v -0.669722 0.939374 -0.197585
v -0.655308 1.048305 0.083310
v -0.748886 0.820440 0.081731
v -0.732036 0.918021 0.083082
v -0.714432 1.020687 0.083387
v -0.432534 0.882287 -0.197345
v -0.413124 1.015500 0.065051
v -0.399096 1.144357 0.081420
v -0.473896 0.876638 -0.197333
v -0.461738 1.004299 -0.197577
v -0.449677 1.130590 0.081821
v -0.514251 0.863950 -0.197468
v -0.506485 0.990430 -0.197469
v -0.496127 1.114797 0.082162
v -0.657037 0.541879 -0.197295
v -0.650106 0.600581 -0.197295
v -0.639275 0.663074 -0.197420
v -0.729517 0.525547 -0.197598
v -0.719568 0.590720 -0.197509
v -0.708024 0.660576 -0.197508
v -0.802744 0.512706 0.082790
v -0.790839 0.580674 0.081713
v -0.778257 0.652218 0.080912
v -0.105242 0.611343 -0.001393
v -0.104441 0.682486 0.001557
v -0.103008 0.763180 0.010299
v -0.212625 0.603553 -0.007029
v -0.210374 0.671483 -0.004801
v -0.207888 0.748059 0.002809
v -0.322749 0.593972 -0.197363
v -0.317753 0.654635 -0.197437
v -0.315235 0.720969 -0.197436
v -0.098587 0.959334 0.047477
v -0.095963 1.073006 0.069882
v -0.093477 1.192639 0.083082
v -0.197177 0.944185 0.040143
v -0.189419 1.061777 0.065363
v -0.183575 1.183699 0.082045
v -0.293555 0.918190 -0.197527
v -0.277318 1.044792 0.062844
v -0.266853 1.171169 0.081262
v -0.086921 0.265520 0.044225
v -0.167607 0.202954 0.053583
v -0.171635 0.268349 0.039432
v -0.245417 0.210010 0.051989
v -0.254043 0.269049 0.039378
v -0.568236 0.323587 0.064154
v -0.503953 0.342216 0.051303
v -0.435634 0.357700 0.038105
v -0.568608 0.380068 -0.197614
v -0.510576 0.393679 -0.197517
v -0.448380 0.407217 -0.197512
v -0.562238 0.438698 -0.197369
v -0.515056 0.444760 -0.197514
v -0.464658 0.457099 -0.197515
v -0.376120 0.141873 0.070542
v -0.393046 0.197406 0.062530
v -0.408860 0.252874 0.053755
v -0.442175 0.114189 0.077904
v -0.463104 0.175816 0.071885
v -0.480506 0.234128 0.064949
v -0.532009 0.147410 0.079803
v -0.548519 0.210058 0.075289
v -0.679554 0.412510 -0.197601
v -0.752037 0.390322 0.081939
v -0.826631 0.371548 0.084085
v -0.692575 0.342939 0.078882
v -0.762029 0.318957 0.083478
v -0.835637 0.295360 0.083483
v -0.696335 0.276841 0.082256
v -0.764211 0.248330 0.083491
v -0.837474 0.216312 0.083490
v -0.960250 0.494108 0.177294
v -0.944658 0.562452 0.150080
v -0.927346 0.631126 0.115731
v -1.046363 0.486700 0.268365
v -1.027880 0.554718 0.232295
v -1.006752 0.621572 0.179511
v -1.135751 0.480005 0.350528
v -1.113923 0.547589 0.314193
v -1.088444 0.612557 0.252395
v -0.884093 0.784568 0.083491
v -0.857887 0.871460 0.083491
v -0.829879 0.962548 0.083491
v -0.952698 0.767216 0.085938
v -0.919856 0.848047 0.083491
v -0.884654 0.931981 0.083491
v -1.021877 0.750202 0.111801
v -0.981590 0.824260 0.083482
v -0.938782 0.899272 0.083491
v -0.989413 0.343266 0.173847
v -1.079490 0.332267 0.243756
v -1.173168 0.322410 0.289569
v -1.001694 0.257925 0.136181
v -1.093802 0.244640 0.179938
v -1.188423 0.232894 0.201443
v -1.010309 0.168011 0.094546
v -1.105294 0.154408 0.113001
v -1.200831 0.141359 0.118663
v -0.278191 0.378174 0.017644
v -0.188726 0.383016 0.015311
v -0.095422 0.385779 0.020157
v -0.292035 0.428462 -0.197574
v -0.197653 0.434769 0.006407
v -0.099456 0.438924 0.011335
v -0.309016 0.480440 -0.197436
v -0.206367 0.486781 -0.000540
v -0.102776 0.491949 0.004558
v -0.672861 0.152895 0.083412
v -0.730477 0.118729 0.083060
v -0.649320 0.088847 0.083058
v 0.104714 0.611238 0.034862
v 0.211120 0.603427 0.174325
v 0.103815 0.682492 0.036762
v 0.208895 0.671457 0.176770
v 0.102382 0.763193 0.042780
v 0.206394 0.748050 0.188699
v 0.098424 0.959399 0.067873
v 0.196121 0.944621 0.077023
v 0.292192 0.918501 0.298730
v 0.095875 1.073082 0.080502
v 0.188886 1.062013 0.083181
v 0.276256 1.045141 0.546303
v 0.093453 1.192678 0.083491
v 0.183565 1.183765 0.083491
v 0.266135 1.171413 0.083159
v 0.098764 0.439420 0.042243
v 0.101914 0.491935 0.038295
v -0.777083 0.900949 0.289880
v -0.812519 0.721892 0.283442
v -0.795781 0.807641 0.283615
v -0.752467 0.910109 0.388761
v -0.791718 0.726273 0.346447
v -0.773314 0.814174 0.359791
v -0.910520 0.750011 0.447682
v -0.931121 0.745882 0.353481
v -0.895825 0.924187 0.350445
v -0.914217 0.831236 0.350437
v -0.871525 0.933513 0.486978
v -0.891699 0.837724 0.461947
v -0.996755 0.649065 0.381403
v -0.920511 0.656480 0.370008
v -0.846527 0.663978 0.341472
v -1.002818 0.632434 0.571278
v -0.925255 0.640543 0.528137
v -0.850160 0.648917 0.474817
v -1.003631 0.243358 0.610548
v -0.916472 0.261823 0.575105
v -0.836699 0.285530 0.520969
v -1.006911 0.207226 0.314827
v -0.917425 0.235799 0.369597
v -0.836904 0.269422 0.375984
v -0.275670 1.421789 -0.200212
v -0.333561 1.501603 -0.309752
v -0.388540 1.666161 -0.309760
v -0.424273 1.707983 -0.310069
v -0.445992 1.718582 -0.310043
v -0.651783 1.496331 -0.309836
v -0.656639 1.482061 -0.309412
v -0.600909 1.338794 -0.309942
v -0.586266 1.503902 -0.310076
v -0.483938 1.497738 -0.309412
v -0.654526 1.215587 -0.309446
v -0.961202 1.495578 -0.309815
v -0.754034 1.155417 -0.309978
v -0.866549 1.240290 -0.309460
v -0.879535 1.259335 -0.309413
v -1.030290 1.216119 -0.309864
v -0.921813 1.243152 -0.309406
v -1.229013 1.291257 -0.309539
v -1.323941 0.936657 -0.457162
v -1.212906 0.628503 -0.309953
v -1.019742 0.946318 -0.309562
v -0.416819 1.607649 -0.457327
v -0.382137 1.369572 -0.457714
v -1.237882 1.237177 -0.078068
v -0.928685 1.232842 -0.078341
v -0.952662 1.214076 -0.077417
v -1.413348 1.078933 -0.457567
v -0.462665 1.714234 -0.310002
v -0.444271 1.653343 -0.309832
v -0.388660 1.573344 -0.309664
v -0.348356 1.520827 -0.310111
v -0.334799 1.503115 -0.309957
v -0.309750 1.503487 -0.309627
v -0.291230 1.397184 -0.818193
v -0.244982 1.351121 -0.310060
v -0.219956 1.351273 -0.310011
v -0.650098 1.499634 -0.309949
v -0.653022 1.492810 -0.309853
v -0.654254 1.489028 -0.309538
v -0.596477 1.495223 -0.199920
v -0.609423 1.472932 -0.200089
v -0.491826 1.502463 -0.309989
v -0.489199 1.500918 -0.309855
v -0.486463 1.499197 -0.309825
v -0.604552 1.418344 -0.309974
v -0.605857 1.421366 -0.309721
v -0.628691 1.367575 -0.310080
v -0.567334 1.331755 -0.310073
v -0.408049 1.422063 -0.310086
v -0.381662 1.415661 -0.309800
v -0.389750 1.442512 -0.199991
v -0.597139 1.335888 -0.309854
v -0.593257 1.332816 -0.309839
v -0.545819 1.331408 -0.309735
v -0.532314 1.338382 -0.310374
v -0.532080 1.346602 -0.310057
v -0.462407 1.353605 -0.310155
v -0.543813 1.304657 -0.457426
v -0.496461 1.342141 -0.309478
v -0.508847 1.296831 -0.457427
v -0.465152 1.329926 -0.310131
v -0.426465 1.332168 -0.310067
v -0.384170 1.360479 -0.309942
v -0.473598 1.297699 -0.457427
v -0.410131 1.325767 -0.457441
v -0.439057 1.307841 -0.457429
v -0.813447 1.478149 -0.310237
v -0.762234 1.395132 -0.310109
v -0.709298 1.307736 -0.309958
v -0.782791 1.494929 -0.310374
v -0.674196 1.295262 -0.310162
v -0.773393 1.499905 -0.309943
v -0.669205 1.328815 -0.309966
v -0.912271 1.417741 -0.310111
v -0.861278 1.334926 -0.309962
v -0.808415 1.247543 -0.309867
v -0.882762 1.436471 -0.310374
v -0.799504 1.253097 -0.310302
v -0.951778 1.501525 -0.309938
v -0.873462 1.442142 -0.310108
v -0.824818 1.361393 -0.310092
v -0.769472 1.271807 -0.310249
v -1.033253 1.296323 -0.457436
v -0.309009 1.503410 -0.199917
v -1.058281 1.265399 -0.457443
v -0.872342 1.441665 -0.199211
v -0.962569 1.495354 -0.199342
v -0.882420 1.437146 -0.199321
v -0.773602 1.499964 -0.199329
v -0.782157 1.495344 -0.199329
v -0.809343 1.478216 -0.199310
v -0.999182 1.317829 -0.457447
v -0.391736 1.423763 -0.199945
v -1.072771 1.210361 -0.457648
v -0.966385 1.321709 -0.457441
v -0.432240 1.420115 -0.199927
v -1.054155 1.220745 -0.309967
v -0.988261 1.275421 -0.457321
v -0.612662 1.446754 -0.200083
v -0.605814 1.421611 -0.199725
v -0.604730 1.418307 -0.199329
v -1.030091 1.218489 -0.309585
v -1.025180 1.241561 -0.078202
v -0.934529 1.312724 -0.457440
v -1.030233 1.211720 -0.309970
v -1.030301 1.213916 -0.309851
v -0.935773 1.260897 -0.457361
v -0.619246 1.422147 -0.200054
v -0.898959 1.284312 -0.457426
v -0.946889 1.225028 -0.309955
v -0.907196 1.227986 -0.310164
v -0.900945 1.216547 -0.309961
v -1.393322 0.944171 -0.309498
v -1.290249 0.772701 -0.309701
v -1.392277 0.994239 -0.310367
v -1.271199 0.783183 -0.309966
v -1.443444 1.024539 -0.310011
v -1.336795 0.952135 -0.309479
v -1.246560 1.221007 -0.309838
v -1.233996 1.242209 -0.310168
v -1.267463 1.254073 -0.457515
v -1.060402 0.990816 -0.310374
v -1.180056 1.212779 -0.309957
v -1.105721 1.091319 -0.310109
v -1.192114 0.709696 -0.722613
v -1.204129 0.673007 -0.722673
v -1.266878 0.951982 -0.310120
v -1.288792 0.982888 -0.309514
v -1.263427 0.940084 -0.309548
v -1.228288 0.986229 -0.309970
v -1.193020 0.709049 -0.310035
v -1.220218 0.757763 -0.309648
v -1.295743 0.889439 -0.124420
v -1.106013 0.989790 -0.309982
v -0.447895 1.658646 -0.457714
v -0.426645 1.660762 -0.457403
v -0.402247 1.610800 -0.457137
v -0.357463 1.612075 -0.457913
v -0.265801 1.362479 -0.458040
v -0.214257 1.359804 -0.457961
v -0.230141 1.348197 -0.457485
v -0.622505 1.362619 -0.457934
v -0.593630 1.365805 -0.457392
v -0.587964 1.327161 -0.457433
v -0.532174 1.347383 -0.457349
v -0.449117 1.362880 -0.457500
v -0.487007 1.343321 -0.457334
v -0.406198 1.364753 -0.457137
v -0.750040 1.416315 -0.457484
v -0.654554 1.215633 -0.457527
v -0.614505 1.237487 -0.457531
v -0.912025 1.419539 -0.458015
v -0.893009 1.443104 -0.457612
v -0.714749 1.180812 -0.457530
v -0.872619 1.439458 -0.457618
v -1.017173 1.252823 -0.457340
v -1.059923 1.200309 -0.457230
v -1.061178 1.198896 -0.457818
v -1.049243 1.210180 -0.457137
v -1.030198 1.221877 -0.457524
v -0.959545 1.275762 -0.457332
v -1.030795 1.208544 -0.458072
v -0.970727 1.206180 -0.458110
v -0.922190 1.242972 -0.457187
v -0.940592 1.189579 -0.457612
v -0.866521 1.240418 -0.457530
v -1.053974 1.219669 -0.078230
v -0.769599 1.252567 -0.078269
v -0.770271 1.236273 -0.077973
v -0.783378 1.243771 -0.078272
v -0.802652 1.296308 -0.078150
v -0.426736 1.332083 -0.078058
v -0.503656 1.338006 -0.078049
v -1.282448 0.753466 -0.457234
v -1.391236 1.045448 -0.457405
v -1.325508 0.888034 -0.457107
v -1.275619 0.770576 -0.457137
v -1.300200 0.870954 -0.457350
v -1.224103 1.186383 -0.457546
v -1.198651 1.175555 -0.457445
v -1.129430 1.128880 -0.458039
v -1.075472 1.040506 -0.457456
v -1.236458 0.709041 -0.457369
v -1.219923 1.063810 -0.457482
v -1.255114 1.030789 -0.457434
v -1.191654 1.029250 -0.457557
v -0.521124 1.336859 -0.078098
v -1.116572 1.041498 -0.457157
v -1.204091 0.671583 -0.457333
v -1.057351 0.906636 -0.457543
v -0.291246 1.406500 -0.310052
v -0.288315 1.388375 -0.310061
v -0.272456 1.367463 -0.310073
v -0.213230 1.368662 -0.310042
v -0.221395 1.389907 -0.310072
v -0.241612 1.410440 -0.310087
v -0.259963 1.419682 -0.310035
v -0.420788 1.615156 -0.457409
v -0.385519 1.660032 0.037978
v -0.603102 1.545809 -0.310079
v -0.635431 1.522900 -0.310085
v -0.656628 1.482109 -0.421013
v -0.434373 1.511250 -0.309605
v -0.489287 1.547445 -0.310087
v -0.551069 1.559352 -0.310089
v -0.556622 1.515233 -0.310182
v -0.517035 1.514222 -0.310177
v -0.479290 1.494463 -0.418396
v -0.455584 1.470181 -0.200083
v -0.433811 1.384985 -0.310202
v -0.567754 1.368161 -0.457561
v -0.861871 1.556071 -0.310004
v -0.961702 1.498256 -0.818176
v -0.714983 1.179926 -0.309985
v -0.878189 1.129534 -0.310170
v -1.003022 1.138511 -0.310320
v -1.071091 1.184629 -0.309942
v -1.001917 1.065753 -0.310069
v -0.900536 1.048562 -0.310069
v -0.867062 1.070204 -0.310082
v -0.833963 1.107611 -0.310081
v -0.816474 1.147922 -0.310018
v -1.028298 1.192805 -0.310140
v -1.228467 1.291497 -0.457540
v -1.180980 1.114062 -0.310271
v -1.411943 1.079358 -0.309969
v -1.212882 0.628092 -0.457568
v -1.153893 1.068989 -0.310344
v -1.019704 0.946235 -0.457514
v -0.397370 1.655332 -0.310039
v -1.204937 0.672358 -0.686060
v -1.282246 0.754275 -0.686059
v -1.289485 0.814613 -0.722236
v -1.316357 0.836823 -0.723235
v -1.226694 0.748894 -0.124177
v -1.280027 0.947444 -0.124354
v -1.264588 0.989979 -0.123839
v -1.057556 0.906856 -0.124142
v -1.106207 0.989051 -0.124124
v -1.063212 0.967973 -0.124284
v -1.228438 0.986323 -0.123578
v -1.263424 0.939885 -0.123947
v -1.290456 0.984607 -0.124122
v -1.059849 0.991333 -0.123578
v -1.271512 0.784564 -0.124299
v -1.385570 0.993027 -0.124152
v -1.309214 0.819601 -0.124293
v -1.393840 0.945791 -0.124217
v -1.019238 0.946469 -0.124348
v -1.328575 0.931308 -0.124508
v -0.365559 1.568390 -0.310374
v -0.371754 1.583082 -0.309963
v -0.289503 1.421623 -0.818233
v -0.302858 1.489244 -0.818189
v -0.611956 1.498653 -0.310129
v -0.324258 1.491964 -0.818154
v -0.403652 1.616711 -0.818815
v -0.454206 1.501892 -0.310089
v -0.384182 1.374670 -0.818380
v -0.652731 1.413414 -0.309671
v -0.619425 1.422626 -0.310078
v -0.416952 1.613699 -0.818254
v -0.521351 1.336517 -0.310116
v -0.447330 1.501921 -0.200008
v -0.476988 1.502700 -0.200153
v -0.486286 1.499001 -0.199704
v -0.491676 1.502596 -0.199329
v -0.515518 1.320875 -0.309942
v -0.783312 1.458142 -0.310401
v -0.764437 1.433952 -0.310375
v -0.813002 1.495332 -0.310393
v -0.773453 1.428938 -0.310301
v -0.746669 1.439281 -0.310403
v -0.837168 1.312822 -0.310403
v -0.897533 1.444605 -0.310403
v -0.910767 1.450828 -0.310366
v -0.912225 1.435145 -0.310390
v -0.802125 1.295798 -0.310115
v -0.783522 1.243702 -0.310338
v -0.770015 1.235808 -0.310358
v -0.769474 1.252633 -0.310328
v -0.617751 1.495048 -0.200008
v -0.622351 1.500689 -0.199889
v -0.655696 1.485683 -0.200035
v -0.654409 1.488979 -0.199790
v -0.650210 1.499870 -0.199329
v -0.307011 1.474285 -0.199945
v -1.041837 1.216715 -0.310167
v -0.334665 1.503215 -0.199329
v -0.484118 1.497517 -0.200028
v -0.644394 1.419351 -0.199959
v -0.656903 1.482120 -0.200012
v -0.333491 1.501348 -0.199681
v -1.020398 1.170512 -0.310349
v -0.953104 1.214691 -0.310374
v -0.928632 1.233026 -0.310223
v -1.290794 0.870891 -0.722654
v -1.238386 0.707750 -0.722567
v -1.288324 0.828402 -0.722511
v -1.276294 0.770237 -0.723179
v -1.325071 0.890362 -0.722727
v -1.281062 0.753690 -0.723235
v -1.259938 0.994190 -0.310396
v -1.230561 0.747652 -0.310295
v -1.340016 0.854836 -0.457402
v -1.062785 0.969334 -0.310122
v -0.359572 1.616321 0.037896
v -0.392762 1.574535 0.037977
v -0.349508 1.579117 0.038020
v -0.371785 1.582969 0.037874
v -0.364866 1.568696 0.038576
v -0.447856 1.658484 -0.564148
v -0.447945 1.658299 -0.526972
v -0.463653 1.689730 -0.600663
v -0.387489 1.664690 -0.600760
v -0.420182 1.662369 -0.600609
v -0.448406 1.659522 -0.600726
v -0.429062 1.712867 -0.600681
v -0.464261 1.711684 -0.600710
v -0.454587 1.718098 -0.600691
v -0.762305 1.398628 -0.457679
v -0.724310 1.416370 -0.457674
v -0.881559 1.396327 -0.457136
v -1.055841 1.210515 -0.457137
v -1.063771 1.202998 -0.457433
v -1.180196 1.212688 -0.077417
v -1.267409 1.254081 -0.077926
v -1.221397 1.248831 -0.077998
v -0.901034 1.216692 -0.077417
v -0.873198 1.250153 -0.078124
v -0.902663 1.227837 -0.077975
v -0.923961 1.231722 -0.078052
v -0.946796 1.224891 -0.077417
v -0.955296 1.218493 -0.078223
v -0.884570 1.266326 -0.078117
v -0.915488 1.300910 -0.078083
v -0.955162 1.198206 -0.457486
v -0.931672 1.256556 -0.078156
v -1.030528 1.211810 -0.077417
v -1.029938 1.218614 -0.077861
v -0.954531 1.274071 -0.078192
v -1.040688 1.216958 -0.078084
v -0.986042 1.276749 -0.078224
v -0.960431 1.321400 -0.078066
v -1.072343 1.213050 -0.078202
v -1.062588 1.257969 -0.078071
v -1.013229 1.313192 -0.078060
v -0.768170 1.272251 -0.077417
v -0.814222 1.267293 -0.077458
v -0.861144 1.335032 -0.077431
v -0.668606 1.298062 -0.078086
v -0.614693 1.237368 -0.077967
v -0.698959 1.312008 -0.077904
v -0.709154 1.307822 -0.077417
v -0.409994 1.324929 -0.078371
v -0.480032 1.294944 -0.078069
v -0.475236 1.323076 -0.078125
v -0.515073 1.323619 -0.078296
v -0.532686 1.339042 -0.077417
v -0.545181 1.330573 -0.078317
v -0.553213 1.332299 -0.078115
v -0.576041 1.332957 -0.078110
v -0.553716 1.307093 -0.078091
v -0.593064 1.332634 -0.077710
v -1.229189 1.291434 -0.077745
v -0.922221 1.243220 -0.078219
v -0.879308 1.259504 -0.078114
v -0.866406 1.240397 -0.077784
v -0.654445 1.215443 -0.077805
v -1.316794 0.837677 -0.457108
v -1.289380 0.814160 -0.457245
v -1.175748 1.176856 -0.457301
v -1.125802 1.083031 -0.457540
v -1.212942 1.029841 -0.457137
v -1.191642 1.059756 -0.457544
v -0.600841 1.338945 -0.077417
v -0.839280 1.568531 -0.310006
v -0.463780 1.690886 -0.310058
v -0.447924 1.659311 -0.383758
v -0.447923 1.658337 -0.420932
v -0.385796 1.660067 -0.457658
v -0.442706 1.651056 0.038019
v -0.343265 1.578846 -0.309859
v -0.323101 1.488039 -0.200015
v -0.317971 1.482308 -0.426943
v -0.300994 1.475934 -0.199909
v -0.285690 1.417175 -0.309965
v -0.661206 1.451545 -0.199989
v -0.418737 1.495326 -0.199995
v -0.588502 1.388937 -0.310162
v -0.432490 1.418980 -0.309745
v -0.763363 1.483834 -0.310111
v -0.922119 1.520171 -0.310009
v -0.984112 1.117769 -0.310146
v -1.046247 1.117522 -0.310076
v -0.957592 1.102101 -0.310168
v -0.923035 1.100218 -0.310188
v -0.842947 1.191782 -0.309966
v -0.944658 1.041072 -0.310054
v -1.281114 0.753797 -0.402350
v -1.297559 0.893071 -0.457282
v -1.204916 0.672458 -0.420927
v -0.895409 1.117023 -0.811299
v -1.075080 1.199595 -0.811433
v -1.063474 1.199872 -0.811464
v -1.063826 1.198445 -0.811096
v -1.053074 1.210446 -0.812047
v -1.034485 1.205785 -0.811459
v -0.975960 1.206542 -0.811873
v -0.961697 1.210673 -0.811278
v -1.049419 1.116704 -0.811380
v -0.940152 1.191072 -0.812282
v -1.006649 1.137572 -0.811158
v -0.974193 1.107511 -0.811285
v -1.006262 1.066160 -0.811392
v -0.935991 1.098107 -0.811264
v -0.954938 1.042167 -0.811403
v -0.819470 1.145552 -0.811439
v -0.852252 1.087336 -0.811383
v -1.443152 1.029278 -0.457503
v -1.201609 1.174893 -0.811325
v -1.114907 1.036827 -0.811621
v -1.135252 1.128177 -0.811363
v -1.078724 1.041194 -0.811518
v -1.224673 1.063465 -0.811504
v -1.194252 1.028984 -0.811506
v -1.130305 1.031663 -0.457868
v -0.753482 1.155962 -0.457530
v -0.846850 1.193320 -0.811501
v -0.866410 1.150290 -0.811314
v -1.074125 1.187281 -0.811362
v -1.068504 1.160699 -0.811369
v -0.901581 1.048438 -0.811400
v -1.183935 1.112771 -0.811193
v -1.157428 1.068661 -0.811176
v -1.058614 1.209694 -0.812059
v -1.067026 1.202835 -0.811277
v -1.065556 1.207119 -0.811772
v -1.048375 1.205325 -0.811386
v -1.023456 1.168606 -0.811114
v -0.963788 1.195271 -0.811404
v -1.226678 1.186327 -0.811527
v -1.178167 1.168194 -0.811380
v -1.128666 1.082065 -0.811067
v -1.216848 1.030016 -0.812046
v -1.195003 1.059163 -0.811183
v -0.262382 1.421247 -0.200141
v -0.768307 1.430810 -0.199332
v -0.747119 1.440124 -0.199329
v -0.914505 1.451041 -0.199347
v -0.269278 1.368569 -0.818208
v -0.571065 1.561910 -0.818156
v -0.641909 1.521656 -0.818166
v -0.656647 1.489725 -0.818139
v -0.517586 1.519711 -0.818048
v -0.612388 1.474092 -0.818063
v -0.466381 1.487740 -0.818061
v -0.459139 1.535865 -0.818162
v -0.411488 1.488673 -0.818160
v -0.624417 1.368861 -0.818211
v -0.594914 1.371360 -0.818119
v -0.593630 1.399729 -0.818085
v -0.435560 1.433092 -0.818067
v -0.568423 1.373730 -0.818278
v -0.433618 1.400652 -0.818070
v -0.445729 1.373209 -0.818273
v -0.422146 1.368902 -0.818300
v -0.407599 1.370664 -0.818815
v -0.765615 1.406625 -0.818233
v -0.748366 1.413914 -0.818065
v -0.863212 1.561617 -0.818261
v -0.913710 1.425985 -0.818148
v -0.872175 1.433607 -0.818225
v -0.214028 1.373718 -0.818260
v -0.229132 1.403988 -0.818176
v -0.262987 1.426801 -0.818201
v -0.662270 1.449234 -0.818169
v -0.645930 1.398989 -0.818153
v -0.386036 1.359434 -0.457434
v -0.385871 1.432415 -0.818157
v -0.517039 1.561731 -0.818164
v -0.568702 1.518880 -0.818050
v -0.612074 1.439784 -0.818071
v -0.599454 1.499450 -0.818053
v -0.822414 1.581268 -0.818232
v -0.923471 1.525741 -0.818260
v -0.358479 1.616429 -0.818235
v -0.305379 1.479313 -0.818274
v -0.612561 1.547610 -0.818167
v -0.381153 1.384885 -0.818152
v -0.721399 1.411322 -0.818309
v -0.881785 1.399556 -0.818193
vn 0.5799 -0.7500 0.3182
vn 0.4316 -0.8463 0.3123
vn 0.8889 -0.3731 0.2658
vn 0.7019 -0.6743 0.2296
vn 0.2979 0.1853 0.9364
vn -0.0000 -0.0000 -1.0000
vn -0.3288 0.8777 -0.3486
vn 0.0747 0.9581 0.2764
vn 0.9778 -0.1594 0.1363
vn -0.9699 0.1973 0.1429
vn -0.9766 0.0109 0.2148
vn 0.8698 -0.0424 -0.4916
vn 0.9377 -0.1576 0.3095
vn -0.0241 0.9877 0.1543
vn 0.5760 -0.2178 0.7879
vn 0.9077 -0.3946 0.1430
vn 0.2048 0.2491 0.9466
vn 0.8649 -0.0092 -0.5019
vn 0.3853 -0.5010 0.7749
vn 0.1384 -0.8208 0.5541
vn 0.0039 0.2459 0.9693
vn 0.7358 0.1351 0.6636
vn -0.0017 0.0004 -1.0000
vn 0.8097 0.4184 0.4115
vn 0.7935 0.5738 0.2028
vn 0.2874 -0.9374 0.1965
vn -0.1174 -0.1336 -0.9841
vn 0.0924 -0.5550 0.8267
vn -0.0924 0.3083 0.9468
vn -0.0056 0.0022 -1.0000
vn 0.6029 0.7779 0.1772
vn -0.1200 -0.1777 -0.9767
vn 0.9475 -0.0778 0.3103
vn 0.8155 -0.5701 0.1002
vn -0.7674 0.1394 0.6258
vn -0.9590 0.1589 -0.2345
vn -0.1636 0.9605 0.2251
vn -0.1019 -0.0627 -0.9928
vn -0.2433 -0.0582 -0.9682
vn 0.3165 0.0519 0.9472
vn 0.7039 0.1421 0.6960
vn 0.9533 0.2563 0.1597
vn 0.0518 0.0360 -0.9980
vn -0.9207 0.3472 0.1780
vn -0.7266 -0.0748 0.6830
vn 0.1331 -0.1119 -0.9848
vn -0.6509 0.0545 0.7572
vn 0.1395 0.0391 -0.9894
vn -0.4660 -0.3571 0.8095
vn 0.5813 -0.1370 0.8021
vn -0.1592 -0.5519 0.8186
vn 0.0279 0.0883 -0.9957
vn 0.0372 -0.0104 0.9993
vn 0.1688 0.7722 0.6125
vn 0.0369 -0.2471 0.9683
vn -0.1770 0.0593 0.9824
vn -0.5038 -0.7288 0.4637
vn 0.2729 -0.1786 0.9453
vn -0.0126 -0.1926 -0.9812
vn -0.5742 -0.6660 0.4762
vn -0.1194 -0.0978 -0.9880
vn 0.1000 0.1884 -0.9770
vn -0.2685 -0.6055 0.7492
vn -0.7773 0.4085 0.4786
vn -0.0491 -0.1179 0.9918
vn -0.0428 -0.0597 0.9973
vn 0.0027 0.0146 -0.9999
vn -0.0023 0.0185 -0.9998
vn -0.4950 0.4846 -0.7212
vn -0.0352 0.1410 -0.9894
vn -0.8741 0.4061 0.2663
vn 0.5754 0.6386 0.5110
vn 0.0012 -0.2141 -0.9768
vn 0.0538 -0.2049 -0.9773
vn 0.0006 0.3609 0.9326
vn 0.0512 -0.0256 -0.9984
vn 0.0682 0.3821 0.9216
vn -0.2962 -0.5580 0.7752
vn 0.1923 -0.9591 -0.2078
vn -0.3065 0.8739 -0.3773
vn 0.0169 0.0136 -0.9998
vn -0.8951 -0.0722 0.4399
vn 0.8777 -0.0053 -0.4792
vn 0.1424 -0.9656 -0.2175
vn 0.2582 0.1968 0.9458
vn -0.0443 -0.2095 -0.9768
vn -0.0042 -0.2105 -0.9776
vn -0.3919 -0.8581 0.3317
vn -0.7513 0.6413 0.1558
vn 0.3999 0.0350 0.9159
vn -0.0680 -0.1456 -0.9870
vn 0.1098 0.8921 0.4383
vn 0.2044 0.2744 0.9396
vn 0.0960 0.9122 0.3983
vn 0.3974 -0.8966 0.1953
vn 0.2975 -0.8605 0.4134
vn -0.9262 0.2273 0.3007
vn 0.2398 0.2274 0.9438
vn -0.0513 -0.0618 -0.9968
vn 0.9390 0.3128 0.1428
vn -0.0128 -0.0039 -0.9999
vn -0.8501 0.4713 0.2351
vn -0.2442 0.8677 -0.4330
vn -0.0000 -0.0000 1.0000
vn -0.0663 0.3142 0.9470
vn -0.0442 -0.0135 -0.9989
vn -0.3767 0.0853 -0.9224
vn -0.2848 0.1325 -0.9494
vn -0.3425 0.8817 -0.3244
vn -0.4621 -0.1771 -0.8690
vn 0.7011 0.0683 0.7098
vn -0.0667 -0.0500 -0.9965
vn -0.1058 -0.0649 -0.9923
vn 0.8896 -0.0068 -0.4568
vn -0.7007 -0.1487 -0.6977
vn -0.0001 -0.0001 -1.0000
vn -0.6627 -0.1899 -0.7244
vn 0.9433 0.2749 -0.1864
vn -0.0916 0.6232 -0.7767
vn -0.5994 -0.1092 -0.7930
vn -0.0397 0.0017 -0.9992
vn -0.0905 0.2583 0.9618
vn -0.9684 0.1207 0.2181
vn -0.0792 -0.1934 -0.9779
vn -0.7617 0.6205 0.1864
vn 0.8655 0.1388 -0.4813
vn -0.0870 -0.1207 -0.9889
vn -0.6421 0.1503 -0.7517
vn -0.7170 0.0731 -0.6932
vn 0.0483 0.1627 -0.9855
vn -0.9628 0.1480 -0.2263
vn -0.6376 -0.7413 0.2098
vn -0.5714 -0.4372 -0.6945
vn 0.2261 -0.8196 0.5265
vn -0.0506 -0.6538 0.7549
vn 0.0527 0.0144 0.9985
vn 0.3167 0.3271 0.8903
vn 0.3646 0.5199 0.7725
vn -0.3999 -0.5125 -0.7599
vn -0.3154 -0.3203 -0.8933
vn 0.0014 -0.6451 0.7641
vn 0.6024 0.4654 0.6484
vn -0.6069 -0.7785 0.1597
vn -0.0050 -0.0098 -0.9999
vn 0.0722 -0.3553 0.9320
vn 0.2620 0.1145 0.9583
vn 0.2718 -0.9359 -0.2239
vn -0.0010 0.7163 -0.6978
vn 0.0693 0.1754 -0.9821
vn -0.6501 0.0298 -0.7592
vn 0.3213 0.8354 0.4459
vn 0.0558 -0.1591 -0.9857
vn -0.1437 -0.1332 -0.9806
vn 0.0539 -0.1225 -0.9910
vn -0.9532 0.1837 -0.2402
vn -0.0016 0.0002 -1.0000
vn 0.0561 -0.1873 -0.9807
vn 0.1169 -0.1724 -0.9781
vn 0.1263 -0.1461 -0.9812
vn -0.3100 0.1610 0.9370
vn -0.1208 -0.1677 -0.9784
vn -0.0670 -0.1916 0.9792
vn -0.1790 0.1149 0.9771
vn 0.0422 0.2033 -0.9782
vn 0.5079 0.2952 0.8093
vn -0.0060 -0.0127 -0.9999
vn 0.3570 0.8635 0.3563
vn -0.1957 -0.3885 0.9004
vn 0.1403 -0.0195 -0.9899
vn 0.6378 0.0465 0.7688
vn 0.0050 -0.2395 0.9709
vn 0.2279 -0.9520 -0.2042
vn -0.0106 -0.0262 -0.9996
vn -0.6502 -0.1224 0.7498
vn -0.4751 -0.5181 0.7112
vn -0.0723 0.9811 -0.1795
vn 0.0242 0.7414 0.6707
vn -0.0078 0.0064 -0.9999
vn -0.3715 0.8740 0.3133
vn 0.5109 0.6970 0.5031
vn 0.6783 0.2207 0.7009
vn -0.0001 -0.0004 -1.0000
vn -0.0072 0.0171 -0.9998
vn -0.9400 0.0301 0.3399
vn -0.0953 -0.1646 -0.9817
vn -0.0089 0.0103 -0.9999
vn -0.1237 -0.9259 0.3570
vn 0.0518 -0.0783 -0.9956
vn -0.6553 -0.7310 -0.1905
vn -0.0020 0.9865 0.1635
vn -0.0915 0.3473 0.9333
vn -0.0875 -0.0873 -0.9923
vn 0.5109 -0.4562 0.7286
vn 0.4239 -0.8438 0.3290
vn -0.3294 0.8704 -0.3658
vn 0.1210 0.1559 -0.9803
vn -0.0869 0.1976 0.9764
vn -0.0010 0.0020 -1.0000
vn -0.0086 0.0153 -0.9998
vn -0.0271 0.0151 -0.9995
vn 0.9345 -0.1909 0.3003
vn 0.1694 0.1898 0.9671
vn -0.4780 -0.3283 -0.8147
vn -0.2147 -0.1499 0.9651
vn 0.2554 -0.8928 -0.3710
vn -0.2956 0.8753 -0.3827
vn -0.7134 0.5924 -0.3743
vn -0.0538 0.1298 -0.9901
vn -0.5932 -0.7779 -0.2075
vn -0.0044 0.0192 -0.9998
vn -0.1886 -0.2596 -0.9471
vn 0.1877 0.0865 -0.9784
vn 0.7626 -0.5007 0.4095
vn -0.9205 -0.0936 0.3793
vn 0.4627 -0.5008 0.7315
vn -0.9577 0.1622 -0.2378
vn 0.2860 -0.8824 -0.3735
vn 0.6558 0.0646 0.7521
vn -0.3142 0.2991 -0.9010
vn 0.4457 -0.8365 0.3189
vn -0.3301 0.9264 -0.1809
vn -0.3217 0.6467 -0.6916
vn 0.6677 0.7323 -0.1338
vn 0.8300 -0.4934 -0.2601
vn 0.0265 0.9827 0.1834
vn -0.5291 0.3079 0.7907
vn 0.5674 0.0542 0.8217
vn -0.4568 0.8520 -0.2556
vn 0.6802 0.1386 0.7198
vn -0.0054 0.1401 -0.9901
vn 0.4650 0.3079 0.8300
vn -0.6220 -0.1925 0.7590
vn -0.9582 0.1543 -0.2411
vn 0.1984 -0.0165 -0.9800
vn 0.1971 0.0338 -0.9798
vn 0.8078 0.0867 -0.5830
vn 0.1677 0.1327 -0.9769
vn -0.5816 -0.3156 0.7497
vn 0.8796 0.1855 -0.4381
vn -0.9070 0.0123 -0.4209
vn -0.2075 0.2398 0.9484
vn -0.9678 0.0785 0.2392
vn 0.3934 0.8241 0.4075
vn -0.0469 -0.3455 0.9373
vn -0.0129 0.2097 -0.9777
vn 0.0133 -0.3583 0.9335
vn 0.1345 0.1567 -0.9784
vn 0.0859 0.1354 -0.9871
vn 0.0285 0.0465 -0.9985
vn -0.0451 -0.1745 0.9836
vn -0.0250 -0.2160 0.9761
vn -0.3362 0.5090 -0.7924
vn -0.0254 0.1458 -0.9890
vn -0.1971 0.8863 -0.4190
vn 0.3980 0.3166 0.8611
vn -0.5207 -0.4236 0.7412
vn 0.4972 0.2241 0.8382
vn 0.1269 -0.9640 0.2338
vn 0.5936 -0.1274 0.7946
vn 0.9024 -0.0194 0.4304
vn 0.0744 0.9260 0.3700
vn 0.1939 -0.0601 -0.9792
vn -0.0307 -0.0309 -0.9991
vn 0.9784 -0.0163 0.2059
vn -0.0128 0.0029 -0.9999
vn 0.5293 0.4935 0.6901
vn 0.4724 0.5259 0.7073
vn 0.3797 0.5627 0.7343
vn -0.5074 0.0709 0.8588
vn 0.7331 -0.5192 -0.4394
vn -0.9570 0.1480 0.2496
vn -0.0027 0.3784 0.9256
vn 0.5993 0.2513 0.7601
vn 0.2819 0.3214 0.9040
vn -0.1401 -0.0855 -0.9864
vn -0.0091 0.0138 -0.9999
vn 0.4279 -0.8347 0.3467
vn 0.5550 -0.3517 0.7539
vn 0.3239 0.6194 0.7152
vn 0.4191 0.5825 0.6965
vn -0.8868 0.3652 0.2833
vn 0.9140 -0.0550 -0.4020
vn 0.5336 0.2174 0.8173
vn -0.6156 -0.7571 -0.2187
vn -0.0330 -0.0225 -0.9992
vn -0.0392 -0.0433 -0.9983
vn -0.5786 -0.3379 0.7423
vn 0.0514 0.1020 -0.9935
vn 0.4511 -0.5138 0.7298
vn -0.1105 0.0841 -0.9903
vn -0.2719 0.2758 -0.9220
vn 0.0020 0.0040 1.0000
vn 0.0902 0.0608 0.9941
vn 0.1984 0.1426 0.9697
vn -0.6466 0.3204 -0.6923
vn 0.2276 0.1988 0.9532
vn -0.2333 0.9330 0.2742
vn 0.6468 0.2005 0.7358
vn 0.5992 0.0052 0.8006
vn -0.4212 -0.5589 -0.7143
vn -0.4032 -0.5881 -0.7011
vn 0.6265 0.1215 0.7699
vn -0.3548 0.0037 -0.9349
vn 0.6726 -0.0002 0.7400
vn -0.0188 0.0042 -0.9998
vn 0.4179 -0.7166 0.5584
vn -0.4812 -0.4382 -0.7592
vn 0.4626 0.0052 0.8866
vn 0.3378 0.4343 0.8350
vn -0.6217 -0.2910 -0.7272
vn 0.7102 -0.0106 0.7039
vn -0.6242 0.1957 -0.7563
vn 0.1394 -0.0472 0.9891
vn -0.4177 0.8751 0.2443
vn 0.0426 -0.0155 0.9990
vn 0.0466 -0.0195 0.9987
vn 0.6399 0.2831 0.7144
vn 0.3839 0.1429 0.9122
vn -0.3154 -0.9130 0.2588
vn 0.4621 -0.8669 0.1871
vn -0.0004 0.0002 -1.0000
vn -0.7566 -0.3803 0.5319
vn 0.0016 -0.0009 1.0000
vn 0.0910 0.1425 0.9856
vn -0.4261 -0.4006 -0.8112
vn -0.2122 -0.1345 -0.9679
vn 0.1387 -0.0226 0.9901
vn 0.3476 0.1265 0.9291
vn -0.5069 0.4928 -0.7073
vn 0.0246 -0.0222 0.9995
vn 0.5811 0.1693 0.7960
vn 0.4499 0.1217 0.8847
vn -0.5185 0.3225 -0.7919
vn 0.5201 0.0944 0.8489
vn 0.4443 0.2043 0.8723
vn 0.5510 -0.4085 0.7277
vn 0.5151 0.2027 0.8328
vn -0.0179 -0.1710 -0.9851
vn 0.1684 -0.9602 0.2227
vn 0.6902 -0.3561 0.6300
vn 0.8283 0.1328 -0.5443
vn 0.2368 0.5982 0.7656
vn -0.0748 -0.1891 -0.9791
vn -0.1001 -0.1914 -0.9764
vn 0.7980 0.0360 -0.6016
vn -0.5015 -0.1414 0.8535
vn 0.1851 -0.0964 -0.9780
vn -0.1481 0.6912 0.7073
vn 0.0905 -0.9696 -0.2272
vn -0.9664 0.1456 -0.2120
vn 0.0335 -0.0204 0.9992
vn 0.0863 0.8718 0.4823
vn 0.2160 0.1995 0.9558
vn 0.1506 0.1332 0.9796
vn -0.0590 -0.2057 -0.9768
vn 0.2655 -0.9524 0.1499
vn 0.9721 -0.1755 0.1555
vn -0.1434 -0.1592 -0.9768
vn 0.2123 -0.0160 -0.9771
vn -0.3911 0.8766 0.2805
vn -0.4911 -0.3883 0.7798
vn 0.1337 0.1009 -0.9859
vn -0.1957 0.2886 0.9372
vn 0.0326 0.1998 -0.9793
vn 0.9179 0.0775 -0.3891
vn 0.0166 0.1222 -0.9924
vn 0.8038 -0.5693 -0.1727
vn -0.4281 -0.4990 0.7535
vn 0.0747 0.0836 -0.9937
vn 0.5355 0.2560 -0.8048
vn -0.0243 -0.0182 0.9995
vn 0.0051 0.0074 -1.0000
vn 0.0022 0.0016 -1.0000
vn 0.1568 0.3365 0.9285
vn -0.3585 -0.5678 0.7410
vn 0.1378 -0.0700 -0.9880
vn -0.2163 0.1819 0.9592
vn -0.9351 0.3544 -0.0000
vn 0.9994 -0.0360 -0.0000
vn -0.3095 -0.9509 -0.0000
vn -0.6807 0.7325 -0.0000
vn -1.0000 0.0079 -0.0000
vn -0.9020 0.4317 -0.0000
vn -0.6920 -0.7219 -0.0000
vn -0.7243 0.6895 -0.0000
vn 0.9995 0.0331 -0.0000
vn 0.0070 -1.0000 -0.0000
vn 0.3860 -0.9225 -0.0000
vn -0.7879 0.6158 -0.0000
vn 0.0326 0.9995 -0.0000
vn -0.0880 -0.9961 -0.0000
vn 1.0000 -0.0000 -0.0000
vn -0.9911 0.1333 -0.0000
vn -0.8959 0.4443 -0.0000
vn -0.0997 -0.9950 -0.0000
vn -0.7623 0.6472 -0.0000
vn 0.7225 -0.6914 -0.0000
vn -0.9595 0.2817 -0.0000
vn -0.0326 0.9995 -0.0000
vn -0.4794 0.8776 -0.0000
vn 0.4335 -0.9012 -0.0000
vn 0.7079 -0.7064 -0.0000
vn -0.9706 0.2406 -0.0000
vn 0.9542 0.2993 -0.0000
vn 0.4098 -0.9122 -0.0000
vn -0.1362 0.9907 -0.0000
vn -0.0892 0.9960 -0.0000
vn 0.2009 -0.9796 -0.0000
vn 0.4590 -0.8884 -0.0000
vn 0.9775 -0.2108 0.0002
vn -0.1887 -0.9420 0.2774
vn 0.3631 -0.9318 -0.0001
vn -0.1385 -0.9904 -0.0001
vn 0.9032 -0.4292 -0.0000
vn 0.6924 0.7215 -0.0000
vn -0.4502 0.8929 -0.0000
vn 0.9995 0.0326 -0.0000
vn -0.9841 0.1779 -0.0000
vn -0.9745 0.2242 -0.0000
vn 0.0892 0.9960 -0.0000
vn 0.5733 -0.8194 -0.0000
vn -0.5402 0.8415 -0.0000
vn 0.9981 -0.0624 -0.0000
vn -0.8368 0.5475 -0.0000
vn 0.1362 0.9907 -0.0000
vn -0.0353 -0.9994 -0.0000
vn 0.9655 0.2606 -0.0000
vn -0.3534 0.9355 -0.0000
vn 0.9978 0.0664 -0.0000
vn 0.9976 0.0699 -0.0000
vn 0.1339 -0.9910 -0.0000
vn -0.9626 -0.2708 -0.0000
vn -0.9480 -0.3182 -0.0000
vn 0.1594 -0.9872 -0.0000
vn -0.2832 0.9591 -0.0000
vn -0.9401 -0.3410 -0.0000
vn -0.9350 -0.3547 -0.0000
vn 0.1186 -0.9929 -0.0000
vn -0.6294 0.7770 -0.0000
vn -0.0026 -1.0000 -0.0000
vn -0.2221 0.9750 -0.0000
vn 0.5105 -0.8599 -0.0000
vn -0.5801 0.8145 -0.0000
vn -0.8119 0.5838 -0.0000
vn -0.0159 -0.9999 -0.0000
vn 0.1410 -0.9900 -0.0000
vn -0.9958 -0.0917 -0.0000
vn -0.8667 0.4989 -0.0000
vn 0.9993 -0.0365 -0.0000
vn -0.0553 -0.9985 -0.0000
vn 1.0000 -0.0092 -0.0000
vn -0.1779 0.9841 -0.0000
vn 0.5137 -0.8580 -0.0000
vn -0.5081 0.8613 -0.0000
vn 0.9990 0.0436 -0.0000
vn -0.4125 0.9110 -0.0000
vn 0.9922 0.1245 -0.0000
vn 0.9966 0.0822 -0.0000
vn 0.9898 0.1427 -0.0000
vn 0.8819 -0.2692 0.3870
vn 0.5249 -0.7550 0.3931
vn 0.0711 0.9526 0.2958
vn -0.9786 -0.1165 0.1698
vn 0.8409 -0.3584 0.4055
vn 0.1866 -0.4779 0.8584
vn 0.3890 -0.5436 0.7437
vn 0.0063 -0.0118 0.9999
vn 0.4762 -0.7868 0.3927
vn 0.0551 -0.2475 0.9673
vn -0.0838 0.2890 0.9536
vn -0.3330 0.7393 0.5853
vn 0.9658 -0.1884 0.1783
vn 0.4831 -0.3975 0.7802
vn 0.8613 0.4919 0.1270
vn 0.9425 -0.1160 0.3134
vn -0.9535 0.1480 0.2624
vn 0.7467 0.6021 0.2829
vn 0.9695 -0.1196 0.2141
vn -0.7712 0.5265 0.3578
vn -0.3411 -0.4405 0.8304
vn 0.6052 0.5958 0.5280
vn 0.0324 -0.0350 0.9989
vn -0.1547 0.9129 0.3778
vn 0.3551 0.0493 0.9335
vn -0.4482 -0.7540 0.4801
vn -0.2226 0.0920 0.9705
vn -0.0551 -0.3820 0.9225
vn 0.0187 -0.3864 0.9221
vn -0.0694 -0.3348 0.9397
vn 0.0115 -0.0316 0.9994
vn -0.8483 0.1068 0.5186
vn -0.5010 -0.5106 0.6988
vn 0.6204 -0.5606 0.5485
vn 0.2081 0.6367 0.7425
vn -0.7832 0.5793 0.2260
vn 0.4806 0.5608 0.6742
vn -0.3438 -0.9072 0.2426
vn 0.4302 -0.8786 0.2074
vn -0.0682 0.9858 0.1532
vn 0.1886 -0.0500 0.9808
vn 0.1669 -0.0787 0.9828
vn 0.2473 -0.2159 0.9446
vn -0.8975 -0.1349 0.4200
vn 0.1136 -0.5828 0.8046
vn 0.0192 -0.5842 0.8113
vn 0.0222 0.2749 0.9612
vn -0.3849 -0.8464 0.3679
vn 0.0112 -0.1842 0.9828
vn 0.3142 0.2357 0.9196
vn -0.6359 -0.0534 0.7699
vn 0.6722 -0.6135 0.4144
vn -0.5297 -0.2320 0.8158
vn -0.7440 -0.6292 0.2249
vn -0.6129 0.7539 0.2366
vn -0.9649 0.1682 -0.2015
vn -0.1468 0.8861 -0.4395
vn 0.6040 -0.7171 -0.3479
vn -0.9885 -0.1176 -0.0954
vn 0.9659 -0.1558 -0.2068
vn -0.0659 -0.0050 -0.9978
vn -0.3609 -0.9100 -0.2043
vn -0.1902 0.6353 -0.7485
vn 0.6922 0.6315 -0.3494
vn 0.9914 0.1160 -0.0608
vn -0.0603 -0.0119 -0.9981
vn -0.6124 -0.4054 -0.6787
vn -0.3502 -0.1818 -0.9189
vn -0.1654 -0.0453 -0.9852
vn -0.3768 -0.4358 -0.8173
vn 0.5404 -0.8110 -0.2240
vn 0.5618 0.7306 -0.3880
vn 0.8963 0.4155 -0.1547
vn 0.0002 0.0013 -1.0000
vn 0.1149 0.1371 -0.9839
vn -0.7225 0.6914 -0.0000
vn 0.9706 -0.2406 -0.0000
vn -0.9776 0.2103 -0.0000
vn -0.6921 -0.7218 -0.0001
vn 0.9922 0.1246 -0.0000
vn 0.9984 0.0574 -0.0000
vn -0.9689 0.1763 0.1739
vn -0.9624 0.1936 0.1904
vn -0.9561 0.1987 0.2156
vn 0.6021 -0.2499 0.7583
vn -0.4862 0.0780 -0.8703
vn -0.9633 0.1848 0.1947
vn 0.1274 0.9865 -0.1030
vn -0.4505 0.1212 -0.8845
vn -0.1341 -0.9872 0.0865
vn 0.5715 -0.3291 0.7517
vn -0.1236 -0.0432 -0.9914
vn -0.0500 0.9506 0.3063
vn -0.0596 0.9604 0.2721
vn 0.3408 -0.8969 0.2818
vn 0.1559 -0.9343 0.3205
vn 0.2307 0.0731 -0.9703
vn -0.9999 0.0128 -0.0060
vn 0.4099 0.1059 0.9060
vn 0.5501 0.1201 0.8264
vn 0.9994 0.0323 0.0103
vn -0.0024 0.9621 0.2727
vn 0.3336 -0.9252 0.1809
vn 0.4200 -0.8649 0.2747
vn 0.1753 -0.9172 0.3577
vn 0.1991 -0.9604 0.1951
vn 0.0487 0.9795 0.1954
vn 0.0692 0.9877 0.1400
vn -0.8652 -0.5015 -0.0000
vn 0.5950 0.8036 -0.0182
vn -0.0004 0.0008 1.0000
vn -0.0001 0.0001 1.0000
vn -0.0000 -0.0001 1.0000
vn 0.0002 0.0002 1.0000
vn -0.0001 -0.0000 1.0000
vn 0.0001 0.0010 1.0000
vn -0.0000 0.0005 1.0000
vn 0.0003 -0.0000 1.0000
vn 0.0007 0.0001 1.0000
vn 0.1015 -0.9948 0.0098
vn -0.0004 -0.0015 1.0000
vn 0.0001 0.0004 1.0000
vn -0.9960 0.0866 -0.0235
vn -0.9902 0.1393 -0.0000
vn 0.4383 0.8988 0.0120
vn 0.0001 0.0002 1.0000
vn -0.0006 -0.0020 1.0000
vn -0.7853 -0.6191 -0.0000
vn -0.9438 0.3304 0.0020
vn -0.0000 0.0012 1.0000
vn 0.9887 -0.1107 0.1015
vn 0.9985 -0.0446 -0.0329
vn -0.8831 0.4692 -0.0033
vn 0.0408 0.9991 -0.0070
vn -0.9508 -0.3065 0.0448
vn -0.2081 -0.9769 0.0483
vn 0.7826 0.6200 0.0564
vn -0.6487 -0.7611 0.0058
vn -0.5304 -0.8478 -0.0000
vn -0.5327 0.8463 0.0010
vn 0.2559 -0.9667 -0.0041
vn 0.0001 0.0001 1.0000
vn 0.0002 0.0004 1.0000
vn 0.0001 -0.0001 1.0000
vn -0.3064 -0.9519 -0.0032
vn 1.0000 -0.0015 0.0005
vn 0.2817 -0.9595 -0.0022
vn 1.0000 -0.0011 0.0005
vn -0.7981 -0.6025 0.0004
vn 0.5267 -0.8500 -0.0006
vn 0.6242 0.7813 -0.0070
vn -0.4540 -0.8910 -0.0061
vn -0.9200 -0.3918 0.0116
vn 0.8424 0.5384 0.0242
vn -0.6190 -0.7854 -0.0000
vn 0.0247 -0.9997 -0.0069
vn 0.9813 -0.1922 -0.0000
vn 0.8014 -0.5982 -0.0003
vn -0.9837 0.1781 0.0258
vn 0.6166 -0.7873 -0.0008
vn -0.1869 0.9823 -0.0110
vn 0.8467 -0.5320 0.0038
vn -0.5338 0.8456 -0.0095
vn -0.3098 0.9492 0.0549
vn -0.3823 0.9238 0.0215
vn 0.4050 -0.9124 0.0595
vn 0.5356 -0.8444 0.0093
vn -0.9987 -0.0511 0.0027
vn 0.7762 -0.6305 -0.0000
vn 0.2714 0.9625 -0.0035
vn -0.0593 0.9979 0.0268
vn 0.0001 -0.0002 1.0000
vn -0.9663 0.2572 -0.0059
vn 0.0002 -0.0003 1.0000
vn -0.0001 0.0002 1.0000
vn -0.0001 -0.0002 1.0000
vn 0.6912 -0.7225 -0.0120
vn 0.7144 -0.6997 -0.0011
vn -0.0000 0.0001 1.0000
vn 0.7229 -0.6909 0.0009
vn -0.8547 -0.5190 0.0036
vn 0.4046 0.9145 -0.0002
vn -0.9514 -0.3079 0.0010
vn -0.9993 0.0363 -0.0023
vn 0.8970 0.4385 0.0564
vn 0.8754 0.4830 0.0199
vn 0.8608 0.5089 -0.0091
vn -0.0000 0.0001 -1.0000
vn -0.8918 -0.4524 -0.0000
vn -0.0003 -0.0000 -1.0000
vn -0.9993 0.0367 0.0065
vn 0.9951 0.0985 -0.0053
vn 0.0001 -0.0004 -1.0000
vn -0.0007 -0.0003 -1.0000
vn -0.9878 0.1560 0.0024
vn -0.0008 -0.0006 -1.0000
vn -0.0012 -0.0007 -1.0000
vn -0.0001 0.0001 -1.0000
vn 0.0001 -0.0001 -1.0000
vn -0.0001 -0.0000 -1.0000
vn 0.6746 0.7382 -0.0019
vn -0.6182 0.7858 -0.0201
vn 0.5430 -0.8397 -0.0009
vn 0.5397 -0.8418 -0.0042
vn 0.2401 0.9708 0.0025
vn 0.0010 0.0004 -1.0000
vn 0.8750 0.4842 0.0027
vn -0.6346 -0.7728 0.0067
vn -0.9849 0.1690 -0.0361
vn 0.4382 0.8989 0.0080
vn -0.9987 0.0513 0.0053
vn 0.7581 0.6521 -0.0015
vn -0.0000 1.0000 -0.0000
vn 0.0030 -0.9999 -0.0112
vn -0.9997 -0.0258 -0.0004
vn -0.2565 0.9665 0.0061
vn -0.7453 0.6665 0.0178
vn -0.7844 -0.6202 -0.0063
vn 0.8684 0.4959 0.0018
vn -0.0601 0.9982 0.0054
vn 0.9453 -0.3261 -0.0102
vn -0.4800 0.8772 0.0113
vn 0.0033 1.0000 0.0049
vn -0.7991 -0.6012 -0.0067
vn -0.7975 -0.6033 -0.0061
vn -0.0454 -0.9988 -0.0169
vn 0.9638 -0.2663 -0.0087
vn -0.8908 0.4542 0.0105
vn 0.4079 0.9130 0.0034
vn 0.9101 0.4144 -0.0011
vn -0.5781 0.8159 0.0137
vn -0.7545 -0.6563 -0.0080
vn -0.1944 0.9809 0.0049
vn -0.8836 -0.4683 0.0010
vn -0.9064 -0.4225 -0.0040
vn 0.8982 0.4397 -0.0015
vn -0.2519 0.9676 0.0148
vn -0.9872 -0.1593 0.0030
vn -0.5111 -0.8595 0.0077
vn 0.5792 -0.8149 -0.0235
vn 0.0088 -0.9997 0.0209
vn -0.9754 -0.2204 0.0025
vn -0.9079 0.4190 0.0106
vn -0.8831 0.4692 0.0020
vn -0.8439 0.5366 0.0002
vn -0.9443 0.3289 0.0044
vn -0.9438 0.3305 0.0044
vn -0.8377 0.5461 0.0063
vn 0.2821 -0.9593 -0.0068
vn -0.6998 -0.7143 -0.0059
vn 0.1111 -0.9937 -0.0180
vn -0.8339 -0.5518 -0.0067
vn 0.7037 0.7105 -0.0003
vn -0.1347 -0.9908 0.0159
vn -0.5323 -0.8466 0.0028
vn -0.5312 -0.8472 0.0029
vn -0.7929 -0.6094 -0.0029
vn 0.5343 -0.8453 -0.0067
vn -0.7909 -0.6120 -0.0026
vn 0.9279 0.3728 0.0016
vn 0.8803 0.4744 0.0066
vn -0.4913 -0.8709 -0.0089
vn -0.7913 -0.6114 -0.0028
vn -0.7129 -0.7013 -0.0047
vn -0.6628 -0.7488 -0.0097
vn 0.5585 0.8295 0.0032
vn -0.7213 -0.6925 -0.0094
vn 0.7234 0.6904 0.0074
vn 0.5987 0.8005 -0.0274
vn -0.6200 -0.7846 0.0067
vn 1.0000 0.0096 0.0008
vn -0.7381 0.6743 -0.0230
vn -0.3103 0.9505 -0.0146
vn 0.8131 -0.5820 -0.0062
vn 0.7194 0.6934 0.0413
vn 0.8544 0.5195 -0.0104
vn -0.8597 -0.5109 -0.0051
vn -0.8559 -0.5171 0.0002
vn 0.8565 0.5161 -0.0037
vn 0.8597 0.5109 0.0044
vn 0.9935 -0.1140 -0.0045
vn 1.0000 -0.0015 -0.0000
vn 0.9955 0.0943 -0.0046
vn 0.4011 0.9160 -0.0052
vn -0.0277 0.9996 -0.0056
vn 0.5673 -0.8235 -0.0027
vn 0.5243 0.8232 -0.2180
vn 0.8648 0.5021 -0.0052
vn -0.6291 0.7773 0.0049
vn -0.8609 -0.5088 0.0048
vn 0.7489 -0.6627 -0.0005
vn -0.3958 -0.9183 0.0061
vn 0.8307 0.5566 -0.0096
vn -0.9971 -0.0753 0.0055
vn 0.9982 -0.0298 -0.0528
vn -0.9079 0.4192 0.0084
vn 0.1673 -0.9859 -0.0001
vn -0.4238 0.9057 0.0071
vn -0.7473 0.6645 0.0027
vn 0.6624 -0.7491 -0.0110
vn 0.9177 -0.3973 -0.0036
vn -0.8553 0.5181 0.0067
vn -0.8688 -0.4948 0.0159
vn -0.8649 0.5017 0.0144
vn 0.8590 0.5119 0.0048
vn 0.8525 0.5225 0.0138
vn -0.8507 -0.5256 -0.0063
vn 0.8486 0.5291 0.0017
vn -0.7542 0.6566 0.0095
vn -0.8100 0.5864 0.0037
vn 0.7970 -0.6040 0.0037
vn 0.9813 -0.1924 -0.0000
vn 0.8660 0.5000 0.0002
vn -0.8622 -0.5066 -0.0008
vn -0.0002 0.0001 -1.0000
vn -0.0000 -0.0001 -1.0000
vn 0.0002 0.0001 -1.0000
vn 0.0001 -0.0000 -1.0000
vn 0.0007 0.0002 -1.0000
vn -0.0000 -0.0002 -1.0000
vn 0.0001 0.0001 -1.0000
vn -0.7710 0.6368 -0.0085
vn 0.0002 -0.0004 1.0000
vn 0.0001 -0.0000 1.0000
vn 0.0014 0.0001 1.0000
vn -0.0001 -0.0001 1.0000
vn -0.0000 0.0004 -1.0000
vn 0.0005 -0.0007 -1.0000
vn -0.0012 0.0006 -1.0000
vn -0.0001 0.0002 -1.0000
vn -0.0001 -0.0002 -1.0000
vn -0.0002 -0.0000 -1.0000
vn -0.7303 -0.6832 -0.0000
vn 0.9480 -0.3182 -0.0000
vn -0.9831 0.1795 0.0355
vn 0.4305 -0.9026 0.0039
vn -0.1333 -0.9911 -0.0017
vn 0.0011 0.0013 1.0000
vn 0.7867 0.6172 0.0137
vn -0.0004 0.0001 1.0000
vn -0.4514 -0.8923 -0.0071
vn -0.0164 -0.9999 -0.0020
vn 0.0955 -0.9954 0.0040
vn 0.9200 0.3919 -0.0000
vn -0.8368 -0.5475 -0.0000
vn -0.3367 0.9416 0.0063
vn -0.6834 -0.7300 -0.0036
vn 0.4009 -0.9158 0.0242
vn -0.9455 0.3257 -0.0000
vn -0.9450 0.3272 -0.0000
vn -0.0799 0.9958 0.0452
vn -0.9393 0.3430 0.0005
vn -0.1125 0.9937 0.0006
vn -0.8815 -0.4627 0.0946
vn -0.7991 -0.6012 -0.0000
vn -0.1668 0.9860 0.0050
vn 0.2909 -0.9563 0.0306
vn -0.8176 -0.5756 -0.0140
vn -0.5322 -0.8466 -0.0000
vn -0.5311 -0.8473 -0.0000
vn -0.2678 0.9633 -0.0188
vn -0.1907 0.9814 -0.0205
vn -0.0561 0.9953 0.0785
vn 0.1089 -0.9931 0.0438
vn 0.9609 0.2768 -0.0019
vn 0.9279 0.3728 -0.0000
vn -0.0408 -0.9983 0.0417
vn 0.0002 0.0001 1.0000
vn -0.0003 -0.0000 1.0000
vn 0.0004 0.0002 1.0000
vn -0.0005 -0.0002 1.0000
vn 0.0004 0.0004 1.0000
vn -0.9405 -0.3397 0.0006
vn 0.9991 -0.0425 -0.0000
vn -0.2165 -0.9763 0.0017
vn 0.8643 0.5020 0.0306
vn -0.4969 -0.8678 -0.0000
vn -0.1399 0.9902 0.0050
vn -0.8014 -0.5982 -0.0000
vn 0.7458 0.6662 0.0033
vn 0.7865 0.6176 -0.0003
vn -0.5593 -0.8289 0.0042
vn -0.6198 -0.7848 -0.0000
vn -0.2627 0.9649 -0.0006
vn 0.9975 -0.0711 -0.0004
vn -0.2161 0.9762 0.0193
vn -0.7568 0.6536 0.0075
vn -0.3068 0.9502 0.0551
vn 0.4068 0.9132 -0.0252
vn 0.6692 -0.7430 -0.0078
vn -0.1513 0.9885 0.0076
vn 0.5721 -0.8201 -0.0086
vn 0.4909 -0.8712 -0.0000
vn 0.5673 -0.8235 -0.0000
vn 0.8486 0.5291 -0.0000
vn -0.0867 -0.9962 -0.0032
vn 0.2429 0.9666 0.0818
vn -0.1808 -0.9835 0.0052
vn 0.7539 -0.6557 0.0399
vn 0.4148 0.9099 0.0075
vn -0.5838 0.8119 -0.0000
vn -0.0001 -0.0003 1.0000
vn -0.6914 0.7225 -0.0000
vn 0.5395 -0.8419 0.0109
vn 0.9991 0.0328 -0.0278
vn -0.2427 -0.9701 -0.0011
vn 0.8353 0.5498 0.0002
vn -0.8394 -0.5433 0.0136
vn 0.8430 0.5379 0.0005
vn -0.9796 0.2010 0.0014
vn 0.8273 0.5611 0.0278
vn -0.7473 -0.6639 0.0286
vn 0.3008 -0.9537 -0.0024
vn 0.4795 -0.8776 -0.0000
vn -0.6099 -0.7925 -0.0025
vn -0.7749 0.6321 0.0064
vn -0.9400 -0.3392 -0.0373
vn -0.1838 0.9830 0.0001
vn 0.0291 0.9996 -0.0041
vn 0.1643 -0.9864 -0.0001
vn -0.4053 0.9131 0.0445
vn 0.6412 -0.7668 0.0289
vn -0.8597 -0.5107 -0.0000
vn -1.0000 -0.0018 -0.0000
vn -0.5855 0.8106 -0.0000
vn -0.0395 0.9992 -0.0033
vn 0.5910 0.8066 -0.0048
vn 0.7970 -0.6040 -0.0000
vn 0.5302 -0.8479 -0.0033
vn 0.0005 -0.0003 1.0000
vn 0.8263 -0.5632 -0.0071
vn 0.7170 -0.6970 -0.0000
vn -0.8066 0.5910 -0.0045
vn -0.8477 -0.5300 0.0223
vn -0.6333 -0.7738 0.0123
vn 0.7349 0.6766 0.0474
vn -0.6002 0.7999 0.0018
vn 0.4006 -0.9162 0.0121
vn -0.8618 -0.5073 -0.0001
vn -0.7643 0.6399 0.0793
vn 0.7045 0.7089 0.0335
vn 0.9612 0.2759 0.0010
vn 0.4314 0.9021 0.0075
vn 0.9683 -0.2466 0.0406
vn -0.3951 -0.9133 0.0990
vn 0.4687 0.8833 0.0037
vn 0.0997 -0.9950 -0.0111
vn 0.8019 -0.5974 0.0071
vn -0.4536 0.8912 0.0090
vn 0.3881 -0.9213 -0.0235
vn 0.1715 0.9851 0.0128
vn -0.6625 0.7491 0.0066
vn -0.8131 -0.5820 -0.0084
vn 0.0002 -0.0002 -1.0000
vn 0.0001 0.0002 -1.0000
vn 0.9989 -0.0467 0.0035
vn -0.9509 -0.3093 -0.0043
vn -0.0002 -0.0001 -1.0000
vn 0.8482 0.5296 -0.0121
vn 0.0003 -0.0007 -1.0000
vn -0.5478 0.8366 -0.0020
vn 0.9659 0.2589 -0.0036
vn -0.6344 -0.7730 0.0066
vn -0.6813 0.7320 0.0058
vn 0.1191 0.9928 -0.0139
vn 0.0002 -0.0004 -1.0000
vn 0.8007 0.5990 0.0031
vn 0.0004 0.0004 -1.0000
vn 0.6305 0.7762 -0.0065
vn -0.9216 -0.3880 -0.0024
vn 0.9015 0.4327 0.0027
vn -0.9006 -0.4347 0.0045
vn 0.0003 -0.0003 -1.0000
vn -0.7600 -0.6499 0.0060
vn 0.0555 0.9984 -0.0056
vn 0.9523 0.3052 -0.0000
vn 0.8652 0.5015 -0.0000
vn -0.7245 -0.6893 0.0044
vn 0.9504 -0.3110 0.0010
vn -0.9982 -0.0464 -0.0371
vn -0.4000 0.9165 -0.0000
vn 0.0018 0.0008 -1.0000
vn 0.0808 -0.9963 -0.0303
vn 0.0800 -0.9968 -0.0038
vn -0.8941 -0.4478 0.0031
vn 0.2004 0.9797 -0.0077
vn -0.8484 -0.5293 0.0009
vn -0.8491 -0.5282 -0.0000
vn -0.9145 -0.4046 -0.0000
vn 0.7606 0.6492 -0.0023
vn 0.8598 0.5106 -0.0054
vn 0.9132 0.4074 0.0004
vn -0.5544 0.8323 -0.0045
vn 0.9669 0.2544 0.0184
vn -0.8383 -0.5452 0.0029
vn 0.9190 0.3942 0.0009
vn -0.8478 -0.5303 0.0014
vn -0.1586 0.9873 -0.0077
vn -0.9905 0.1376 0.0012
vn 0.8593 0.5115 -0.0002
vn 0.9604 0.2787 0.0034
vn 0.9924 -0.1230 -0.0050
vn 0.0967 -0.9946 -0.0389
vn -0.8471 -0.5314 -0.0040
vn -0.9999 -0.0142 0.0022
vn -0.7821 -0.6231 -0.0008
vn 0.9336 0.3583 0.0017
vn 0.5471 0.8370 0.0134
vn 0.8622 0.5065 -0.0011
vn -0.5022 -0.8647 -0.0107
vn -0.9180 0.3965 0.0119
vn 0.1299 -0.9914 -0.0136
vn 0.1019 -0.9947 -0.0157
vn -0.7945 -0.6072 -0.0062
vn 0.4519 0.8920 0.0097
vn -0.0018 -1.0000 -0.0090
vn 0.7125 0.7016 0.0086
vn -0.0726 0.9973 0.0135
vn -0.3536 0.9353 -0.0121
vn 0.1802 -0.9833 -0.0241
vn 0.7172 0.6969 0.0009
vn -0.3258 0.9454 0.0094
vn 0.9582 0.2861 0.0013
vn -0.5831 0.8123 0.0105
vn 0.9314 -0.3636 0.0168
vn -0.3644 -0.9310 -0.0185
vn 0.9975 -0.0705 -0.0023
vn -0.9644 0.2645 0.0045
vn 0.8555 0.5178 -0.0034
vn 0.0837 -0.9964 -0.0156
vn 0.9183 0.3959 0.0014
vn 0.1788 -0.9838 -0.0147
vn 0.9150 0.4034 0.0014
vn 0.7991 0.6012 0.0058
vn -0.8711 -0.4912 0.0012
vn 0.1892 0.9818 0.0173
vn -0.4386 -0.8985 0.0171
vn 0.8608 0.5090 -0.0021
vn 0.9081 0.4187 -0.0002
vn -0.9973 0.0738 -0.0015
vn 0.5567 -0.8307 -0.0074
vn -0.5299 -0.8481 -0.0038
vn 0.8761 0.4821 0.0052
vn 0.8809 -0.4732 -0.0061
vn -0.9576 0.2881 0.0075
vn -0.6103 -0.7921 -0.0090
vn 0.9995 0.0116 0.0290
vn 0.3585 -0.9334 -0.0152
vn -0.0269 -0.9996 0.0109
vn 0.7317 0.6816 0.0080
vn 0.5063 0.8624 0.0034
vn -0.6189 -0.7854 0.0069
vn 0.1750 -0.9845 -0.0147
vn 0.0902 0.9959 0.0047
vn 0.1173 0.9930 0.0129
vn -0.8594 -0.5113 -0.0060
vn -0.4592 0.8882 0.0142
vn -0.8597 -0.5107 -0.0018
vn -0.8506 -0.5257 -0.0090
vn -0.8553 -0.5182 -0.0019
vn 0.4796 -0.8775 -0.0000
vn 0.8529 0.5220 -0.0084
vn 0.8520 0.5235 0.0011
vn -0.8455 -0.5340 -0.0026
vn -0.5282 0.8491 0.0043
vn 0.6995 0.7144 -0.0178
vn 0.5314 -0.8471 -0.0011
vn 0.9997 -0.0258 -0.0017
vn 0.8540 0.5203 -0.0007
vn 0.8478 0.5303 -0.0040
vn 0.8519 0.5237 -0.0063
vn 0.9225 -0.3859 0.0080
vn 0.0112 -0.9999 0.0035
vn 0.9899 -0.1418 -0.0052
vn 0.9573 0.2889 -0.0056
vn -0.5317 -0.8469 0.0032
vn 0.1167 -0.9932 -0.0046
vn 0.5098 0.8603 -0.0076
vn 0.7131 -0.7010 -0.0061
vn -0.8688 0.4952 0.0002
vn -0.5989 0.8008 -0.0044
vn 0.8058 0.5921 -0.0077
vn -0.7842 -0.6206 0.0013
vn 0.5892 -0.8079 -0.0107
vn -0.5855 0.8106 -0.0028
vn 0.9996 0.0240 -0.0121
vn 0.8533 0.5213 -0.0076
vn -0.5609 0.8279 -0.0012
vn -0.8655 -0.5009 0.0064
vn 0.3502 0.9367 -0.0005
vn 0.7369 -0.6760 -0.0052
vn 0.7293 0.6842 -0.0064
vn 0.7991 -0.6010 -0.0139
vn -0.9296 -0.3685 0.0095
vn 0.8751 -0.4826 -0.0346
vn -0.6048 0.7964 0.0033
vn 0.8132 -0.5820 -0.0071
vn -0.4234 -0.9059 0.0029
vn -0.9996 -0.0269 0.0070
vn 0.6258 -0.7800 -0.0038
vn -0.3532 -0.9350 -0.0302
vn -0.9998 -0.0189 0.0094
vn -0.1460 -0.9893 0.0021
vn 0.9013 -0.4332 -0.0079
vn -0.5774 0.8164 -0.0067
vn 0.8507 0.5256 -0.0000
vn -0.9784 -0.2066 0.0046
vn -0.8432 -0.5376 0.0062
vn 0.6192 -0.7852 -0.0085
vn 0.8716 -0.4901 -0.0120
vn -0.8609 -0.5088 -0.0048
vn -0.8500 -0.5264 -0.0185
vn -0.8776 -0.4794 0.0053
vn -0.8765 -0.4814 -0.0000
vn 0.8530 0.5219 -0.0029
vn -0.8431 -0.5377 -0.0024
vn 0.6216 -0.7833 -0.0071
vn -0.6911 0.7228 -0.0000
vn 0.8607 0.5091 0.0007
vn 0.8547 0.5191 -0.0032
vn 0.7722 -0.6353 0.0062
vn -0.7700 0.6373 0.0292
vn 0.9748 -0.2229 -0.0117
vn -0.9881 -0.1535 -0.0097
vn -0.9244 -0.3814 -0.0000
vn -0.8590 -0.5119 -0.0027
vn -0.0002 -0.0002 -1.0000
vn -0.0003 0.0001 -1.0000
vn -0.0005 -0.0002 -1.0000
vn -0.0000 0.0003 -1.0000
vn 0.0002 -0.0000 -1.0000
vn -0.0002 0.0002 -1.0000
vn -0.0000 0.0002 -1.0000
vn -0.0017 -0.0001 -1.0000
vn -0.7952 -0.6063 -0.0057
vn 0.9564 -0.2921 -0.0077
vn -0.5794 0.7519 -0.3147
vn -0.4310 0.8473 -0.3102
vn -0.8907 0.3704 -0.2636
vn -0.7040 0.6732 -0.2264
vn -0.2967 -0.1828 -0.9373
vn -0.0003 0.0016 1.0000
vn 0.3289 -0.8776 0.3486
vn -0.0735 -0.9584 -0.2758
vn -0.9779 0.1579 -0.1369
vn 0.0010 0.0018 1.0000
vn 0.9696 -0.1992 -0.1424
vn 0.9767 -0.0074 -0.2146
vn -0.8700 0.0408 0.4913
vn -0.9380 0.1601 -0.3073
vn 0.0260 -0.9881 -0.1513
vn -0.5763 0.2179 -0.7877
vn -0.9076 0.3944 -0.1436
vn -0.2016 -0.2511 -0.9467
vn -0.8655 0.0084 0.5008
vn -0.3844 0.5040 -0.7735
vn -0.0013 -0.0001 1.0000
vn -0.1396 0.8206 -0.5542
vn -0.0041 -0.2463 -0.9692
vn -0.7360 -0.1322 -0.6640
vn 0.0038 -0.0009 1.0000
vn -0.8111 -0.4146 -0.4125
vn -0.7978 -0.5681 -0.2021
vn -0.2856 0.9383 -0.1949
vn 0.1174 0.1336 0.9841
vn -0.0983 0.5532 -0.8272
vn 0.0926 -0.3094 -0.9464
vn 0.0050 -0.0010 1.0000
vn -0.6041 -0.7767 -0.1784
vn 0.1194 0.1810 0.9762
vn -0.9475 0.0769 -0.3105
vn -0.8166 0.5684 -0.1005
vn 0.0033 -0.0013 1.0000
vn 0.0041 0.0005 1.0000
vn 0.0002 0.0024 1.0000
vn 0.7674 -0.1396 -0.6257
vn -0.0009 0.0005 1.0000
vn 0.9591 -0.1589 0.2344
vn 0.1698 -0.9595 -0.2247
vn 0.1043 0.0618 0.9926
vn 0.2442 0.0582 0.9680
vn -0.3200 -0.0518 -0.9460
vn -0.7034 -0.1423 -0.6964
vn -0.9528 -0.2580 -0.1602
vn -0.0529 -0.0360 0.9979
vn 0.9225 -0.3421 -0.1790
vn 0.7260 0.0741 -0.6837
vn -0.1328 0.1113 0.9849
vn 0.6523 -0.0566 -0.7559
vn -0.1395 -0.0391 0.9894
vn 0.4680 0.3604 -0.8069
vn -0.5777 0.1303 -0.8058
vn 0.1604 0.5536 -0.8172
vn -0.0279 -0.0883 0.9957
vn -0.0010 -0.0004 1.0000
vn -0.0399 0.0028 -0.9992
vn -0.1720 -0.7711 -0.6130
vn -0.0378 0.2499 -0.9675
vn 0.1782 -0.0592 -0.9822
vn 0.5035 0.7290 -0.4637
vn -0.2726 0.1812 -0.9449
vn 0.0119 0.1936 0.9810
vn 0.5745 0.6662 -0.4756
vn 0.1198 0.0988 0.9879
vn -0.1000 -0.1884 0.9770
vn 0.2671 0.6073 -0.7483
vn 0.7773 -0.4077 -0.4792
vn 0.0496 0.1200 -0.9915
vn 0.0435 0.0612 -0.9972
vn -0.0030 -0.0123 0.9999
vn 0.0019 -0.0162 0.9999
vn 0.4949 -0.4846 0.7212
vn 0.0349 -0.1419 0.9893
vn 0.8741 -0.4065 -0.2660
vn -0.5787 -0.6348 -0.5119
vn 0.0001 0.2103 0.9776
vn -0.0518 0.2024 0.9779
vn -0.0018 -0.3623 -0.9321
vn -0.0524 0.0256 0.9983
vn -0.0754 -0.3865 -0.9192
vn 0.2947 0.5574 -0.7762
vn -0.1923 0.9591 0.2076
vn 0.0009 -0.0023 1.0000
vn 0.3082 -0.8734 0.3770
vn -0.0162 -0.0142 0.9998
vn 0.8950 0.0715 -0.4403
vn -0.8777 0.0052 0.4791
vn -0.1424 0.9657 0.2172
vn -0.0004 -0.0008 1.0000
vn -0.2570 -0.1957 -0.9464
vn 0.0445 0.2061 0.9775
vn 0.0046 0.2100 0.9777
vn 0.3948 0.8574 -0.3301
vn 0.7525 -0.6399 -0.1554
vn -0.4032 -0.0339 -0.9145
vn 0.0703 0.1410 0.9875
vn -0.1101 -0.8919 -0.4387
vn -0.2004 -0.2740 -0.9406
vn -0.0963 -0.9120 -0.3986
vn -0.3967 0.8972 -0.1939
vn -0.2976 0.8614 -0.4115
vn 0.9264 -0.2278 -0.2998
vn -0.2368 -0.2246 -0.9452
vn 0.0531 0.0579 0.9969
vn -0.9394 -0.3115 -0.1431
vn 0.0132 0.0047 0.9999
vn 0.8506 -0.4708 -0.2341
vn 0.2444 -0.8677 0.4328
vn 0.0018 0.0006 -1.0000
vn 0.0646 -0.3147 -0.9470
vn 0.0463 0.0145 0.9988
vn 0.3768 -0.0853 0.9224
vn 0.2848 -0.1325 0.9494
vn 0.3413 -0.8821 0.3246
vn 0.4623 0.1772 0.8688
vn -0.0036 -0.0002 1.0000
vn -0.7009 -0.0681 -0.7100
vn 0.0667 0.0500 0.9965
vn 0.1062 0.0676 0.9920
vn -0.8896 0.0067 0.4567
vn 0.7007 0.1487 0.6978
vn 0.6626 0.1899 0.7245
vn -0.9433 -0.2746 0.1863
vn 0.0893 -0.6226 0.7775
vn 0.5995 0.1093 0.7928
vn 0.0425 -0.0025 0.9991
vn 0.0903 -0.2587 -0.9617
vn 0.9690 -0.1246 -0.2136
vn 0.0806 0.1913 0.9782
vn 0.7625 -0.6198 -0.1856
vn -0.8662 -0.1363 0.4808
vn 0.0867 0.1179 0.9892
vn 0.6419 -0.1504 0.7519
vn 0.7170 -0.0731 0.6933
vn -0.0497 -0.1626 0.9854
vn 0.9628 -0.1481 0.2262
vn 0.6383 0.7408 -0.2091
vn -0.0019 -0.0007 1.0000
vn 0.5714 0.4371 0.6945
vn -0.2246 0.8195 -0.5273
vn -0.0064 0.0078 0.9999
vn -0.0027 0.0041 1.0000
vn 0.0487 0.6539 -0.7550
vn -0.0224 0.0260 -0.9994
vn -0.0612 -0.0087 -0.9981
vn -0.3233 -0.3217 -0.8900
vn -0.3712 -0.5185 -0.7703
vn 0.3981 0.5137 0.7600
vn 0.3156 0.3204 0.8932
vn -0.0028 0.6455 -0.7637
vn -0.6020 -0.4655 -0.6487
vn 0.0001 0.0025 1.0000
vn 0.6083 0.7775 -0.1595
vn 0.0048 0.0092 0.9999
vn -0.0732 0.3550 -0.9320
vn -0.2659 -0.1152 -0.9571
vn -0.2735 0.9356 0.2233
vn -0.0025 -0.7176 0.6965
vn -0.0693 -0.1754 0.9821
vn 0.6502 -0.0298 0.7592
vn -0.3204 -0.8351 -0.4471
vn -0.0561 0.1596 0.9856
vn 0.1437 0.1358 0.9803
vn -0.0549 0.1232 0.9909
vn 0.9531 -0.1852 0.2395
vn 0.0010 0.0009 1.0000
vn -0.0557 0.1868 0.9808
vn -0.1140 0.1713 0.9786
vn -0.1248 0.1445 0.9816
vn 0.3150 -0.1572 -0.9360
vn 0.1208 0.1677 0.9784
vn 0.0670 0.1928 -0.9789
vn 0.1805 -0.1145 -0.9769
vn 0.0005 -0.0018 1.0000
vn -0.0016 0.0001 1.0000
vn -0.0433 -0.2036 0.9781
vn -0.5117 -0.2959 -0.8066
vn 0.0067 0.0080 0.9999
vn -0.3555 -0.8639 -0.3568
vn 0.1956 0.3897 -0.8999
vn -0.1403 0.0195 0.9899
vn -0.6389 -0.0481 -0.7678
vn -0.0054 0.2425 -0.9701
vn -0.2295 0.9516 0.2043
vn 0.0105 0.0260 0.9996
vn 0.6522 0.1266 -0.7474
vn 0.4750 0.5195 -0.7103
vn 0.0662 -0.9813 0.1810
vn -0.0251 -0.7425 -0.6693
vn 0.0073 -0.0053 1.0000
vn 0.3726 -0.8742 -0.3113
vn -0.5109 -0.6968 -0.5035
vn -0.6778 -0.2208 -0.7013
vn -0.0012 -0.0036 1.0000
vn 0.0066 -0.0147 0.9999
vn 0.9400 -0.0309 -0.3399
vn 0.0958 0.1636 0.9819
vn 0.0073 -0.0091 0.9999
vn 0.1236 0.9257 -0.3575
vn -0.0531 0.0781 0.9955
vn 0.6546 0.7316 0.1904
vn 0.0045 -0.9869 -0.1615
vn 0.0941 -0.3507 -0.9318
vn -0.0010 0.0032 1.0000
vn 0.0875 0.0873 0.9923
vn -0.5108 0.4564 -0.7285
vn -0.4232 0.8448 -0.3273
vn -0.0004 0.0019 1.0000
vn 0.3295 -0.8704 0.3658
vn -0.1210 -0.1559 0.9803
vn 0.0876 -0.1957 -0.9767
vn 0.0035 -0.0036 1.0000
vn 0.0123 -0.0160 0.9998
vn 0.0303 -0.0157 0.9994
vn -0.9353 0.1916 -0.2975
vn -0.1692 -0.1952 -0.9660
vn 0.4782 0.3285 0.8145
vn 0.2141 0.1499 -0.9652
vn -0.2566 0.8926 0.3706
vn 0.3000 -0.8741 0.3821
vn 0.7148 -0.5896 0.3761
vn 0.0530 -0.1315 0.9899
vn 0.5936 0.7775 0.2075
vn 0.0038 -0.0169 0.9999
vn 0.1862 0.2609 0.9472
vn -0.1870 -0.0865 0.9785
vn -0.7620 0.5014 -0.4098
vn 0.9204 0.0953 -0.3792
vn -0.4623 0.5009 -0.7317
vn 0.9577 -0.1621 0.2377
vn -0.2794 0.8846 0.3734
vn 0.0006 -0.0022 1.0000
vn -0.6558 -0.0646 -0.7521
vn 0.3130 -0.3016 0.9006
vn -0.4456 0.8373 -0.3170
vn 0.3318 -0.9256 0.1822
vn 0.3215 -0.6468 0.6916
vn 0.0030 -0.0026 -1.0000
vn -0.6697 -0.7304 0.1345
vn -0.8295 0.4933 0.2617
vn -0.0255 -0.9830 -0.1818
vn 0.5295 -0.3077 -0.7905
vn -0.5674 -0.0542 -0.8216
vn 0.4574 -0.8512 0.2572
vn -0.6802 -0.1385 -0.7198
vn 0.0051 -0.1403 0.9901
vn -0.0039 -0.0011 1.0000
vn -0.4646 -0.3094 -0.8298
vn 0.6245 0.1902 -0.7575
vn 0.0003 0.0004 1.0000
vn 0.9580 -0.1555 0.2410
vn -0.1979 0.0163 0.9801
vn -0.1966 -0.0335 0.9799
vn -0.8079 -0.0867 0.5829
vn -0.1671 -0.1328 0.9769
vn 0.5839 0.3128 -0.7491
vn -0.8790 -0.1885 0.4380
vn -0.0007 0.0001 1.0000
vn -0.0020 -0.0001 1.0000
vn 0.0032 0.0045 -1.0000
vn 0.9070 -0.0099 0.4210
vn 0.2100 -0.2416 -0.9474
vn 0.9678 -0.0796 -0.2388
vn -0.3935 -0.8239 -0.4079
vn 0.0476 0.3450 -0.9374
vn 0.0127 -0.2105 0.9775
vn -0.0134 0.3582 -0.9335
vn -0.1342 -0.1570 0.9784
vn -0.0859 -0.1354 0.9871
vn -0.0285 -0.0465 0.9985
vn 0.0454 0.1772 -0.9831
vn 0.0248 0.2190 -0.9754
vn 0.0030 0.0017 1.0000
vn 0.3363 -0.5134 0.7895
vn 0.0255 -0.1462 0.9889
vn 0.1986 -0.8862 0.4185
vn 0.0009 0.0006 1.0000
vn -0.3976 -0.3177 -0.8608
vn 0.5209 0.4235 -0.7411
vn -0.4992 -0.2201 -0.8381
vn -0.1215 0.9647 -0.2336
vn -0.5938 0.1257 -0.7947
vn -0.9023 0.0195 -0.4307
vn -0.0036 0.0019 1.0000
vn -0.0758 -0.9260 -0.3700
vn -0.1926 0.0587 0.9795
vn 0.0304 0.0303 0.9991
vn -0.9784 0.0147 -0.2061
vn 0.0146 -0.0033 0.9999
vn -0.5332 -0.4936 -0.6870
vn -0.4728 -0.5251 -0.7076
vn -0.3799 -0.5622 -0.7346
vn 0.5073 -0.0741 -0.8586
vn -0.7329 0.5197 0.4390
vn -0.0002 -0.0025 1.0000
vn 0.9581 -0.1473 -0.2458
vn 0.0025 -0.3829 -0.9238
vn -0.5984 -0.2544 -0.7597
vn -0.2818 -0.3220 -0.9038
vn 0.1404 0.0894 0.9861
vn 0.0080 -0.0117 0.9999
vn -0.4273 0.8354 -0.3458
vn -0.5544 0.3514 -0.7544
vn -0.3218 -0.6234 -0.7126
vn -0.4170 -0.5876 -0.6934
vn 0.8872 -0.3650 -0.2824
vn -0.9140 0.0564 0.4017
vn -0.5469 -0.2053 -0.8116
vn 0.6149 0.7574 0.2196
vn 0.0335 0.0233 0.9992
vn 0.0389 0.0431 0.9983
vn 0.5827 0.3379 -0.7391
vn -0.0526 -0.1020 0.9934
vn -0.4491 0.5130 -0.7316
vn 0.1100 -0.0844 0.9903
vn 0.2700 -0.2748 0.9228
vn 0.0006 0.0018 1.0000
vn -0.0044 -0.0046 -1.0000
vn -0.0918 -0.0604 -0.9939
vn -0.2010 -0.1411 -0.9694
vn 0.6466 -0.3205 0.6923
vn -0.2275 -0.2008 -0.9529
vn 0.2277 -0.9342 -0.2746
vn -0.6468 -0.2005 -0.7358
vn -0.5995 -0.0016 -0.8004
vn 0.4179 0.5607 0.7148
vn 0.3992 0.5905 0.7014
vn -0.6265 -0.1215 -0.7699
vn 0.3550 -0.0035 0.9349
vn -0.6729 0.0037 -0.7397
vn 0.0204 -0.0045 0.9998
vn -0.4133 0.7178 -0.5603
vn 0.4812 0.4382 0.7592
vn -0.4655 -0.0019 -0.8851
vn -0.3400 -0.4340 -0.8343
vn 0.6218 0.2911 0.7271
vn -0.0038 0.0052 1.0000
vn -0.7107 0.0130 -0.7034
vn 0.6243 -0.1958 0.7562
vn -0.1372 0.0468 -0.9894
vn 0.4182 -0.8754 -0.2424
vn -0.0426 0.0154 -0.9990
vn -0.0458 0.0214 -0.9987
vn -0.6385 -0.2861 -0.7144
vn -0.3848 -0.1412 -0.9121
vn 0.3146 0.9136 -0.2575
vn -0.4602 0.8684 -0.1848
vn 0.0007 -0.0036 1.0000
vn 0.7567 0.3796 -0.5322
vn -0.0052 0.0032 -1.0000
vn -0.0941 -0.1410 -0.9855
vn 0.4235 0.4015 0.8120
vn 0.2121 0.1344 0.9680
vn -0.1376 0.0195 -0.9903
vn -0.3492 -0.1289 -0.9281
vn 0.5069 -0.4929 0.7072
vn -0.0270 0.0222 -0.9994
vn -0.0023 0.0013 1.0000
vn -0.5812 -0.1693 -0.7960
vn -0.4509 -0.1229 -0.8841
vn 0.5187 -0.3226 0.7917
vn -0.5201 -0.0944 -0.8489
vn -0.4457 -0.2021 -0.8721
vn -0.5514 0.4084 -0.7274
vn -0.5145 -0.2056 -0.8325
vn 0.0164 0.1723 0.9849
vn -0.1720 0.9596 -0.2229
vn -0.6900 0.3565 -0.6299
vn -0.8285 -0.1322 0.5442
vn -0.2354 -0.5991 -0.7653
vn 0.0743 0.1918 0.9786
vn 0.1001 0.1914 0.9764
vn -0.7981 -0.0367 0.6015
vn 0.5022 0.1431 -0.8528
vn -0.1827 0.0946 0.9786
vn 0.1476 -0.6918 -0.7068
vn -0.0894 0.9698 0.2267
vn 0.9664 -0.1455 0.2119
vn 0.0001 -0.0018 1.0000
vn -0.0342 0.0196 -0.9992
vn -0.0861 -0.8715 -0.4828
vn -0.2160 -0.1995 -0.9558
vn -0.1523 -0.1376 -0.9787
vn 0.0590 0.2057 0.9768
vn -0.2676 0.9519 -0.1492
vn -0.9721 0.1741 -0.1572
vn 0.1425 0.1626 0.9763
vn -0.2105 0.0154 0.9775
vn 0.3919 -0.8768 -0.2786
vn 0.4901 0.3870 -0.7811
vn -0.1337 -0.1009 0.9859
vn 0.1995 -0.2910 -0.9357
vn -0.0329 -0.2002 0.9792
vn -0.9181 -0.0770 0.3888
vn -0.0166 -0.1222 0.9924
vn -0.8046 0.5682 0.1725
vn 0.4281 0.4990 -0.7535
vn -0.0730 -0.0839 0.9938
vn -0.5344 -0.2579 0.8050
vn 0.0283 0.0180 -0.9994
vn -0.0054 -0.0050 1.0000
vn -0.0022 0.0008 1.0000
vn -0.1593 -0.3346 -0.9288
vn 0.3584 0.5693 -0.7399
vn -0.1378 0.0700 0.9880
vn 0.2173 -0.1794 -0.9595
vn 0.9350 -0.3547 -0.0020
vn -0.9994 0.0336 -0.0006
vn 0.3135 0.9496 -0.0079
vn 0.6784 -0.7347 0.0015
vn 1.0000 -0.0061 -0.0006
vn 0.9013 -0.4332 -0.0025
vn 0.6931 0.7209 0.0004
vn 0.7243 -0.6895 -0.0016
vn -0.9995 -0.0304 0.0091
vn -0.0049 1.0000 0.0008
vn -0.3844 0.9231 -0.0017
vn 0.7879 -0.6158 -0.0004
vn -0.0327 -0.9995 0.0003
vn 0.0898 0.9960 0.0033
vn -1.0000 -0.0017 0.0026
vn 0.9910 -0.1340 0.0013
vn 0.9001 -0.4235 0.1018
vn 0.0830 0.9965 -0.0036
vn 0.7614 -0.6483 -0.0009
vn -0.7374 0.6755 0.0060
vn 0.9593 -0.2823 -0.0010
vn 0.0325 -0.9995 0.0005
vn 0.4797 -0.8774 -0.0011
vn -0.4334 0.9012 0.0007
vn -0.5695 0.7756 0.2720
vn 0.7568 -0.6501 0.0672
vn -0.9557 -0.2944 -0.0030
vn -0.4073 0.9133 0.0052
vn 0.1361 -0.9907 0.0007
vn 0.0891 -0.9960 0.0006
vn -0.1982 0.9802 -0.0047
vn -0.4613 0.8872 0.0004
vn -0.5847 0.7994 0.1378
vn 0.1917 0.9412 -0.2783
vn -0.1956 0.9494 0.2456
vn 0.2324 0.9626 0.1396
vn -0.8357 0.4861 0.2557
vn -0.6612 -0.7502 -0.0018
vn 0.4483 -0.8939 -0.0011
vn -0.9993 -0.0350 0.0134
vn 0.9836 -0.1804 0.0002
vn 0.9740 -0.2264 0.0007
vn -0.0893 -0.9960 0.0002
vn -0.5755 0.8178 -0.0000
vn 0.5400 -0.8417 -0.0011
vn -0.9983 0.0579 0.0010
vn 0.8370 -0.5472 -0.0010
vn -0.1352 -0.9908 0.0001
vn 0.0308 0.9995 0.0070
vn -0.9655 -0.2604 0.0003
vn 0.3540 -0.9352 -0.0010
vn -0.9980 -0.0631 -0.0010
vn -0.9978 -0.0655 0.0009
vn -0.3865 0.9223 0.0013
vn -0.1367 0.9906 -0.0034
vn -0.9999 0.0090 0.0053
vn 0.9623 0.2721 0.0001
vn 0.9470 0.3213 0.0011
vn -0.1639 0.9865 -0.0034
vn 0.2841 -0.9588 -0.0003
vn 0.9382 0.3460 0.0012
vn 0.9332 0.3593 0.0008
vn -0.1144 0.9934 -0.0076
vn 0.6292 -0.7773 0.0006
vn -0.0021 1.0000 0.0065
vn 0.2230 -0.9748 0.0004
vn -0.5058 0.8627 -0.0000
vn 0.5777 -0.8163 -0.0003
vn 0.8117 -0.5841 -0.0005
vn 0.0121 0.9999 0.0031
vn -0.1421 0.9898 -0.0040
vn 0.9957 0.0929 0.0009
vn 0.8660 -0.5001 -0.0023
vn -0.9991 0.0421 -0.0014
vn 0.0521 0.9986 -0.0010
vn -1.0000 0.0040 0.0006
vn 0.1779 -0.9841 0.0008
vn -0.5101 0.8601 0.0001
vn 0.5081 -0.8613 -0.0012
vn -0.9988 -0.0446 0.0209
vn 0.4134 -0.9105 -0.0017
vn -0.9907 -0.1360 0.0058
vn -0.9977 -0.0673 0.0053
vn -0.9892 -0.1467 0.0046
vn -0.8839 0.2698 -0.3821
vn -0.5263 0.7552 -0.3907
vn -0.0682 -0.9531 -0.2948
vn 0.9789 0.1148 -0.1692
vn -0.8410 0.3584 -0.4053
vn -0.1894 0.4770 -0.8583
vn -0.3878 0.5437 -0.7443
vn -0.0090 0.0106 -0.9999
vn -0.4771 0.7864 -0.3924
vn -0.0577 0.2502 -0.9665
vn 0.0825 -0.2893 -0.9537
vn 0.3328 -0.7423 -0.5816
vn -0.9664 0.1862 -0.1771
vn -0.4816 0.3972 -0.7812
vn -0.0019 0.0020 -1.0000
vn -0.8632 -0.4885 -0.1275
vn -0.9424 0.1198 -0.3122
vn 0.9521 -0.1615 -0.2598
vn -0.7471 -0.6017 -0.2825
vn -0.9689 0.1228 -0.2147
vn 0.7711 -0.5274 -0.3568
vn 0.3393 0.4381 -0.8324
vn -0.6067 -0.5946 -0.5276
vn -0.0329 0.0350 -0.9988
vn 0.1546 -0.9146 -0.3737
vn -0.3554 -0.0458 -0.9336
vn 0.4436 0.7561 -0.4812
vn 0.2214 -0.0958 -0.9705
vn 0.0568 0.3804 -0.9231
vn -0.0185 0.3847 -0.9229
vn 0.0707 0.3339 -0.9400
vn -0.0108 0.0316 -0.9994
vn 0.8477 -0.1050 -0.5200
vn 0.5019 0.5076 -0.7003
vn -0.6178 0.5631 -0.5489
vn -0.2040 -0.6409 -0.7400
vn 0.7824 -0.5802 -0.2264
vn -0.4820 -0.5668 -0.6682
vn 0.3405 0.9085 -0.2423
vn -0.4264 0.8803 -0.2078
vn -0.0003 -0.0015 -1.0000
vn 0.0681 -0.9859 -0.1529
vn -0.1841 0.0484 -0.9817
vn -0.1630 0.0774 -0.9836
vn -0.2382 0.2215 -0.9456
vn 0.9016 0.1213 -0.4153
vn -0.1148 0.5820 -0.8051
vn -0.0205 0.5872 -0.8092
vn -0.0228 -0.2754 -0.9611
vn 0.3855 0.8458 -0.3688
vn -0.0119 0.1858 -0.9825
vn -0.3141 -0.2355 -0.9197
vn 0.6377 0.0460 -0.7689
vn -0.6723 0.6142 -0.4133
vn 0.5281 0.2287 -0.8178
vn 0.7429 0.6307 -0.2243
vn 0.6132 -0.7536 -0.2367
vn -0.0036 0.0011 1.0000
vn 0.9653 -0.1661 0.2017
vn 0.0022 -0.0019 1.0000
vn 0.0021 -0.0025 1.0000
vn 0.1433 -0.8867 0.4396
vn -0.6171 0.7071 0.3452
vn 0.9878 0.1214 0.0976
vn 0.0049 0.0011 1.0000
vn -0.9659 0.1543 0.2080
vn 0.0690 0.0065 0.9976
vn 0.3637 0.9084 0.2061
vn 0.1898 -0.6390 0.7454
vn -0.6927 -0.6307 0.3499
vn -0.9907 -0.1210 0.0629
vn -0.0001 -0.0042 1.0000
vn 0.0616 0.0129 0.9980
vn -0.0023 -0.0025 1.0000
vn 0.6124 0.4054 0.6787
vn 0.3474 0.1823 0.9198
vn -0.0124 0.0107 0.9999
vn 0.1603 0.0496 0.9858
vn 0.3725 0.4392 0.8175
vn -0.5391 0.8118 0.2244
vn -0.5600 -0.7330 0.3862
vn -0.8970 -0.4142 0.1541
vn 0.0037 -0.0024 1.0000
vn -0.1130 -0.1377 0.9840
vn 0.7292 -0.6843 0.0022
vn 0.2375 0.9711 0.0236
vn 0.7166 -0.6931 0.0784
vn -0.9599 0.2804 -0.0024
vn 0.9684 -0.2493 -0.0028
vn -0.1581 0.9798 0.1225
vn 0.4501 -0.8930 -0.0021
vn -0.9990 0.0444 0.0014
vn 0.0557 0.9984 -0.0056
vn -1.0000 0.0010 0.0040
vn -0.9908 -0.1354 0.0054
vn -0.9964 -0.0850 -0.0014
vn -0.9984 -0.0560 -0.0006
vn 0.9694 -0.1753 -0.1718
vn 0.9620 -0.1930 -0.1933
vn 0.9557 -0.1982 -0.2176
vn -0.6019 0.2470 -0.7594
vn 0.4861 -0.0810 0.8701
vn 0.9635 -0.1864 -0.1923
vn -0.1245 -0.9868 0.1034
vn 0.4513 -0.1197 0.8843
vn 0.1343 0.9869 -0.0888
vn -0.5686 0.3335 -0.7520
vn 0.1304 0.0435 0.9905
vn 0.0482 -0.9507 -0.3063
vn 0.0623 -0.9605 -0.2713
vn -0.3422 0.8966 -0.2810
vn -0.1539 0.9352 -0.3189
vn -0.2376 -0.0733 0.9686
vn 0.9999 -0.0134 0.0063
vn -0.4142 -0.1058 -0.9040
vn -0.5490 -0.1202 -0.8271
vn -0.9994 -0.0317 -0.0122
vn 0.0032 -0.9621 -0.2726
vn -0.3313 0.9260 -0.1808
vn -0.4202 0.8647 -0.2752
vn -0.1753 0.9174 -0.3573
vn -0.1999 0.9608 -0.1920
vn -0.0437 -0.9803 -0.1928
vn -0.0707 -0.9876 -0.1399
vn -0.0031 0.0025 -1.0000
vn -0.0007 0.0010 -1.0000
vn 0.0021 -0.0056 -1.0000
vn 0.6329 -0.7742 0.0002
vn 0.8868 0.4617 0.0210
vn 0.0009 0.0008 1.0000
vn 0.0409 0.0165 0.9990
vn -0.1583 -0.0680 0.9850
vn -0.6046 -0.7964 0.0166
vn -0.0027 -0.0026 -1.0000
vn 0.0022 -0.0006 -1.0000
vn 0.0223 -0.0049 -0.9997
vn 0.0010 0.0065 -1.0000
vn 0.0031 0.0003 -1.0000
vn -0.0023 -0.0023 -1.0000
vn -0.0040 0.0021 -1.0000
vn 0.0220 0.0024 -0.9998
vn 0.0148 -0.1224 -0.9924
vn 0.0131 0.0013 -0.9999
vn 0.0006 -0.0086 1.0000
vn 0.0018 0.0011 1.0000
vn -0.0004 0.0006 1.0000
vn -0.0037 0.0101 -0.9999
vn 0.0003 0.0005 -1.0000
vn 0.0001 0.0007 -1.0000
vn -0.0030 -0.0026 -1.0000
vn 0.0008 0.0005 -1.0000
vn -0.0001 -0.0005 -1.0000
vn -0.0055 -0.0315 -0.9995
vn -0.0048 -0.0028 -1.0000
vn 0.0019 0.0007 -1.0000
vn -0.0031 -0.0013 -1.0000
vn -0.0970 0.9951 -0.0163
vn 0.0002 0.0037 -1.0000
vn 0.0001 -0.0131 -0.9999
vn 0.9951 -0.0926 0.0337
vn 0.9902 -0.1394 0.0025
vn -0.4255 -0.9049 -0.0126
vn 0.0093 0.0319 -0.9994
vn 0.0043 0.0149 -0.9999
vn 0.7883 0.6153 0.0009
vn 0.9433 -0.3320 -0.0028
vn -0.0059 -0.0272 -0.9996
vn -0.0030 -0.0224 -0.9997
vn -0.0041 -0.0930 -0.9957
vn -0.9896 0.1046 -0.0985
vn -0.9990 0.0262 0.0369
vn 0.8908 -0.4544 0.0019
vn -0.0408 -0.9991 0.0133
vn 0.9464 0.3193 -0.0493
vn 0.2360 0.9705 -0.0499
vn -0.7876 -0.6146 -0.0448
vn 0.6498 0.7601 -0.0045
vn 0.5072 0.8618 -0.0017
vn 0.5338 -0.8456 0.0049
vn -0.2665 0.9638 0.0046
vn -0.0053 0.0061 -1.0000
vn -0.0010 -0.0019 -1.0000
vn -0.0062 -0.0108 -0.9999
vn 0.0010 -0.0012 -1.0000
vn -0.0141 -0.0484 -0.9987
vn -0.0098 -0.0173 -0.9998
vn 0.0050 -0.0004 -1.0000
vn -0.0680 0.0404 -0.9969
vn 0.0196 0.0266 -0.9995
vn 0.0171 0.0123 -0.9998
vn -0.0099 -0.0114 -0.9999
vn 0.0307 0.0286 -0.9991
vn -0.0150 -0.0092 -0.9998
vn 0.0040 0.0012 -1.0000
vn 0.0107 0.0050 -0.9999
vn -0.0433 -0.0273 -0.9987
vn 0.0059 0.0071 -1.0000
vn -0.0004 0.0051 -1.0000
vn 0.0055 0.0013 -1.0000
vn -0.0127 -0.0192 -0.9997
vn 0.0038 0.0041 -1.0000
vn 0.0021 0.0011 -1.0000
vn -0.0110 0.0165 -0.9998
vn 0.3110 0.9504 0.0042
vn -1.0000 0.0048 -0.0009
vn -0.2817 0.9595 0.0022
vn -0.9995 -0.0307 -0.0013
vn 0.7822 0.6230 -0.0028
vn -0.5268 0.8500 0.0021
vn -0.6241 -0.7813 0.0070
vn 0.4541 0.8909 0.0061
vn 0.9151 0.4030 -0.0114
vn -0.8457 -0.5333 -0.0209
vn 0.6105 0.7920 -0.0007
vn -0.0246 0.9997 0.0068
vn -0.9792 0.2030 0.0005
vn -0.8041 0.5945 0.0016
vn 0.9889 -0.1470 -0.0220
vn -0.6158 0.7879 0.0008
vn 0.1769 -0.9842 0.0113
vn -0.8603 0.5098 -0.0034
vn 0.5337 -0.8456 0.0094
vn 0.3178 -0.9468 -0.0503
vn 0.3881 -0.9214 -0.0215
vn -0.3928 0.9177 -0.0596
vn -0.5246 0.8513 -0.0091
vn 0.9984 0.0564 -0.0015
vn -0.7417 0.6707 0.0045
vn 0.0260 -0.0058 -0.9996
vn 0.0407 0.0551 -0.9976
vn -0.2715 -0.9624 0.0035
vn 0.0579 -0.9980 -0.0270
vn -0.0040 -0.0034 -1.0000
vn -0.0060 0.0072 -1.0000
vn 0.9670 -0.2546 0.0060
vn -0.0083 -0.0011 -1.0000
vn 0.4416 -0.5905 -0.6754
vn 0.0085 -0.0135 -0.9999
vn -0.0466 0.0705 -0.9964
vn -0.0041 -0.0031 -1.0000
vn 0.0195 -0.0071 -0.9998
vn 0.0018 0.0023 -1.0000
vn 0.0003 0.0001 -1.0000
vn 0.0025 -0.0032 -1.0000
vn -0.0005 0.0009 -1.0000
vn -0.0016 0.0019 -1.0000
vn -0.6993 0.7147 0.0098
vn -0.0115 -0.0044 -0.9999
vn -0.7234 0.6905 -0.0006
vn -0.0049 0.0036 -1.0000
vn -0.7247 0.6890 -0.0009
vn 0.8572 0.5150 -0.0021
vn -0.4277 -0.9039 -0.0040
vn 0.9450 0.3269 0.0014
vn 0.0451 0.0230 -0.9987
vn 0.0031 0.0032 -1.0000
vn 0.9998 -0.0208 0.0030
vn -0.8963 -0.4404 -0.0524
vn -0.0417 0.0285 -0.9987
vn 0.0369 -0.0373 -0.9986
vn 0.0063 -0.0125 -0.9999
vn -0.0093 -0.0107 -0.9999
vn -0.0015 -0.0006 -1.0000
vn -0.8555 -0.5174 -0.0202
vn -0.8614 -0.5078 0.0086
vn 0.0070 0.0026 -1.0000
vn 0.0062 0.0007 1.0000
vn 0.0172 0.0048 0.9998
vn 0.0216 -0.1596 0.9870
vn 0.0005 0.0402 0.9992
vn 0.8927 0.4506 -0.0006
vn 0.8903 0.4553 0.0044
vn 0.0044 0.0022 1.0000
vn -0.0004 0.0014 1.0000
vn -0.0183 -0.0037 0.9998
vn -0.0002 0.0011 1.0000
vn 0.0012 0.0026 1.0000
vn -0.0061 -0.0002 1.0000
vn 0.9951 0.0983 -0.0033
vn -0.9951 -0.0988 0.0050
vn 0.0018 -0.0050 1.0000
vn -0.0171 0.2027 0.9791
vn 0.0200 0.0199 0.9996
vn 0.0009 -0.0009 1.0000
vn -0.0093 -0.0046 0.9999
vn 0.9851 -0.1717 -0.0033
vn 0.0074 0.0053 1.0000
vn 0.0002 -0.0001 1.0000
vn -0.0506 -0.0286 0.9983
vn 0.0063 -0.0054 1.0000
vn -0.0013 0.0026 1.0000
vn -0.0018 0.0015 1.0000
vn 0.0271 -0.0200 0.9994
vn 0.1575 -0.2245 0.9617
vn 0.0001 0.0028 1.0000
vn 0.0021 0.0015 1.0000
vn -0.0009 0.0058 -1.0000
vn -0.0039 -0.0015 -1.0000
vn 0.0147 -0.0195 -0.9997
vn -0.0008 -0.0010 -1.0000
vn -0.0001 0.0046 -1.0000
vn 0.0005 0.0015 -1.0000
vn -0.0056 -0.0065 1.0000
vn -0.0104 0.0018 0.9999
vn 0.0064 0.0048 1.0000
vn 0.0022 0.0008 -1.0000
vn 0.0057 -0.0109 0.9999
vn 0.0015 0.0056 -1.0000
vn 0.0089 -0.0104 -0.9999
vn -0.0026 0.0029 -1.0000
vn -0.0006 0.0021 -1.0000
vn -0.0028 0.0024 -1.0000
vn -0.0002 0.0004 -1.0000
vn -0.0040 0.0038 -1.0000
vn -0.0261 -0.0170 -0.9995
vn -0.0117 -0.0123 -0.9999
vn -0.0115 0.0169 -0.9998
vn -0.0253 -0.0004 -0.9997
vn -0.0231 -0.0207 -0.9995
vn -0.6795 -0.7337 0.0016
vn 0.6202 -0.7842 0.0198
vn -0.5429 0.8398 0.0009
vn -0.5400 0.8417 0.0042
vn -0.2390 -0.9710 -0.0026
vn -0.0197 -0.0095 0.9998
vn 0.0010 0.0002 1.0000
vn 0.0124 0.0042 0.9999
vn -0.0001 0.0008 1.0000
vn 0.0345 0.0180 0.9992
vn -0.0001 -0.0007 1.0000
vn -0.8731 -0.4875 -0.0027
vn -0.0005 -0.0030 1.0000
vn -0.0136 0.0074 0.9999
vn 0.6454 0.7638 -0.0073
vn 0.8645 0.5026 -0.0026
vn 0.9923 -0.1186 0.0352
vn -0.0060 -0.0042 1.0000
vn -0.4385 -0.8987 -0.0079
vn 0.9988 -0.0477 -0.0051
vn -0.7603 -0.6496 0.0016
vn -0.8989 0.4381 -0.0000
vn 0.8975 0.4410 -0.0032
vn 0.0171 0.9998 0.0120
vn 0.9996 0.0276 0.0003
vn 0.2523 -0.9676 -0.0059
vn 0.7751 -0.6316 -0.0179
vn 0.7807 0.6249 0.0071
vn -0.8685 -0.4957 -0.0012
vn 0.0423 -0.9991 -0.0068
vn -0.9475 0.3196 0.0097
vn 0.5183 -0.8551 -0.0114
vn -0.0033 -1.0000 -0.0049
vn 0.7739 0.6333 -0.0013
vn 0.7940 0.6078 0.0061
vn 0.0518 0.9985 0.0164
vn -0.9692 0.2460 0.0082
vn 0.8870 -0.4616 -0.0107
vn -0.4079 -0.9130 -0.0034
vn -0.9101 -0.4144 0.0011
vn 0.5781 -0.8158 -0.0137
vn 0.7333 0.6799 0.0079
vn 0.1917 -0.9815 -0.0040
vn 0.8856 0.4645 -0.0013
vn 0.9063 0.4226 0.0040
vn -0.8948 -0.4465 0.0013
vn 0.2519 -0.9677 -0.0148
vn 0.9872 0.1596 -0.0029
vn 0.5112 0.8594 -0.0060
vn -0.5893 0.8075 0.0239
vn -0.0060 0.9998 -0.0204
vn 0.9746 0.2238 -0.0025
vn 0.9079 -0.4191 -0.0105
vn 0.8907 -0.4546 -0.0026
vn 0.8459 -0.5333 -0.0005
vn 0.9508 -0.3099 -0.0049
vn 0.9433 -0.3319 -0.0047
vn 0.8445 -0.5355 -0.0074
vn -0.2644 0.9644 0.0071
vn 0.6795 0.7336 0.0058
vn -0.1100 0.9938 0.0178
vn 0.8330 0.5532 0.0060
vn -0.7037 -0.7105 -0.0001
vn 0.1760 0.9843 -0.0158
vn 0.5008 0.8656 -0.0047
vn 0.5323 0.8465 -0.0017
vn 0.7888 0.6147 0.0025
vn -0.5341 0.8454 0.0065
vn 0.7898 0.6134 0.0019
vn -0.9181 -0.3964 -0.0031
vn -0.8778 -0.4790 -0.0072
vn 0.4838 0.8752 0.0089
vn 0.7933 0.6088 0.0030
vn 0.7163 0.6978 0.0066
vn 0.6726 0.7400 0.0093
vn -0.5588 -0.8293 -0.0032
vn 0.7194 0.6945 0.0084
vn -0.7180 -0.6960 -0.0075
vn -0.6000 -0.7995 0.0282
vn 0.6205 0.7841 -0.0078
vn -1.0000 -0.0091 -0.0008
vn 0.7389 -0.6733 0.0243
vn 0.3193 -0.9476 0.0129
vn -0.8132 0.5820 0.0062
vn -0.7207 -0.6920 -0.0413
vn -0.8546 -0.5191 0.0111
vn 0.8611 0.5083 0.0051
vn 0.8556 0.5176 -0.0027
vn -0.8566 -0.5160 0.0045
vn -0.8601 -0.5101 -0.0044
vn -0.9965 0.0833 0.0026
vn -1.0000 0.0048 -0.0004
vn -0.9948 -0.1018 0.0060
vn -0.4150 -0.9098 0.0052
vn 0.0331 -0.9994 0.0075
vn -0.5681 0.8230 0.0006
vn -0.4961 -0.8409 0.2164
vn -0.8676 -0.4973 0.0052
vn 0.6268 -0.7792 -0.0025
vn 0.8645 0.5025 -0.0064
vn -0.7489 0.6627 0.0005
vn 0.3958 0.9183 -0.0061
vn -0.8345 -0.5510 0.0095
vn 0.9970 0.0773 -0.0056
vn -0.9979 0.0427 0.0493
vn 0.9103 -0.4138 -0.0084
vn -0.1674 0.9859 0.0001
vn 0.4225 -0.9063 -0.0071
vn 0.7493 -0.6623 -0.0027
vn -0.6842 0.7292 0.0085
vn -0.9174 0.3980 0.0036
vn 0.8574 -0.5146 -0.0067
vn 0.8676 0.4971 -0.0159
vn 0.8670 -0.4982 -0.0143
vn -0.8610 -0.5086 -0.0039
vn -0.8503 -0.5260 -0.0189
vn 0.8525 0.5227 0.0071
vn -0.8484 -0.5293 -0.0040
vn 0.7538 -0.6571 -0.0095
vn 0.8072 -0.5902 -0.0074
vn -0.7956 0.6058 -0.0090
vn -0.9798 0.1982 -0.0270
vn -0.8683 -0.4961 -0.0013
vn 0.8637 0.5040 0.0008
vn 0.0025 0.0059 1.0000
vn -0.3648 0.3157 0.8759
vn 0.0496 -0.0696 0.9963
vn 0.0009 0.0001 1.0000
vn 0.0049 0.0107 0.9999
vn 0.0093 -0.0098 0.9999
vn -0.0020 -0.0065 1.0000
vn 0.0030 0.0030 1.0000
vn -0.0014 -0.0020 1.0000
vn 0.0025 -0.0017 1.0000
vn -0.0020 0.0021 1.0000
vn -0.0082 -0.0002 1.0000
vn 0.0036 0.0042 1.0000
vn 0.0162 0.0087 0.9998
vn 0.7709 -0.6370 0.0075
vn 0.0087 -0.0095 -0.9999
vn -0.0352 0.0880 -0.9955
vn 0.0041 0.0052 -1.0000
vn -0.0048 0.0011 -1.0000
vn -0.0078 0.0007 -1.0000
vn -0.0846 0.0925 -0.9921
vn 0.0003 -0.0008 -1.0000
vn 0.0003 0.0023 -1.0000
vn -0.0038 -0.0002 -1.0000
vn 0.0242 -0.0077 -0.9997
vn 0.0022 0.0018 -1.0000
vn -0.0002 -0.0024 -1.0000
vn -0.0008 -0.0000 1.0000
vn 0.0005 -0.0002 1.0000
vn 0.0001 -0.0012 1.0000
vn -0.0012 0.0014 1.0000
vn 0.0020 -0.0010 1.0000
vn -0.0014 0.0020 1.0000
vn -0.0001 0.0040 1.0000
vn -0.0026 0.0009 1.0000
vn 0.0004 0.0056 1.0000
vn -0.0020 -0.0003 1.0000
vn 0.0014 0.0019 1.0000
vn 0.0024 0.0017 1.0000
vn 0.0018 0.0009 1.0000
vn -0.0028 -0.0039 1.0000
vn 0.0018 0.0003 1.0000
vn 0.0016 -0.0000 1.0000
vn -0.0086 -0.0028 1.0000
vn 0.0096 0.0052 0.9999
vn 0.0016 0.0013 1.0000
vn -0.0041 -0.0081 -1.0000
vn 0.0098 0.0177 -0.9998
vn -0.7905 -0.6124 -0.0032
vn 0.7398 0.6728 -0.0033
vn -0.9502 0.3112 -0.0155
vn 0.0011 -0.0020 1.0000
vn 0.0108 0.0040 0.9999
vn 0.9844 -0.1723 -0.0366
vn -0.4325 0.9016 -0.0040
vn -0.0051 -0.0028 -1.0000
vn 0.0017 -0.0008 -1.0000
vn 0.1573 0.9875 0.0012
vn -0.0328 -0.0100 -0.9994
vn 0.0083 0.0315 -0.9995
vn 0.0006 -0.0000 -1.0000
vn 0.0139 0.0031 -0.9999
vn -0.0064 -0.0070 -1.0000
vn -0.7840 -0.6205 -0.0190
vn -0.0006 0.0012 -1.0000
vn -0.0078 0.0077 -0.9999
vn 0.0053 -0.0846 -0.9964
vn 0.4255 0.9050 0.0029
vn 0.0664 0.9978 0.0010
vn -0.1031 0.9947 -0.0051
vn -0.9147 -0.4040 -0.0011
vn 0.8416 0.5401 -0.0038
vn 0.3321 -0.9432 -0.0061
vn 0.6869 0.7267 0.0050
vn -0.4056 0.9136 -0.0284
vn 0.9583 -0.2858 0.0012
vn 0.9358 -0.3525 0.0016
vn 0.1147 -0.9923 -0.0470
vn 0.9378 -0.3471 -0.0003
vn 0.0814 -0.9967 -0.0018
vn 0.8827 0.4609 -0.0920
vn 0.8140 0.5809 -0.0003
vn 0.1275 -0.9918 -0.0048
vn -0.2460 0.9689 -0.0283
vn 0.8161 0.5779 0.0073
vn 0.5311 0.8473 0.0016
vn 0.5474 0.8368 0.0001
vn 0.2759 -0.9609 0.0219
vn 0.0105 0.0121 -0.9999
vn 0.0354 0.0988 -0.9945
vn 0.1524 -0.9882 0.0184
vn -0.0103 -0.0070 -0.9999
vn 0.0576 -0.9953 -0.0779
vn -0.1106 0.9928 -0.0453
vn -0.9638 -0.2666 0.0019
vn -0.9354 -0.3535 -0.0002
vn 0.0003 -0.0011 -1.0000
vn 0.0410 0.9981 -0.0457
vn -0.0157 0.0140 -0.9998
vn 0.0113 0.0020 -0.9999
vn 0.0299 0.0377 -0.9988
vn 0.0060 -0.1027 -0.9947
vn 0.0031 -0.0043 -1.0000
vn -0.0054 -0.0051 -1.0000
vn 0.0015 0.0021 -1.0000
vn 0.0055 0.0014 -1.0000
vn 0.0058 0.0049 -1.0000
vn -0.0096 -0.0079 -0.9999
vn -0.0018 -0.0005 -1.0000
vn -0.0136 -0.0097 -0.9999
vn -0.0187 -0.0086 -0.9998
vn 0.0497 0.0252 -0.9984
vn -0.0025 0.0044 -1.0000
vn 0.0090 0.0045 -0.9999
vn 0.0339 0.0225 -0.9992
vn -0.0354 -0.0214 -0.9991
vn -0.0053 -0.0053 -1.0000
vn -0.0220 -0.0083 -0.9997
vn 0.0380 0.0614 -0.9974
vn 0.0014 -0.0011 -1.0000
vn -0.0109 -0.0098 -0.9999
vn -0.0057 0.0038 -1.0000
vn 0.0003 -0.0040 -1.0000
vn 0.0214 0.0119 -0.9997
vn 0.0004 0.0044 -1.0000
vn 0.0118 0.0041 -0.9999
vn 0.0083 0.0015 -1.0000
vn 0.9403 0.3404 0.0004
vn -0.9993 0.0366 -0.0009
vn 0.1999 0.9798 -0.0020
vn -0.8648 -0.5012 -0.0293
vn 0.5007 0.8656 -0.0009
vn 0.1398 -0.9902 -0.0050
vn 0.8159 0.5782 0.0013
vn -0.7455 -0.6665 -0.0033
vn -0.7926 -0.6098 0.0012
vn 0.5631 0.8264 -0.0044
vn 0.6269 0.7791 -0.0001
vn 0.2286 -0.9735 -0.0015
vn -0.9963 0.0858 0.0006
vn 0.1995 -0.9797 -0.0203
vn 0.7569 -0.6535 -0.0075
vn 0.3367 -0.9401 -0.0533
vn -0.4173 -0.9085 0.0210
vn -0.6686 0.7436 0.0080
vn -0.0143 0.0060 -0.9999
vn 0.1579 -0.9874 -0.0057
vn -0.5773 0.8165 0.0080
vn -0.5107 0.8598 0.0006
vn -0.5665 0.8241 -0.0004
vn -0.8488 -0.5288 -0.0005
vn 0.0847 0.9964 0.0033
vn -0.2114 -0.9742 -0.0793
vn 0.0320 0.1139 -0.9930
vn 0.1808 0.9835 -0.0052
vn -0.7704 0.6364 -0.0393
vn -0.4148 -0.9099 -0.0075
vn 0.6080 -0.7940 -0.0019
vn 0.0219 0.0113 -0.9997
vn 0.6967 -0.7174 0.0004
vn -0.5446 0.8387 -0.0100
vn -0.9992 -0.0309 0.0272
vn 0.2292 0.9734 0.0009
vn -0.8273 -0.5617 0.0004
vn 0.8410 0.5410 -0.0128
vn -0.8268 -0.5624 0.0002
vn 0.9772 -0.2122 0.0004
vn -0.8259 -0.5631 -0.0279
vn 0.7441 0.6674 -0.0283
vn -0.3077 0.9515 0.0032
vn -0.4811 0.8767 0.0003
vn 0.6082 0.7938 0.0025
vn 0.7772 -0.6292 -0.0080
vn 0.9389 0.3421 0.0377
vn 0.1826 -0.9832 -0.0001
vn -0.0288 -0.9996 0.0041
vn -0.1507 0.9886 -0.0004
vn 0.3927 -0.9187 -0.0420
vn -0.6326 0.7740 -0.0291
vn 0.8600 0.5103 -0.0004
vn 0.9993 -0.0368 -0.0025
vn 0.5918 -0.8061 0.0003
vn -0.0172 -0.9999 0.0019
vn -0.5750 -0.8181 0.0071
vn -0.7972 0.6038 -0.0001
vn -0.5254 0.8508 -0.0011
vn 0.0036 0.0035 -1.0000
vn 0.0016 -0.0000 -1.0000
vn 0.0120 -0.0111 -0.9999
vn -0.0011 -0.0094 -1.0000
vn -0.0011 -0.0005 -1.0000
vn -0.0007 -0.0020 -1.0000
vn -0.0014 -0.0022 -1.0000
vn 0.0037 -0.0041 -1.0000
vn -0.0034 0.0030 -1.0000
vn -0.8311 0.5560 0.0070
vn -0.7188 0.6953 0.0014
vn 0.8014 -0.5982 0.0056
vn -0.0170 -0.0170 -0.9997
vn 0.8472 0.5308 -0.0222
vn 0.6401 0.7682 -0.0115
vn -0.7341 -0.6776 -0.0437
vn 0.5946 -0.8040 0.0004
vn 0.0237 0.0102 -0.9997
vn 0.0072 0.0061 -1.0000
vn -0.3936 0.9192 -0.0113
vn -0.0163 -0.0059 -0.9999
vn 0.0032 0.0036 -1.0000
vn 0.0030 0.0040 -1.0000
vn 0.8623 0.5064 0.0012
vn 0.7697 -0.6338 -0.0761
vn -0.6951 -0.7181 -0.0338
vn 0.0389 -0.0395 -0.9985
vn 0.0058 -0.0075 -1.0000
vn -0.0005 0.0013 -1.0000
vn 0.0354 0.0277 -0.9990
vn -0.0927 -0.0968 -0.9910
vn -0.9628 -0.2702 -0.0061
vn -0.4402 -0.8979 -0.0076
vn -0.9660 0.2552 -0.0402
vn 0.3948 0.9135 -0.0983
vn -0.4555 -0.8903 -0.0028
vn -0.0116 0.0132 0.9998
vn -0.0075 -0.0091 -0.9999
vn -0.0051 0.0004 -1.0000
vn -0.0160 -0.0077 -0.9998
vn -0.0144 -0.0020 0.9999
vn -0.1179 0.9930 0.0112
vn -0.0037 -0.0040 1.0000
vn -0.0033 0.0020 1.0000
vn 0.0065 -0.0001 1.0000
vn -0.8217 0.5699 -0.0076
vn 0.4519 -0.8920 -0.0091
vn -0.0005 -0.0017 1.0000
vn -0.3893 0.9208 0.0240
vn -0.2174 -0.9760 -0.0124
vn 0.6625 -0.7491 -0.0066
vn 0.8138 0.5811 0.0083
vn -0.0304 0.0266 0.9992
vn -0.0005 0.0095 1.0000
vn -0.0051 -0.0752 0.9972
vn -0.9990 0.0454 -0.0037
vn 0.9510 0.3093 0.0039
vn 0.0173 0.0076 0.9998
vn 0.0022 0.0107 0.9999
vn -0.0002 0.0002 1.0000
vn -0.0001 -0.0004 1.0000
vn -0.0056 0.0001 1.0000
vn -0.0461 0.0093 0.9989
vn -0.0024 -0.0069 1.0000
vn -0.8460 -0.5330 0.0109
vn 0.0323 -0.0195 0.9993
vn 0.0004 0.0031 1.0000
vn -0.0008 0.0071 -1.0000
vn 0.0139 -0.0251 -0.9996
vn -0.0277 0.0432 -0.9987
vn 0.0476 -0.0560 -0.9973
vn 0.0041 -0.0076 1.0000
vn 0.0237 -0.0198 -0.9995
vn 0.0305 0.0135 -0.9994
vn -0.0028 -0.0023 -1.0000
vn 0.0018 -0.0023 -1.0000
vn -0.0000 -0.0020 -1.0000
vn 0.0031 -0.0036 -1.0000
vn 0.0128 -0.0143 -0.9998
vn -0.0002 -0.0009 -1.0000
vn 0.5472 -0.8370 0.0021
vn -0.9666 -0.2561 0.0037
vn 0.6333 0.7739 -0.0043
vn 0.6604 -0.7509 -0.0046
vn -0.1157 -0.9932 0.0140
vn -0.0039 -0.0041 1.0000
vn 0.0090 0.0020 1.0000
vn -0.0217 -0.0123 0.9997
vn -0.0043 -0.0008 1.0000
vn -0.0028 0.0030 1.0000
vn -0.0022 0.0010 1.0000
vn 0.0015 0.0011 1.0000
vn -0.8397 -0.5430 -0.0021
vn -0.0058 -0.0041 1.0000
vn -0.6070 -0.7947 0.0065
vn 0.0073 0.0028 1.0000
vn -0.0063 -0.0008 1.0000
vn 0.9235 0.3835 0.0010
vn -0.9018 -0.4322 -0.0028
vn 0.9831 -0.1831 0.0002
vn 0.8977 0.4405 -0.0041
vn 0.0194 -0.0108 0.9998
vn 0.0037 -0.0005 1.0000
vn -0.0043 0.0061 1.0000
vn 0.0038 0.0109 0.9999
vn 0.7600 0.6499 -0.0060
vn -0.0544 -0.9985 0.0056
vn -0.9561 -0.2930 0.0013
vn -0.8695 -0.4938 -0.0049
vn 0.7349 0.6782 -0.0026
vn -0.9481 0.3180 -0.0010
vn 0.9977 0.0581 0.0354
vn -0.9358 -0.3526 0.0002
vn -0.0378 -0.0195 0.9991
vn -0.0007 0.0001 -1.0000
vn -0.0706 0.9970 0.0330
vn -0.0999 0.9950 0.0066
vn 0.8912 0.4536 -0.0026
vn -0.2007 -0.9796 0.0076
vn 1.0000 0.0097 -0.0002
vn 0.8489 0.5286 -0.0041
vn 0.8486 0.5290 0.0051
vn 0.9110 0.4125 -0.0010
vn -0.7571 -0.6533 0.0006
vn -0.8611 -0.5084 0.0050
vn -0.9242 -0.3820 -0.0014
vn 0.5526 -0.8335 0.0043
vn -0.9652 -0.2611 -0.0171
vn 0.8374 0.5466 -0.0026
vn -0.9187 -0.3949 -0.0005
vn 0.8512 0.5249 -0.0004
vn 0.1551 -0.9879 0.0081
vn 0.9905 -0.1376 -0.0012
vn -0.8599 -0.5105 0.0007
vn -0.9600 -0.2800 -0.0031
vn -0.9924 0.1228 0.0050
vn -0.0927 0.9950 0.0384
vn 0.8465 0.5324 0.0038
vn 1.0000 0.0093 -0.0026
vn 0.7839 0.6209 0.0020
vn -0.9334 -0.3587 -0.0021
vn -0.5502 -0.8349 -0.0136
vn -0.8635 -0.5044 0.0011
vn 0.5166 0.8562 0.0101
vn 0.9148 -0.4036 -0.0121
vn -0.0906 0.9958 0.0155
vn -0.0890 0.9959 0.0157
vn 0.7948 0.6068 0.0061
vn -0.4498 -0.8931 -0.0098
vn 0.0020 1.0000 0.0090
vn -0.7125 -0.7016 -0.0086
vn 0.0605 -0.9981 -0.0145
vn 0.3632 -0.9316 0.0116
vn -0.1779 0.9837 0.0265
vn -0.7109 -0.7033 -0.0008
vn 0.3258 -0.9454 -0.0094
vn -0.9591 -0.2832 -0.0014
vn 0.5837 -0.8119 -0.0105
vn -0.9326 0.3607 -0.0151
vn 0.3715 0.9282 0.0190
vn -0.9971 0.0767 0.0023
vn 0.9674 -0.2531 -0.0049
vn -0.8163 -0.5776 0.0051
vn 0.9890 -0.1479 -0.0000
vn -0.0844 0.9963 0.0156
vn -0.9159 -0.4015 -0.0023
vn -0.2157 0.9763 0.0166
vn -0.9153 -0.4028 -0.0018
vn -0.8839 -0.4675 -0.0075
vn 0.8710 0.4913 -0.0013
vn -0.1892 -0.9818 -0.0173
vn 0.4313 0.9020 -0.0167
vn -0.8609 -0.5088 0.0015
vn -0.9083 -0.4183 0.0003
vn 0.9975 -0.0705 0.0013
vn -0.5937 0.8047 0.0084
vn 0.5296 0.8482 0.0028
vn -0.8766 -0.4811 -0.0051
vn -0.8787 0.4773 0.0063
vn 0.9332 -0.3592 -0.0104
vn 0.6225 0.7826 0.0088
vn -0.9993 -0.0229 -0.0283
vn -0.3570 0.9340 0.0152
vn 0.0480 0.9988 -0.0100
vn -0.7389 -0.6738 -0.0090
vn -0.5043 -0.8635 -0.0043
vn 0.6106 0.7919 -0.0089
vn -0.1827 0.9830 0.0159
vn -0.0896 -0.9960 -0.0052
vn -0.1240 -0.9922 -0.0158
vn 0.8596 0.5109 0.0059
vn 0.4586 -0.8885 -0.0146
vn 0.8596 0.5109 -0.0000
vn 0.8502 0.5263 0.0110
vn 0.8556 0.5176 0.0025
vn -0.4790 0.8778 0.0004
vn -0.8522 -0.5231 0.0079
vn -0.8483 -0.5295 -0.0029
vn 0.8427 0.5385 0.0033
vn 0.5326 -0.8464 -0.0050
vn -0.7020 -0.7120 0.0176
vn -0.5316 0.8470 0.0011
vn -0.9994 0.0340 0.0021
vn -0.8536 -0.5210 0.0009
vn -0.8485 -0.5291 0.0048
vn -0.8507 -0.5256 0.0086
vn -0.9216 0.3879 -0.0079
vn -0.0119 0.9999 -0.0034
vn -0.9863 0.1650 0.0045
vn -0.9529 -0.3033 0.0054
vn 0.5302 0.8479 -0.0032
vn -0.1167 0.9932 0.0046
vn -0.5086 -0.8609 0.0076
vn -0.7162 0.6979 0.0064
vn 0.8702 -0.4927 -0.0000
vn 0.5990 -0.8007 0.0055
vn -0.8042 -0.5943 0.0052
vn 0.7970 0.6039 -0.0017
vn -0.5904 0.8070 0.0112
vn 0.5858 -0.8105 -0.0005
vn -0.9984 -0.0563 0.0109
vn -0.8561 -0.5167 0.0076
vn 0.5409 -0.8411 0.0043
vn 0.8646 0.5024 -0.0064
vn -0.3915 -0.9202 0.0030
vn -0.7333 0.6798 0.0048
vn -0.7390 -0.6737 0.0066
vn -0.8026 0.5963 0.0146
vn 0.9299 0.3677 -0.0096
vn -0.8636 0.5030 0.0337
vn 0.5996 -0.8003 -0.0044
vn -0.8075 0.5898 0.0079
vn 0.4235 0.9059 -0.0029
vn 0.9997 0.0237 -0.0072
vn -0.6279 0.7783 0.0028
vn 0.3639 0.9310 0.0294
vn 0.9999 0.0122 -0.0084
vn 0.1427 0.9898 -0.0029
vn -0.8705 0.4920 0.0070
vn 0.5816 -0.8135 0.0045
vn -0.8546 -0.5193 0.0015
vn 0.9784 0.2069 -0.0048
vn 0.8340 0.5517 -0.0062
vn -0.6192 0.7852 0.0085
vn -0.8713 0.4906 0.0119
vn 0.8608 0.5089 0.0028
vn 0.8483 0.5292 0.0187
vn 0.8797 0.4755 -0.0047
vn 0.8741 0.4851 -0.0242
vn -0.8536 -0.5209 0.0033
vn 0.8421 0.5394 0.0016
vn -0.6240 0.7814 0.0100
vn 0.6924 -0.7215 0.0014
vn -0.8604 -0.5097 -0.0004
vn -0.8535 -0.5211 0.0045
vn -0.7719 0.6357 -0.0063
vn 0.7721 -0.6348 -0.0298
vn -0.9768 0.2136 0.0143
vn 0.9907 0.1356 0.0112
vn 0.9232 0.3842 0.0027
vn -0.0028 0.0034 1.0000
vn 0.8557 0.5174 0.0059
vn 0.0040 -0.0581 0.9983
vn -0.0755 0.1401 0.9873
vn -0.0106 0.0002 0.9999
vn 0.0021 0.0044 1.0000
vn -0.0020 -0.0057 1.0000
vn 0.0024 -0.0033 1.0000
vn 0.0034 -0.0041 1.0000
vn -0.0001 0.0005 1.0000
vn 0.0008 -0.0038 1.0000
vn -0.0105 0.0023 0.9999
vn -0.0008 -0.0064 1.0000
vn 0.0004 -0.0008 -1.0000
vn 0.0005 0.0002 -1.0000
vn 0.0001 -0.0031 -1.0000
vn -0.0015 0.0017 1.0000
vn 0.0011 -0.0022 1.0000
vn -0.0031 0.0015 1.0000
vn -0.0013 -0.0009 1.0000
vn -0.0013 -0.0012 1.0000
vn 0.0061 -0.0015 1.0000
vn -0.0006 -0.0071 1.0000
vn 0.0058 -0.0240 0.9997
vn -0.0006 -0.0002 1.0000
vn 0.0018 0.0005 1.0000
vn 0.0013 0.0012 1.0000
vn 0.7956 0.6058 0.0060
vn -0.9588 0.2841 0.0071
vn -0.6831 0.7303 -0.0000
vn 0.6107 0.7918 -0.0000
vn 0.3800 0.1987 0.9034
vn 0.4683 -0.6076 0.6415
vn -0.0443 -0.0275 -0.9986
vn -0.1587 0.1160 0.9805
vn 0.4536 0.4107 0.7909
vn -0.0972 0.3851 -0.9177
vn 0.8923 -0.4514 -0.0000
vn -0.4589 0.8885 -0.0007
vn -0.5474 0.8368 -0.0000
vn -0.7013 0.7124 0.0246
vn -0.6016 0.7988 -0.0000
vn 0.4135 0.9105 -0.0009
vn -0.4818 0.8762 0.0084
vn -0.8634 0.5045 0.0003
vn 0.3886 -0.9214 0.0002
vn -0.2102 -0.0122 0.9776
vn 0.1310 0.1481 0.9803
vn 0.2172 -0.1029 0.9707
vn 0.1907 0.0236 0.9814
vn -0.0289 -0.9996 0.0002
vn -0.7708 0.6370 -0.0001
vn 0.8713 0.4908 -0.0000
vn -0.8208 -0.5712 -0.0000
vn 0.5277 -0.8494 -0.0000
vn -0.8119 -0.5838 -0.0000
vn -0.5358 0.8444 -0.0000
vn -0.5110 0.8596 -0.0000
vn 0.5310 0.8474 -0.0023
vn -0.8090 -0.5878 -0.0000
vn 0.8398 -0.0417 0.5413
vn -0.5180 -0.6636 -0.5397
vn -0.1449 -0.0882 0.9855
vn -0.1056 0.1614 0.9812
vn 0.2827 -0.3654 0.8869
vn -0.2289 0.0492 0.9722
vn 0.0320 0.0221 0.9992
vn 0.1774 0.1032 0.9787
vn -0.4153 0.6323 0.6541
vn 0.1064 0.1093 0.9883
vn 0.7358 0.6771 -0.0073
vn 0.6969 0.7171 -0.0070
vn 0.4046 -0.9145 -0.0000
vn 0.9837 0.1796 -0.0009
vn -0.9844 -0.1758 0.0009
vn -0.5782 -0.8159 0.0060
vn -0.4585 0.3978 -0.7947
vn 0.3025 -0.3967 -0.8667
vn -0.4676 0.3545 -0.8097
vn -0.0055 -0.0050 1.0000
vn 0.0058 0.0136 0.9999
vn -0.0141 -0.0152 0.9998
vn -0.0335 0.2434 -0.9693
vn -0.9995 -0.0300 -0.0055
vt 0.613411 0.984978
vt 0.625000 0.985517
vt 0.625000 0.992759
vt 0.613394 0.992489
vt 0.601935 0.946030
vt 0.613411 0.953856
vt 0.602063 0.953402
vt 0.591390 0.960468
vt 0.591229 0.952891
vt 0.602120 0.961106
vt 0.536609 0.942143
vt 0.529794 0.940790
vt 0.532844 0.935963
vt 0.538865 0.936934
vt 0.590306 0.938975
vt 0.590822 0.945605
vt 0.601807 0.939367
vt 0.613395 0.946106
vt 0.601999 0.896903
vt 0.601927 0.907069
vt 0.613394 0.907447
vt 0.613403 0.897018
vt 0.549434 0.950402
vt 0.541615 0.949356
vt 0.543375 0.943147
vt 0.550207 0.943809
vt 0.590131 0.923088
vt 0.590114 0.928396
vt 0.601751 0.933641
vt 0.601743 0.928339
vt 0.613418 0.961839
vt 0.625000 0.971035
vt 0.613419 0.969784
vt 0.602128 0.968923
vt 0.602125 0.966747
vt 0.602122 0.963669
vt 0.557918 0.897260
vt 0.557784 0.908382
vt 0.564723 0.908408
vt 0.564840 0.897272
vt 0.572573 0.952014
vt 0.581308 0.952405
vt 0.581532 0.959924
vt 0.572721 0.959455
vt 0.572543 0.983261
vt 0.574067 0.983321
vt 0.572138 0.991593
vt 0.580638 0.945041
vt 0.601751 0.922718
vt 0.514822 0.928187
vt 0.521754 0.929539
vt 0.519806 0.933287
vt 0.512967 0.931624
vt 0.551641 0.897174
vt 0.551411 0.908116
vt 0.613372 0.933471
vt 0.580606 0.908131
vt 0.578485 0.919544
vt 0.578485 0.924033
vt 0.590306 0.916492
vt 0.601807 0.915851
vt 0.540463 0.906692
vt 0.540681 0.896777
vt 0.546008 0.896978
vt 0.545810 0.907334
vt 0.613379 0.916497
vt 0.625000 0.924033
vt 0.613372 0.923088
vt 0.613418 0.977448
vt 0.613371 0.928396
vt 0.625000 0.933011
vt 0.625000 0.937500
vt 0.613379 0.939112
vt 0.526051 0.970724
vt 0.524036 0.970498
vt 0.525951 0.961806
vt 0.527626 0.962092
vt 0.522514 0.925480
vt 0.528424 0.930591
vt 0.529134 0.926206
vt 0.578485 0.933011
vt 0.578485 0.937500
vt 0.529316 0.896644
vt 0.530181 0.886057
vt 0.535887 0.886062
vt 0.535246 0.896677
vt 0.625000 0.954267
vt 0.625000 0.945884
vt 0.557303 0.944234
vt 0.564648 0.951631
vt 0.557041 0.951130
vt 0.529135 0.921030
vt 0.535107 0.921409
vt 0.534917 0.914741
vt 0.528926 0.914516
vt 0.564597 0.958962
vt 0.556677 0.958324
vt 0.550445 0.937500
vt 0.557455 0.937500
vt 0.564590 0.944512
vt 0.564465 0.937500
vt 0.613393 0.886104
vt 0.625000 0.886136
vt 0.625000 0.897272
vt 0.601743 0.875000
vt 0.601919 0.886090
vt 0.591044 0.897007
vt 0.590782 0.886103
vt 0.572158 0.944728
vt 0.581564 0.967634
vt 0.575464 0.967285
vt 0.573696 0.967184
vt 0.564501 0.966599
vt 0.572731 0.967129
vt 0.556326 0.965926
vt 0.547140 0.981839
vt 0.556193 0.982453
vt 0.556647 0.991163
vt 0.547854 0.990837
vt 0.548497 0.957425
vt 0.557790 0.886134
vt 0.564723 0.886136
vt 0.545355 0.932661
vt 0.550445 0.933011
vt 0.544670 0.937563
vt 0.540991 0.886074
vt 0.546032 0.886099
vt 0.545894 0.875000
vt 0.541343 0.875000
vt 0.550445 0.875000
vt 0.551469 0.886124
vt 0.557790 0.886135
vt 0.557455 0.875000
vt 0.564465 0.875000
vt 0.572153 0.886135
vt 0.571475 0.937500
vt 0.581051 0.897180
vt 0.572420 0.897261
vt 0.613393 0.886104
vt 0.613371 0.875000
vt 0.571475 0.919544
vt 0.572153 0.908383
vt 0.564465 0.919544
vt 0.557455 0.919544
vt 0.613394 0.907447
vt 0.625000 0.908408
vt 0.625000 0.919544
vt 0.551469 0.886124
vt 0.625000 0.978276
vt 0.528938 0.906287
vt 0.534930 0.906396
vt 0.601927 0.907069
vt 0.590798 0.907423
vt 0.534517 0.931462
vt 0.526501 0.934732
vt 0.578485 0.875000
vt 0.580602 0.886124
vt 0.590114 0.875000
vt 0.625000 0.875000
vt 0.613403 0.897018
vt 0.536732 0.981023
vt 0.537044 0.990410
vt 0.515833 0.906170
vt 0.522393 0.906207
vt 0.522673 0.896656
vt 0.515765 0.896893
vt 0.523290 0.886085
vt 0.515964 0.913825
vt 0.540545 0.927348
vt 0.540530 0.921935
vt 0.535123 0.926794
vt 0.545589 0.927926
vt 0.540105 0.932158
vt 0.545586 0.922802
vt 0.540409 0.915218
vt 0.545588 0.916317
vt 0.522993 0.939124
vt 0.522403 0.914276
vt 0.591044 0.897007
vt 0.564412 0.982902
vt 0.564428 0.991401
vt 0.510008 0.918287
vt 0.509160 0.922621
vt 0.515683 0.924381
vt 0.515980 0.919763
vt 0.529086 0.954283
vt 0.530359 0.954549
vt 0.522574 0.920574
vt 0.557455 1.000000
vt 0.550445 1.000000
vt 0.533614 0.947970
vt 0.539704 0.956169
vt 0.571475 1.000000
vt 0.564465 1.000000
vt 0.625000 0.928522
vt 0.538063 0.963706
vt 0.547655 0.964992
vt 0.564435 0.974601
vt 0.572700 0.975081
vt 0.556123 0.973999
vt 0.525596 0.946223
vt 0.520742 0.952535
vt 0.537834 1.000000
vt 0.591398 0.963271
vt 0.578485 1.000000
vt 0.602119 0.976708
vt 0.547148 0.973169
vt 0.580634 0.991778
vt 0.625000 1.000000
vt 0.613371 1.000000
vt 0.601927 0.992230
vt 0.601743 1.000000
vt 0.590805 0.991990
vt 0.590114 1.000000
vt 0.581308 0.983608
vt 0.581532 0.975543
vt 0.591228 0.984007
vt 0.525223 1.000000
vt 0.525194 0.989977
vt 0.513761 0.979427
vt 0.525384 0.980143
vt 0.518040 0.944052
vt 0.625000 0.962651
vt 0.536791 0.875000
vt 0.532240 0.875000
vt 0.540991 0.886074
vt 0.546032 0.886099
vt 0.590131 0.933457
vt 0.509769 0.935054
vt 0.516299 0.937189
vt 0.564723 0.886136
vt 0.591390 0.976076
vt 0.602063 0.984466
vt 0.550445 0.928522
vt 0.571475 0.875000
vt 0.511357 0.941436
vt 0.573951 0.975147
vt 0.591413 0.968219
vt 0.578485 0.928522
vt 0.550445 0.919544
vt 0.572153 0.886135
vt 0.516488 0.960189
vt 0.514523 0.969429
vt 0.550445 0.924033
vt 0.601999 0.896903
vt 0.564840 0.897272
vt 0.572420 0.897260
vt 0.580602 0.886124
vt 0.581051 0.897180
vt 0.511852 0.949829
vt 0.581545 0.962950
vt 0.580606 0.908131
vt 0.503786 0.957786
vt 0.537057 0.972046
vt 0.519441 0.969982
vt 0.513216 0.989667
vt 0.581554 0.965263
vt 0.591406 0.965944
vt 0.527099 0.953866
vt 0.522651 0.961242
vt 0.575888 0.975248
vt 0.576160 0.983404
vt 0.928539 0.000000
vt 0.966121 0.000000
vt 0.897121 0.000000
vt 0.865014 0.000000
vt 0.819745 0.000000
vt 0.590909 0.000000
vt 0.590909 0.000000
vt 0.500000 0.000000
vt 0.522727 0.000000
vt 0.522727 0.000000
vt 0.636990 0.000000
vt 0.587510 0.000000
vt 0.461349 0.000000
vt 0.449665 0.000000
vt 0.405060 0.000000
vt 0.432664 0.000000
vt 0.429964 0.000000
vt 0.424203 0.000000
vt 0.333209 0.000000
vt 1.000000 0.000000
vt 0.931064 0.000000
vt 0.909277 0.000000
vt 0.563021 0.000000
vt 0.649620 0.000000
vt 0.727332 0.000000
vt 0.750000 0.000000
vt 0.489948 0.000000
vt 0.305052 0.000000
vt 0.251594 0.000000
vt 0.495563 0.000000
vt 0.476498 0.000000
vt 0.705582 0.000000
vt 0.570248 0.000000
vt 0.502719 0.000000
vt 0.512397 0.000000
vt 0.686503 0.000000
vt 0.510331 0.000000
vt 0.651347 0.000000
vt 0.607898 0.000000
vt 0.548872 0.000000
vt 0.727735 0.000000
vt 0.462810 0.000000
vt 0.053963 0.000000
vt 0.321847 0.000000
vt 0.034008 0.000000
vt 0.090689 0.000000
vt 0.133551 0.000000
vt 0.304862 0.000000
vt 0.266875 0.000000
vt 0.176187 0.000000
vt 0.478590 0.000000
vt 0.006631 0.000000
vt 0.438116 0.000000
vt 0.052632 0.000000
vt 0.239674 0.000000
vt 0.050000 0.000000
vt 0.034958 0.000000
vt 0.759586 0.000000
vt 0.520951 0.000000
vt 0.291069 0.000000
vt 0.555236 0.000000
vt 0.405162 0.000000
vt 0.333333 0.000000
vt 0.259368 0.000000
vt 0.255255 0.000000
vt 0.083781 0.000000
vt 0.063158 0.000000
vt 0.210738 0.000000
vt 0.490709 0.000000
vt 0.538380 0.000000
vt 0.055263 0.000000
vt 0.050001 0.000000
vt 0.586842 0.000000
vt 0.584211 0.000000
vt 0.581579 0.000000
vt 0.362118 0.000000
vt 0.403079 0.000000
vt 0.345956 0.000000
vt 0.416331 0.000000
vt 0.416667 0.000000
vt 0.091575 0.000000
vt 0.411412 0.000000
vt 0.333871 0.000000
vt 0.333333 0.000000
vt 0.520066 0.000000
vt 0.552887 0.000000
vt 0.594853 0.000000
vt 0.332509 0.000000
vt 0.250000 0.000000
vt 0.687811 0.000000
vt 0.689706 0.000000
vt 0.113105 0.000000
vt 0.136779 0.000000
vt 0.872677 0.000000
vt 0.397897 0.000000
vt 0.157895 0.000000
vt 0.757526 0.000000
vt 0.160526 0.000000
vt 0.163158 0.000000
vt 0.701186 0.000000
vt 0.310099 0.000000
vt 0.644737 0.000000
vt 0.489474 0.000000
vt 0.618418 0.000000
vt 0.741640 0.000000
vt 0.141579 0.000000
vt 0.661712 0.000000
vt 0.583333 0.000000
vt 0.666667 0.000000
vt 0.166667 0.000000
vt 0.351230 0.000000
vt 0.545486 0.000000
vt 0.455929 0.000000
vt 0.000001 0.000000
vt 0.684486 0.000000
vt 0.634023 0.000000
vt 1.000002 0.000000
vt 0.685686 0.000000
vt 0.596421 0.000000
vt 0.497759 0.000000
vt 0.719016 0.000000
vt 0.704578 0.000000
vt 0.564598 0.000000
vt 0.578996 0.000000
vt 0.806122 0.000000
vt 0.801021 0.000000
vt 0.803571 0.000000
vt 0.258746 0.000000
vt 0.233528 0.000000
vt 0.237561 0.000000
vt 0.801020 0.000000
vt 0.983101 0.000000
vt 0.998791 0.000000
vt 0.280065 0.000000
vt 0.280140 0.000000
vt 0.308024 0.000000
vt 0.294321 0.000000
vt 0.280805 0.000000
vt 0.195505 0.000000
vt 0.183834 0.000000
vt 0.167506 0.000000
vt 0.502922 0.000000
vt 0.216562 0.000000
vt 0.837665 0.000000
vt 0.808674 0.000000
vt 0.693679 0.000000
vt 0.749376 0.000000
vt 0.899490 0.000000
vt 0.903005 0.000000
vt 0.854416 0.000000
vt 0.219064 0.000000
vt 0.606322 0.000000
vt 0.252018 0.000000
vt 0.067604 0.000000
vt 0.087708 0.000000
vt 0.113442 0.000000
vt 0.383474 0.000000
vt 0.365978 0.000000
vt 0.356279 0.000000
vt 0.739862 0.000000
vt 0.501805 0.000000
vt 0.460736 0.000000
vt 0.443912 0.000000
vt 0.451994 0.000000
vt 0.331663 0.000000
vt 0.327275 0.000000
vt 0.244014 0.000000
vt 0.276497 0.000000
vt 0.781854 0.000000
vt 0.756022 0.000000
vt 0.414413 0.000000
vt 0.408936 0.000000
vt 0.499536 0.000000
vt 0.938776 0.000000
vt 0.308941 0.000000
vt 0.585034 0.000000
vt 0.607342 0.000000
vt 0.244897 0.000000
vt 0.252551 0.000000
vt 0.255102 0.000000
vt 0.091698 0.000000
vt 0.744578 0.000000
vt 0.001853 0.000000
vt 0.577507 0.000000
vt 0.538204 0.000000
vt 0.154676 0.000000
vt 0.606309 0.000000
vt 0.642580 0.000000
vt 0.659091 0.000000
vt 0.636924 0.000000
vt 0.553815 0.000000
vt 0.514814 0.000000
vt 0.547200 0.000000
vt 1.000056 0.000000
vt 0.454436 0.000000
vt 0.363450 0.000000
vt 0.909102 0.000000
vt 0.477273 0.000000
vt 0.863636 0.000000
vt 0.863574 0.000000
vt 0.936654 0.000000
vt 0.546729 0.000000
vt 0.607029 0.000000
vt 0.795455 0.000000
vt 0.181694 0.000000
vt 0.263079 0.000000
vt 0.415096 0.000000
vt 0.772727 0.000000
vt 0.569644 0.000000
vt 0.818194 0.000000
vt 0.636825 0.000000
vt 0.272534 0.000000
vt 0.728253 0.000000
vt 0.776990 0.000000
vt 0.585734 0.000000
vt 0.658930 0.000000
vt 0.466958 0.000000
vt 0.897465 0.000000
vt 0.811411 0.000000
vt 0.533058 0.000000
vt 0.749178 0.000000
vt 0.202504 0.000000
vt 0.140785 0.000000
vt 0.246764 0.000000
vt 0.967120 0.000000
vt 0.997934 0.000000
vt 0.997934 0.000000
vt 0.853627 0.000000
vt 0.874019 0.000000
vt 0.817288 0.000000
vt 0.163209 0.000000
vt 0.530416 0.000000
vt 0.911070 0.000000
vt 0.789118 0.000000
vt 0.811899 0.000000
vt 0.646660 0.000000
vt 0.659628 0.000000
vt 0.664663 0.000000
vt 0.360189 0.000000
vt 0.352943 0.000000
vt 0.769480 0.000000
vt 0.307603 0.000000
vt 0.426316 0.000000
vt 0.723052 0.000000
vt 0.315789 0.000000
vt 0.491242 0.000000
vt 0.372106 0.000000
vt 0.666670 0.000000
vt 0.063148 0.000000
vt 0.058148 0.000000
vt 0.999888 0.000000
vt 0.490485 0.000000
vt 0.409473 0.000000
vt 0.334322 0.000000
vt 0.666718 0.000000
vt 0.553640 0.000000
vt 0.581633 0.000000
vt 0.642857 0.000000
vt 0.808739 0.000000
vt 0.551020 0.000000
vt 0.939825 0.000000
vt 0.976244 0.000000
vt 0.090809 0.000000
vt 0.049397 0.000000
vt 0.000000 0.000000
vt 0.265306 0.000000
vt 0.305700 0.000000
vt 0.260524 0.000000
vt 0.865239 0.000000
vt 0.269391 0.000000
vt 0.321718 0.000000
vt 0.255125 0.000000
vt 0.947044 0.000000
vt 0.366602 0.000000
vt 0.712671 0.000000
vt 0.999905 0.000000
vt 0.502117 0.000000
vt 0.274314 0.000000
vt 0.332557 0.000000
vt 0.222425 0.000000
vt 0.206389 0.000000
vt 0.244924 0.000000
vt 0.532845 0.000000
vt 0.451528 0.000000
vt 0.607549 0.000000
vt 0.999997 0.000000
vt 0.191897 0.000000
vt 0.164685 0.000000
vt 0.487981 0.000000
vt 0.443396 0.000000
vt 0.452347 0.000000
vt 0.119367 0.000000
vt 0.090795 0.000000
vt -0.000127 0.000000
vt 0.497376 0.000000
vt 0.250294 0.000000
vt 0.749875 0.000000
vt 0.316978 0.000000
vt 0.575758 0.000000
vt 0.486214 0.000000
vt 0.486816 0.000000
vt 0.595689 0.000000
vt 0.546837 0.000000
vt 0.934883 0.000000
vt 0.698631 0.000000
vt 0.497887 0.000000
vt 0.495068 0.000000
vt 0.707141 0.000000
vt 0.694486 0.000000
vt 0.032624 0.000000
vt 0.457731 0.000000
vt 0.488442 0.000000
vt 0.138253 0.000000
vt 0.421066 0.000000
vt 0.385246 0.000000
vt 0.011764 0.000000
vt 0.163028 0.000000
vt 0.239558 0.000000
vt 0.120549 0.000000
vt 0.619871 0.000000
vt 0.265267 0.000000
vt 0.319649 0.000000
vt 0.084225 0.000000
vt 0.223700 0.000000
vt 0.088693 0.000000
vt 0.036558 0.000000
vt 0.057895 0.000000
vt 0.673077 0.000000
vt 0.403519 0.000000
vt 0.196371 0.000000
vt 0.268413 0.000000
vt 0.254671 0.000000
vt 0.594336 0.000000
vt 0.589474 0.000000
vt 0.979201 0.000000
vt 0.626765 0.000000
vt 0.897368 0.000000
vt 0.916295 0.000000
vt 0.900000 0.000000
vt 0.557492 0.000000
vt 0.609758 0.000000
vt 0.342130 0.000000
vt 0.789801 0.000000
vt 0.876214 0.000000
vt 0.925364 0.000000
vt 0.947888 0.000000
vt 0.000055 0.000000
vt 0.412933 0.000000
vt 0.789431 0.000000
vt 0.119925 0.000000
vt 0.134167 0.000000
vt 0.795458 0.000000
vt 0.717574 0.000000
vt 0.272223 0.000000
vt 0.742411 0.000000
vt 0.000308 0.000000
vt 0.251713 0.000000
vt 0.135367 0.000000
vt 0.664120 0.000000
vt 0.698920 0.000000
vt 0.573036 0.000000
vt 0.340848 0.000000
vt 0.363458 0.000000
vt 0.459204 0.000000
vt 0.058036 0.000000
vt 0.117061 0.000000
vt 0.181818 0.000000
vt 0.227273 0.000000
vt 0.293741 0.000000
vt 0.448673 0.000000
vt 0.840257 0.000000
vt 0.553532 0.000000
vt 0.499960 0.000000
vt 0.755295 0.000000
vt 0.427809 0.000000
vt 0.251242 0.000000
vt 0.481305 0.000000
vt 0.142032 0.000000
vt 0.060526 0.000000
vt 0.951957 0.000000
vt 1.029321 0.000000
vt 0.238051 0.000000
vt 0.278816 0.000000
vt 0.547760 0.000000
vt 0.473837 0.000000
vt 0.533144 0.000000
vt 0.690059 0.000000
vt 0.393760 0.000000
vt 0.485150 0.000000
vt 0.504257 0.000000
vt 0.000001 0.000000
vt 0.393066 0.000000
vt 0.333338 0.000000
vt 0.630061 0.000000
vt 0.667257 0.000000
vt 0.405863 0.000000
vt 0.741671 0.000000
vt 0.538516 0.000000
vt 0.333348 0.000000
vt 0.521879 0.000000
vt 0.653532 0.000000
vt 0.698258 0.000000
vt 0.540268 0.000000
vt 0.794321 0.000000
vt 0.537522 0.000000
vt 0.322985 0.000000
vt 0.877901 0.000000
vt 0.818182 0.000000
vt 0.794907 0.000000
vt 0.370017 0.000000
vt 0.474596 0.000000
vt 0.877551 0.000000
s 0
usemtl Material
f 211/1/1 24/2/1 25/3/1 214/4/1
f 122/5/2 126/6/2 125/7/2
f 125/7/3 127/8/3 124/9/3
f 126/6/4 128/10/4 125/7/4
f 191/11/5 194/12/5 100/13/5 99/14/5
f 292/15/6 373/16/6 377/7/6 374/5/6
f 291/17/7 374/5/7 378/6/7 375/18/7
f 246/19/8 247/20/8 250/21/8 249/22/8
f 84/23/9 189/24/9 188/25/9 83/26/9
f 382/27/6 385/28/6 389/29/6 386/30/6
f 129/31/10 16/32/10 94/33/10
f 128/10/11 94/33/11 93/34/11 505/35/11 508/36/11
f 403/37/12 406/38/12 407/39/12 404/40/12
f 144/41/13 81/42/13 82/43/13 147/44/13
f 202/45/14 520/46/14 205/47/14
f 80/48/15 124/9/15 81/42/15
f 131/49/16 133/28/16 130/27/16
f 186/50/17 187/51/17 78/52/17 79/53/17
f 322/54/18 323/55/18 406/38/18 403/37/18
f 134/30/19 138/56/19 137/29/19
f 304/57/6 261/58/6 293/59/6 309/60/6
f 56/61/20 130/27/20 57/60/20
f 227/62/21 228/63/21 231/64/21 230/65/21
f 55/66/22 26/67/22 132/68/22
f 380/10/23 345/34/23 460/69/23 346/33/23
f 135/70/24 28/71/24 138/56/24
f 138/56/25 3/72/25 38/73/25
f 218/74/26 523/75/26 524/76/26 96/77/26
f 437/78/27 439/51/27 356/79/27 357/80/27
f 43/81/28 40/15/28 7/82/28
f 108/83/29 109/84/29 226/85/29 225/86/29
f 290/73/30 375/18/30 339/87/30 338/88/30
f 139/89/31 143/90/31 142/91/31
f 358/92/32 425/93/32 283/94/32 269/95/32
f 142/91/33 146/96/33 145/97/33
f 144/41/34 146/96/34 143/90/34
f 263/98/6 335/26/6 391/89/6 315/99/6
f 315/99/6 391/89/6 392/100/6 314/101/6
f 500/102/6 365/103/6 366/104/6 501/22/6
f 36/105/35 158/106/35 160/107/35 157/108/35
f 393/109/6 396/41/6 333/42/6 332/48/6
f 396/41/36 399/44/36 334/43/36 333/42/36
f 147/44/37 14/110/37 519/111/37 522/112/37
f 398/96/38 342/113/38 343/114/38 399/44/38
f 397/97/39 341/115/39 342/113/39 398/96/39
f 73/116/40 200/117/40 203/118/40 74/119/40
f 84/23/41 145/97/41 85/120/41
f 83/26/42 142/91/42 84/23/42
f 400/121/43 403/37/43 404/40/43 401/122/43
f 177/123/44 77/124/44 11/98/44 98/125/44
f 152/40/45 154/38/45 151/37/45
f 481/126/46 484/127/46 353/128/46 354/129/46
f 10/130/47 119/131/47 236/132/47 60/133/47
f 312/133/48 400/121/48 401/122/48 311/134/48
f 59/134/49 150/135/49 149/122/49
f 61/136/50 7/82/50 80/48/50 141/109/50
f 150/135/51 51/137/51 153/138/51
f 288/105/52 410/106/52 411/139/52 287/140/52
f 318/141/6 261/58/6 408/142/6 407/39/6
f 155/39/53 66/141/53 67/143/53
f 155/39/54 68/144/54 154/38/54
f 165/145/55 49/146/55 8/147/55 55/66/55
f 70/54/56 154/38/56 71/55/56
f 69/148/57 151/37/57 70/54/57
f 23/149/58 24/2/58 208/69/58 94/33/58
f 359/150/59 476/151/59 477/86/59 360/83/59
f 160/107/60 164/152/60 163/153/60
f 352/13/61 423/154/61 356/79/61 270/155/61
f 258/156/62 302/157/62 409/108/62 289/158/62
f 36/105/63 157/108/63 37/158/63
f 35/140/64 158/106/64 36/105/64
f 35/140/65 248/102/65 113/103/65 2/159/65
f 248/102/66 249/22/66 114/104/66 113/103/66
f 414/160/67 417/145/67 301/146/67 300/104/67
f 417/145/68 307/66/68 260/147/68 301/146/68
f 468/161/69 469/162/69 326/119/69 325/116/69
f 416/152/70 308/61/70 384/68/70 307/66/70
f 160/107/71 52/57/71 51/137/71
f 50/157/72 160/107/72 51/137/72
f 421/163/73 422/164/73 420/165/73 419/166/73
f 420/165/74 360/83/74 361/84/74 418/167/74
f 108/83/75 170/164/75 168/165/75
f 321/148/76 322/54/76 403/37/76 400/121/76
f 170/164/77 54/168/77 169/163/77
f 6/156/78 37/158/78 157/108/78 50/157/78
f 427/169/79 428/170/79 425/93/79 424/171/79
f 429/123/6 430/172/6 427/169/6 426/173/6
f 430/172/6 431/174/6 428/170/6 427/169/6
f 386/30/80 389/29/80 290/73/80 390/56/80
f 497/106/81 500/102/81 501/22/81 498/19/81
f 152/40/82 153/138/82 156/142/82 155/39/82
f 404/40/83 407/39/83 408/142/83 405/138/83
f 425/93/84 428/170/84 282/175/84 283/94/84
f 428/170/6 431/174/6 281/176/6 282/175/6
f 194/12/85 112/177/85 18/155/85 100/13/85
f 306/168/86 305/178/86 422/164/86 421/163/86
f 422/164/87 359/150/87 360/83/87 420/165/87
f 243/179/88 244/153/88 247/20/88 246/19/88
f 99/14/89 177/123/89 98/125/89
f 200/117/90 201/180/90 204/181/90 203/118/90
f 432/182/91 435/183/91 436/184/91 433/185/91
f 173/93/92 31/94/92 30/175/92 176/170/92
f 184/184/93 187/51/93 186/50/93
f 173/93/94 176/170/94 175/169/94 172/171/94
f 96/77/95 524/76/95 525/186/95 193/187/95
f 53/178/96 182/188/96 181/185/96 54/168/96
f 74/119/97 203/118/97 32/189/97 12/190/97
f 187/51/98 18/155/98 78/52/98
f 438/50/99 331/53/99 330/52/99 439/51/99
f 189/24/100 191/11/100 188/25/100
f 444/191/101 445/187/101 442/192/101 441/24/101
f 204/181/102 205/47/102 34/193/102 33/194/102
f 415/153/103 309/60/103 383/49/103 308/61/103
f 83/26/104 98/125/104 11/98/104
f 27/195/105 28/71/105 135/70/105 132/68/105
f 441/24/106 442/192/106 337/120/106 336/23/106
f 442/192/107 349/196/107 267/197/107 337/120/107
f 445/187/108 348/77/108 349/196/108 442/192/108
f 374/5/109 377/7/109 381/31/109 378/6/109
f 342/113/110 450/198/110 451/199/110 343/114/110
f 391/89/6 394/91/6 395/90/6 392/100/6
f 145/97/111 146/96/111 90/113/111 89/115/111
f 270/155/112 364/177/112 446/12/112 352/13/112
f 352/13/113 446/12/113 443/11/113 351/14/113
f 405/138/114 408/142/114 304/57/114 303/137/114
f 449/200/115 452/117/115 453/180/115 450/198/115
f 447/201/116 448/202/116 445/187/116 444/191/116
f 452/117/117 455/118/117 456/181/117 453/180/117
f 386/30/118 387/70/118 383/49/118 382/27/118
f 469/162/119 317/203/119 264/190/119 326/119/119
f 341/115/120 449/200/120 450/198/120 342/113/120
f 399/44/121 343/114/121 266/110/121 334/43/121
f 225/86/122 226/85/122 229/126/122 228/63/122
f 127/8/123 128/10/123 508/36/123 510/204/123
f 433/185/124 434/188/124 305/178/124 306/168/124
f 205/47/125 5/205/125 34/193/125
f 482/65/126 323/55/126 322/54/126 483/64/126
f 436/184/127 438/50/127 439/51/127 437/78/127
f 345/34/6 459/206/6 463/1/6 460/69/6
f 325/116/128 326/119/128 455/118/128 452/117/128
f 324/207/129 325/116/129 452/117/129 449/200/129
f 402/135/130 405/138/130 303/137/130 302/157/130
f 333/42/131 334/43/131 379/8/131 376/9/131
f 217/162/132 216/161/132 74/119/132 12/190/132
f 332/48/6 333/42/6 376/9/6 373/16/6
f 457/47/133 298/208/133 454/45/133 453/180/133
f 163/153/134 164/152/134 56/61/134 57/60/134
f 463/1/6 466/4/6 253/209/6 277/3/6
f 346/33/6 460/69/6 276/2/6 275/149/6
f 80/48/135 121/16/135 125/7/135 124/9/135
f 214/4/104 1/209/104 22/210/104
f 213/211/136 22/210/136 21/212/136
f 212/213/137 21/212/137 20/214/137
f 46/208/138 20/214/138 5/205/138
f 297/215/139 298/208/139 272/214/139 464/213/139
f 296/216/140 297/215/140 464/213/140 461/217/140
f 65/203/141 64/218/141 220/219/141 217/162/141
f 107/150/142 108/83/142 225/86/142 224/151/142
f 287/140/6 254/159/6 365/103/6 500/102/6
f 220/219/143 222/220/143 219/221/143
f 364/177/144 363/222/144 447/201/144 446/12/144
f 164/152/145 165/145/145 55/66/145 56/61/145
f 74/119/146 216/161/146 73/116/146
f 351/14/147 443/11/147 440/25/147 350/125/147
f 472/219/148 316/218/148 317/203/148 469/162/148
f 289/158/149 409/108/149 410/106/149 288/105/149
f 267/197/150 324/207/150 449/200/150 341/115/150
f 225/86/151 227/62/151 224/151/151
f 477/86/152 480/63/152 481/126/152 478/85/152
f 423/154/153 424/171/153 357/80/153 356/79/153
f 480/63/154 483/64/154 484/127/154 481/126/154
f 440/25/155 441/24/155 336/23/155 335/26/155
f 375/18/156 378/6/156 340/223/156 339/87/156
f 360/83/157 477/86/157 478/85/157 361/84/157
f 361/84/158 478/85/158 355/224/158 271/225/158
f 478/85/159 481/126/159 354/129/159 355/224/159
f 251/226/160 252/227/160 101/128/160 102/129/160
f 437/78/161 357/80/161 358/92/161 434/188/161
f 232/127/162 70/54/162 231/64/162
f 230/65/163 70/54/163 71/55/163
f 282/175/6 281/176/6 482/65/6 479/62/6
f 385/28/6 388/228/6 291/17/6 389/29/6
f 302/157/164 303/137/164 412/107/164 409/108/164
f 175/169/165 178/172/165 177/123/165 174/173/165
f 331/53/166 487/229/166 485/230/166 330/52/166
f 237/37/167 238/231/167 236/132/167
f 149/122/168 150/135/168 153/138/168 152/40/168
f 262/130/169 321/148/169 400/121/169 312/133/169
f 119/131/170 237/37/170 236/132/170
f 162/160/171 48/104/171 49/146/171 165/145/171
f 426/173/172 427/169/172 424/171/172 423/154/172
f 458/232/173 461/217/173 465/211/173 462/233/173
f 236/132/174 59/134/174 60/133/174
f 243/179/175 245/106/175 242/108/175
f 329/124/176 328/234/176 430/172/176 429/123/176
f 245/106/177 249/22/177 248/102/177
f 390/56/178 290/73/178 338/88/178 255/72/178
f 86/88/179 87/87/179 123/18/179 38/73/179
f 59/134/180 58/235/180 50/157/180 150/135/180
f 85/120/181 190/192/181 189/24/181 84/23/181
f 485/230/182 486/236/182 363/222/182 364/177/182
f 307/66/183 384/68/183 279/195/183 278/67/183
f 104/79/184 171/154/184 100/13/184 18/155/184
f 436/184/185 437/78/185 434/188/185 433/185/185
f 387/70/186 390/56/186 255/72/186 280/71/186
f 101/128/187 10/130/187 69/148/187 232/127/187
f 483/64/188 322/54/188 321/148/188 484/127/188
f 426/173/189 423/154/189 351/14/189 350/125/189
f 199/199/190 521/237/190 520/46/190 202/45/190
f 109/84/191 108/83/191 168/165/191 166/167/191
f 381/31/6 346/33/6 275/149/6 268/32/6
f 439/51/192 330/52/192 270/155/192 356/79/192
f 39/17/193 122/5/193 40/15/193 136/228/193
f 38/73/194 123/18/194 39/17/194 137/29/194
f 378/6/6 381/31/6 268/32/6 340/223/6
f 389/29/195 291/17/195 375/18/195 290/73/195
f 310/235/196 402/135/196 302/157/196 258/156/196
f 228/63/197 229/126/197 232/127/197 231/64/197
f 380/10/198 346/33/198 381/31/198
f 379/8/199 345/34/199 380/10/199
f 334/43/200 344/238/200 379/8/200
f 81/42/201 124/9/201 127/8/201 82/43/201
f 233/230/202 235/229/202 79/53/202 78/52/202
f 451/199/203 454/45/203 297/215/203 296/216/203
f 148/121/204 149/122/204 152/40/204 151/37/204
f 294/239/205 295/81/205 292/15/205 388/228/205
f 386/30/206 390/56/206 387/70/206
f 281/176/207 265/240/207 320/144/207 323/55/207
f 308/61/208 383/49/208 387/70/208 384/68/208
f 335/26/209 336/23/209 397/97/209 394/91/209
f 307/66/210 278/67/210 260/147/210
f 461/217/211 464/213/211 273/212/211 465/211/211
f 311/134/212 310/235/212 492/241/212 490/231/212
f 53/178/213 54/168/213 170/164/213 107/150/213
f 153/138/214 51/137/214 52/57/214 156/142/214
f 137/29/215 39/17/215 136/228/215 133/28/215
f 395/90/216 398/96/216 399/44/216 396/41/216
f 294/239/217 388/228/217 385/28/217
f 293/59/6 385/28/6 382/27/6
f 89/115/218 90/113/218 198/198/218 197/200/218
f 347/242/219 473/243/219 470/74/219 348/77/219
f 123/18/220 126/6/220 122/5/220 39/17/220
f 328/234/221 327/244/221 431/174/221 430/172/221
f 471/221/222 472/219/222 469/162/222 468/161/222
f 11/98/104 63/99/104 139/89/104 83/26/104
f 314/101/223 393/109/223 313/136/223
f 313/136/224 332/48/224 292/15/224 259/82/224
f 91/114/225 522/112/225 521/237/225 199/199/225
f 174/173/226 177/123/226 99/14/226 100/13/226
f 197/200/227 198/198/227 201/180/227 200/117/227
f 431/174/228 327/244/228 265/240/228 281/176/228
f 85/120/229 145/97/229 89/115/229 15/197/229
f 413/245/230 416/152/230 417/145/230 414/160/230
f 335/26/6 394/91/6 391/89/6
f 176/170/231 179/174/231 178/172/231 175/169/231
f 238/231/232 239/246/232 241/247/232 240/241/232
f 388/228/6 292/15/6 374/5/6 291/17/6
f 394/91/233 397/97/233 398/96/233 395/90/233
f 262/130/234 312/133/234 488/132/234 371/131/234
f 312/133/235 311/134/235 490/231/235 488/132/235
f 490/231/236 492/241/236 493/247/236 491/246/236
f 310/235/237 258/156/237 368/248/237 492/241/237
f 240/241/238 241/247/238 117/249/238 116/248/238
f 479/62/239 482/65/239 483/64/239 480/63/239
f 408/142/6 261/58/6 304/57/6
f 319/143/6 318/141/6 407/39/6 406/38/6
f 63/99/104 62/101/104 140/100/104 139/89/104
f 323/55/240 320/144/240 406/38/240
f 226/85/241 103/224/241 102/129/241 229/126/241
f 217/162/242 220/219/242 219/221/242 216/161/242
f 236/132/243 238/231/243 58/235/243 59/134/243
f 158/106/244 159/139/244 162/160/244 161/245/244
f 412/107/245 416/152/245 413/245/245
f 161/245/246 162/160/246 165/145/246 164/152/246
f 258/156/247 289/158/247 494/108/247 368/248/247
f 289/158/248 288/105/248 497/106/248 494/108/248
f 288/105/249 287/140/249 500/102/249 497/106/249
f 35/140/250 2/159/250 47/103/250 159/139/250
f 159/139/251 47/103/251 48/104/251 162/160/251
f 501/22/6 366/104/6 367/146/6 502/21/6
f 473/243/252 474/220/252 471/221/252 470/74/252
f 416/152/253 307/66/253 417/145/253
f 415/153/254 308/61/254 416/152/254
f 304/57/6 309/60/6 415/153/6
f 176/170/255 30/175/255 29/176/255 179/174/255
f 116/248/256 117/249/256 243/179/256 242/108/256
f 179/174/257 75/244/257 76/234/257 178/172/257
f 62/101/258 61/136/258 141/109/258 140/100/258
f 141/109/259 80/48/259 81/42/259 144/41/259
f 135/70/260 138/56/260 134/30/260 131/49/260
f 462/233/6 465/211/6 274/210/6 466/4/6
f 172/171/261 175/169/261 174/173/261 171/154/261
f 353/128/262 262/130/262 371/131/262 504/227/262
f 330/52/263 485/230/263 364/177/263 270/155/263
f 189/24/264 192/191/264 194/12/264 191/11/264
f 379/8/265 344/238/265 459/206/265 345/34/265
f 105/80/266 172/171/266 171/154/266 104/79/266
f 106/92/267 173/93/267 172/171/267 105/80/267
f 106/92/268 17/95/268 31/94/268 173/93/268
f 10/130/269 60/133/269 148/121/269 69/148/269
f 495/179/270 496/153/270 369/249/270 368/248/270
f 363/222/6 362/250/6 448/202/6 447/201/6
f 82/43/271 127/8/271 510/204/271 509/251/271
f 168/165/272 170/164/272 169/163/272 167/166/272
f 97/196/273 96/77/273 193/187/273 190/192/273
f 30/175/274 227/62/274 230/65/274 29/176/274
f 351/14/275 423/154/275 352/13/275
f 384/68/276 387/70/276 280/71/276 279/195/276
f 182/188/277 185/78/277 184/184/277 181/185/277
f 459/206/6 462/233/6 466/4/6 463/1/6
f 136/228/278 40/15/278 43/81/278 42/239/278
f 17/95/279 106/92/279 182/188/279 53/178/279
f 106/92/280 105/80/280 185/78/280 182/188/280
f 203/118/281 204/181/281 33/194/281 32/189/281
f 303/137/282 304/57/282 415/153/282 412/107/282
f 178/172/283 76/234/283 77/124/283 177/123/283
f 443/11/284 441/24/284 440/25/284
f 446/12/285 447/201/285 444/191/285 443/11/285
f 266/110/286 296/216/286 461/217/286 458/232/286
f 117/249/287 118/252/287 244/153/287 243/179/287
f 401/122/288 404/40/288 405/138/288 402/135/288
f 40/15/289 121/16/289 80/48/289 7/82/289
f 448/202/290 347/242/290 348/77/290 445/187/290
f 326/119/291 264/190/291 284/189/291 455/118/291
f 350/125/6 335/26/6 263/98/6 429/123/6
f 95/242/292 4/253/292 110/250/292 196/202/292
f 196/202/293 110/250/293 111/222/293 195/201/293
f 195/201/294 111/222/294 112/177/294 194/12/294
f 467/254/295 468/161/295 325/116/295 324/207/295
f 209/217/296 212/213/296 45/215/296 44/216/296
f 188/25/297 191/11/297 99/14/297 98/125/297
f 15/197/298 97/196/298 190/192/298 85/120/298
f 198/198/299 199/199/299 202/45/299 201/180/299
f 286/193/300 257/205/300 457/47/300 456/181/300
f 257/205/301 272/214/301 298/208/301 457/47/301
f 15/197/302 89/115/302 197/200/302 72/207/302
f 337/120/303 267/197/303 341/115/303 397/97/303
f 90/113/304 91/114/304 199/199/304 198/198/304
f 334/43/305 266/110/305 458/232/305 344/238/305
f 93/34/306 94/33/306 208/69/306 207/206/306
f 454/45/307 298/208/307 297/215/307
f 201/180/308 202/45/308 205/47/308 204/181/308
f 212/213/309 20/214/309 46/208/309 45/215/309
f 450/198/310 453/180/310 454/45/310 451/199/310
f 460/69/6 463/1/6 277/3/6 276/2/6
f 146/96/311 147/44/311 91/114/311 90/113/311
f 349/196/312 467/254/312 324/207/312 267/197/312
f 207/206/313 210/233/313 206/232/313 92/238/313
f 88/223/314 16/32/314 129/31/314 126/6/314
f 210/233/315 213/211/315 209/217/315 206/232/315
f 211/1/316 214/4/316 210/233/316 207/206/316
f 190/192/317 193/187/317 192/191/317 189/24/317
f 29/176/318 71/55/318 68/144/318 13/240/318
f 184/184/319 185/78/319 104/79/319 187/51/319
f 193/187/320 525/186/320 192/191/320
f 344/238/6 458/232/6 462/233/6 459/206/6
f 362/250/321 256/253/321 347/242/321 448/202/321
f 207/206/322 208/69/322 24/2/322 211/1/322
f 214/4/323 22/210/323 213/211/323 210/233/323
f 213/211/324 21/212/324 212/213/324 209/217/324
f 285/194/325 286/193/325 456/181/325 455/118/325
f 343/114/326 451/199/326 296/216/326 266/110/326
f 206/232/327 209/217/327 44/216/327 14/110/327
f 216/161/328 219/221/328 218/74/328 215/254/328
f 470/74/329 471/221/329 468/161/329 467/254/329
f 52/57/330 57/60/330 41/59/330 9/58/330
f 392/100/6 395/90/6 396/41/6 393/109/6
f 72/207/331 215/254/331 97/196/331 15/197/331
f 73/116/332 216/161/332 215/254/332 72/207/332
f 348/77/333 470/74/333 467/254/333 349/196/333
f 72/207/334 197/200/334 200/117/334 73/116/334
f 179/174/335 29/176/335 13/240/335 75/244/335
f 122/5/336 125/7/336 121/16/336 40/15/336
f 215/254/337 218/74/337 96/77/337 97/196/337
f 476/151/338 480/63/338 477/86/338
f 140/100/339 141/109/339 144/41/339 143/90/339
f 56/61/340 55/66/340 132/68/340 131/49/340
f 492/241/341 368/248/341 369/249/341 493/247/341
f 17/95/342 107/150/342 224/151/342 31/94/342
f 269/95/343 283/94/343 476/151/343 359/150/343
f 434/188/344 358/92/344 269/95/344 305/178/344
f 488/132/345 490/231/345 491/246/345 489/37/345
f 60/133/346 59/134/346 149/122/346 148/121/346
f 503/226/347 354/129/347 353/128/347 504/227/347
f 36/105/348 245/106/348 248/102/348 35/140/348
f 283/94/349 282/175/349 479/62/349 476/151/349
f 376/9/350 379/8/350 380/10/350 377/7/350
f 281/176/6 323/55/6 482/65/6
f 155/39/351 156/142/351 9/58/351 66/141/351
f 31/94/352 224/151/352 227/62/352 30/175/352
f 112/177/353 233/230/353 78/52/353 18/155/353
f 111/222/354 234/236/354 233/230/354 112/177/354
f 305/178/355 269/95/355 359/150/355 422/164/355
f 219/221/356 222/220/356 526/255/356 523/75/356
f 41/59/357 130/27/357 133/28/357 42/239/357
f 424/171/358 425/93/358 358/92/358 357/80/358
f 488/132/359 372/54/359 371/131/359
f 87/87/360 88/223/360 126/6/360 123/18/360
f 58/235/361 240/241/361 116/248/361 6/156/361
f 311/134/362 401/122/362 402/135/362 310/235/362
f 109/84/363 19/225/363 103/224/363 226/85/363
f 409/108/364 412/107/364 413/245/364 410/106/364
f 498/19/365 496/153/365 495/179/365
f 410/106/366 413/245/366 414/160/366 411/139/366
f 498/19/367 502/21/367 499/20/367
f 6/156/368 116/248/368 242/108/368 37/158/368
f 494/108/369 497/106/369 498/19/369 495/179/369
f 369/249/370 496/153/370 370/252/370
f 249/22/371 250/21/371 115/146/371 114/104/371
f 411/139/372 414/160/372 300/104/372 299/103/372
f 287/140/373 411/139/373 299/103/373 254/159/373
f 180/182/374 181/185/374 184/184/374 183/183/374
f 37/158/375 242/108/375 245/106/375 36/105/375
f 321/148/376 262/130/376 353/128/376 484/127/376
f 229/126/377 102/129/377 101/128/377 232/127/377
f 32/189/378 33/194/378 285/194/378 284/189/378
f 63/99/379 315/99/379 314/101/379 62/101/379
f 370/252/380 118/252/380 117/249/380 369/249/380
f 24/2/381 276/2/381 277/3/381 25/3/381
f 66/141/382 318/141/382 319/143/382 67/143/382
f 33/194/383 34/193/383 286/193/383 285/194/383
f 9/58/384 41/59/384 293/59/384 261/58/384
f 1/209/385 277/3/385 253/209/385
f 491/246/386 239/246/386 237/37/386 489/37/386
f 421/163/387 169/163/387 54/168/387 306/168/387
f 436/184/388 184/184/388 186/50/388 438/50/388
f 22/210/389 274/210/389 273/212/389 21/212/389
f 113/103/390 365/103/390 254/159/390 2/159/390
f 419/166/391 167/166/391 169/163/391 421/163/391
f 355/224/392 103/224/392 19/225/392 271/225/392
f 475/256/393 223/256/393 220/219/393 472/219/393
f 61/136/394 313/136/394 259/82/394 7/82/394
f 41/59/395 294/239/395 293/59/395
f 1/209/396 253/209/396 274/210/396 22/210/396
f 43/81/397 259/82/397 295/81/397
f 32/189/398 284/189/398 264/190/398 12/190/398
f 2/159/399 254/159/399 299/103/399 47/103/399
f 86/88/400 338/88/400 339/87/400 87/87/400
f 438/50/401 186/50/401 79/53/401 331/53/401
f 75/244/402 13/240/402 265/240/402 327/244/402
f 61/136/403 314/101/403 313/136/403
f 433/185/404 181/185/404 180/182/404 432/182/404
f 42/239/405 43/81/405 295/81/405 294/239/405
f 48/104/406 300/104/406 301/146/406 49/146/406
f 48/104/407 47/103/407 299/103/407 300/104/407
f 473/243/408 347/242/408 95/242/408 221/243/408
f 331/53/409 79/53/409 235/229/409 487/229/409
f 68/144/410 319/143/410 320/144/410
f 119/131/411 10/130/411 101/128/411 252/227/411
f 75/244/412 327/244/412 328/234/412 76/234/412
f 76/234/413 328/234/413 329/124/413 77/124/413
f 68/144/414 320/144/414 265/240/414 13/240/414
f 11/98/415 329/124/415 263/98/415
f 3/72/416 338/88/416 86/88/416
f 493/247/417 241/247/417 239/246/417 491/246/417
f 65/203/418 317/203/418 316/218/418 64/218/418
f 12/190/419 264/190/419 317/203/419 65/203/419
f 114/104/420 366/104/420 365/103/420 113/103/420
f 362/250/421 110/250/421 4/253/421 256/253/421
f 88/223/422 340/223/422 268/32/422 16/32/422
f 504/227/423 252/227/423 251/226/423 503/226/423
f 20/214/424 272/214/424 257/205/424 5/205/424
f 115/146/425 367/146/425 366/104/425 114/104/425
f 420/165/426 418/167/426 166/167/426 168/165/426
f 11/98/427 263/98/427 315/99/427 63/99/427
f 27/195/428 279/195/428 280/71/428 28/71/428
f 420/165/429 168/165/429 167/166/429 419/166/429
f 418/167/430 361/84/430 109/84/430 166/167/430
f 435/183/388 432/182/388 180/182/388 183/183/388
f 474/220/431 222/220/431 223/256/431 475/256/431
f 354/129/392 102/129/392 103/224/392 355/224/392
f 9/58/432 261/58/432 318/141/432 66/141/432
f 435/183/433 183/183/433 184/184/433 436/184/433
f 306/168/434 54/168/434 181/185/434 433/185/434
f 27/195/435 26/67/435 278/67/435 279/195/435
f 485/230/436 487/229/436 235/229/436 233/230/436
f 486/236/437 234/236/437 111/222/437 363/222/437
f 472/219/438 220/219/438 64/218/438 316/218/438
f 23/149/439 275/149/439 276/2/439 24/2/439
f 271/225/440 19/225/440 109/84/440 361/84/440
f 26/67/441 8/147/441 260/147/441 278/67/441
f 363/222/442 111/222/442 110/250/442 362/250/442
f 16/32/443 268/32/443 275/149/443 23/149/443
f 21/212/444 273/212/444 272/214/444 20/214/444
f 354/129/445 503/226/445 251/226/445 102/129/445
f 474/220/446 473/243/446 221/243/446 222/220/446
f 256/253/447 4/253/447 95/242/447 347/242/447
f 34/193/448 5/205/448 257/205/448 286/193/448
f 371/131/449 252/227/449 504/227/449
f 371/131/450 120/54/450 119/131/450
f 489/37/451 120/54/451 372/54/451
f 49/146/452 301/146/452 260/147/452 8/147/452
f 485/230/453 233/230/453 234/236/453 486/236/453
f 87/87/454 339/87/454 340/223/454 88/223/454
f 369/249/455 117/249/455 241/247/455 493/247/455
f 28/71/456 280/71/456 255/72/456 3/72/456
f 499/20/457 244/153/457 496/153/457
f 499/20/458 250/21/458 247/20/458
f 496/153/459 244/153/459 118/252/459 370/252/459
f 125/7/460 128/10/460 127/8/460
f 126/6/461 129/31/461 128/10/461
f 38/73/462 3/72/462 86/88/462
f 128/10/463 129/31/463 94/33/463
f 131/49/464 134/30/464 133/28/464
f 131/49/465 132/68/465 135/70/465
f 133/28/466 134/30/466 137/29/466
f 57/60/467 130/27/467 41/59/467
f 56/61/468 131/49/468 130/27/468
f 55/66/469 8/147/469 26/67/469
f 132/68/470 26/67/470 27/195/470
f 138/56/471 28/71/471 3/72/471
f 137/29/472 138/56/472 38/73/472
f 42/239/473 133/28/473 136/228/473
f 139/89/104 140/100/104 143/90/104
f 142/91/474 143/90/474 146/96/474
f 144/41/475 147/44/475 146/96/475
f 147/44/476 82/43/476 509/251/476 506/257/476 14/110/476
f 84/23/477 142/91/477 145/97/477
f 83/26/478 139/89/478 142/91/478
f 152/40/479 155/39/479 154/38/479
f 58/235/480 6/156/480 50/157/480
f 150/135/481 50/157/481 51/137/481
f 156/142/482 52/57/482 9/58/482
f 155/39/483 67/143/483 68/144/483
f 71/55/484 154/38/484 68/144/484
f 70/54/485 151/37/485 154/38/485
f 69/148/486 148/121/486 151/37/486
f 158/106/487 161/245/487 160/107/487
f 160/107/488 161/245/488 164/152/488
f 35/140/489 159/139/489 158/106/489
f 52/57/490 163/153/490 57/60/490
f 160/107/491 163/153/491 52/57/491
f 50/157/492 157/108/492 160/107/492
f 108/83/493 107/150/493 170/164/493
f 107/150/494 17/95/494 53/178/494
f 100/13/495 171/154/495 174/173/495
f 185/78/496 105/80/496 104/79/496
f 187/51/497 104/79/497 18/155/497
f 192/191/498 195/201/498 194/12/498
f 83/26/104 188/25/104 98/125/104
f 205/47/499 46/208/499 5/205/499
f 14/110/500 92/238/500 206/232/500
f 92/238/501 93/34/501 207/206/501
f 94/33/502 16/32/502 23/149/502
f 214/4/503 25/3/503 1/209/503
f 220/219/504 223/256/504 222/220/504
f 12/190/505 65/203/505 217/162/505
f 225/86/506 228/63/506 227/62/506
f 232/127/507 69/148/507 70/54/507
f 230/65/508 231/64/508 70/54/508
f 29/176/509 230/65/509 71/55/509
f 237/37/510 239/246/510 238/231/510
f 119/131/511 120/54/511 237/37/511
f 238/231/512 240/241/512 58/235/512
f 243/179/513 246/19/513 245/106/513
f 245/106/514 246/19/514 249/22/514
f 373/16/6 376/9/6 377/7/6
f 377/7/515 380/10/515 381/31/515
f 332/48/6 373/16/6 292/15/6
f 293/59/6 382/27/6 309/60/6
f 309/60/516 382/27/516 383/49/516
f 295/81/517 259/82/517 292/15/517
f 293/59/518 294/239/518 385/28/518
f 314/101/6 392/100/6 393/109/6
f 313/136/519 393/109/519 332/48/519
f 336/23/520 337/120/520 397/97/520
f 406/38/521 320/144/521 319/143/521
f 474/220/522 475/256/522 472/219/522 471/221/522
f 412/107/523 415/153/523 416/152/523
f 263/98/524 329/124/524 429/123/524
f 350/125/6 429/123/6 426/173/6
f 443/11/525 444/191/525 441/24/525
f 350/125/6 440/25/6 335/26/6
f 453/180/526 456/181/526 457/47/526
f 455/118/527 284/189/527 285/194/527
f 466/4/6 274/210/6 253/209/6
f 465/211/528 273/212/528 274/210/528
f 464/213/529 272/214/529 273/212/529
f 476/151/530 479/62/530 480/63/530
f 488/132/531 489/37/531 372/54/531
f 498/19/532 499/20/532 496/153/532
f 498/19/533 501/22/533 502/21/533
f 368/248/534 494/108/534 495/179/534
f 1/209/385 25/3/385 277/3/385
f 41/59/395 42/239/395 294/239/395
f 43/81/535 7/82/535 259/82/535
f 61/136/536 62/101/536 314/101/536
f 68/144/537 67/143/537 319/143/537
f 11/98/538 77/124/538 329/124/538
f 3/72/416 255/72/416 338/88/416
f 371/131/449 119/131/449 252/227/449
f 371/131/450 372/54/450 120/54/450
f 489/37/451 237/37/451 120/54/451
f 499/20/539 247/20/539 244/153/539
f 499/20/458 502/21/458 250/21/458
f 367/146/540 115/146/540 250/21/540 502/21/540
f 516/204/541 515/36/541 513/35/541 514/258/541
f 507/258/542 505/35/542 93/34/542 92/238/542
f 506/257/543 507/258/543 92/238/543 14/110/543
f 509/251/544 510/204/544 516/204/544 511/251/544
f 507/258/545 506/257/545 512/257/545 514/258/545
f 511/251/546 516/204/546 514/258/546 512/257/546
f 508/36/547 505/35/547 513/35/547 515/36/547
f 505/35/548 507/258/548 514/258/548 513/35/548
f 506/257/549 509/251/549 511/251/549 512/257/549
f 510/204/550 508/36/550 515/36/550 516/204/550
f 528/259/551 527/260/551 518/261/551 519/111/551
f 518/261/552 519/111/552 14/110/552 44/216/552
f 517/262/553 518/261/553 44/216/553 45/215/553
f 528/259/554 527/260/554 95/242/554 196/202/554
f 527/260/555 526/255/555 221/243/555 95/242/555
f 527/260/556 526/255/556 517/262/556 518/261/556
f 526/255/557 523/75/557 520/46/557 517/262/557
f 523/75/558 524/76/558 521/237/558 520/46/558
f 524/76/559 525/186/559 522/112/559 521/237/559
f 525/186/560 528/259/560 519/111/560 522/112/560
f 46/208/561 517/262/561 45/215/561
f 192/191/562 525/186/562 528/259/562 195/201/562
f 195/201/563 528/259/563 196/202/563
f 526/255/564 222/220/564 221/243/564
f 523/75/565 218/74/565 219/221/565
f 522/112/566 91/114/566 147/44/566
f 205/47/567 520/46/567 517/262/567 46/208/567
f 1231/1/1096 1234/4/1096 1045/3/1096 1044/2/1096
f 1142/5/1097 1145/7/1097 1146/6/1097
f 1145/7/1098 1144/9/1098 1147/8/1098
f 1146/6/1099 1145/7/1099 1148/10/1099
f 1211/11/1100 1119/14/1100 1120/13/1100 1214/12/1100
f 1312/15/1101 1394/5/1101 1397/7/1101 1393/16/1101
f 1311/17/1102 1395/18/1102 1398/6/1102 1394/5/1102
f 1266/19/1103 1269/22/1103 1270/21/1103 1267/20/1103
f 1104/23/1104 1103/26/1104 1208/25/1104 1209/24/1104
f 1402/27/1105 1406/30/1105 1409/29/1105 1405/28/1105
f 1149/31/1106 1114/33/1106 1036/32/1106
f 1148/10/1107 1528/36/1107 1525/35/1107 1113/34/1107 1114/33/1107
f 1423/37/1108 1424/40/1108 1427/39/1108 1426/38/1108
f 1164/41/1109 1167/44/1109 1102/43/1109 1101/42/1109
f 1222/45/1110 1225/47/1110 1540/46/1110
f 1100/48/1111 1101/42/1111 1144/9/1111
f 1151/49/1112 1150/27/1112 1153/28/1112
f 1206/50/1113 1099/53/1113 1098/52/1113 1207/51/1113
f 1342/54/1114 1423/37/1114 1426/38/1114 1343/55/1114
f 1154/30/1115 1157/29/1115 1158/56/1115
f 1324/57/1116 1329/60/1116 1313/59/1116 1281/58/1116
f 1076/61/1117 1077/60/1117 1150/27/1117
f 1247/62/1118 1250/65/1118 1251/64/1118 1248/63/1118
f 1075/66/1119 1152/68/1119 1046/67/1119
f 1400/10/1120 1366/33/1120 1480/69/1120 1365/34/1120
f 1155/70/1121 1158/56/1121 1048/71/1121
f 1158/56/1122 1058/73/1122 1023/72/1122
f 1238/74/1123 1116/77/1123 1544/76/1123 1543/75/1123
f 1457/78/1124 1377/80/1124 1376/79/1124 1459/51/1124
f 1063/81/1125 1027/82/1125 1060/15/1125
f 1128/83/1126 1245/86/1126 1246/85/1126 1129/84/1126
f 1310/73/1127 1358/88/1127 1359/87/1127 1395/18/1127
f 1159/89/1128 1162/91/1128 1163/90/1128
f 1378/92/1129 1289/95/1129 1303/94/1129 1445/93/1129
f 1162/91/1130 1165/97/1130 1166/96/1130
f 1164/41/1131 1163/90/1131 1166/96/1131
f 1283/98/1132 1335/99/1132 1411/89/1132 1355/26/1132
f 1335/99/1133 1334/101/1133 1412/100/1133 1411/89/1133
f 1520/102/1134 1521/22/1134 1386/104/1134 1385/103/1134
f 1056/105/1135 1177/108/1135 1180/107/1135 1178/106/1135
f 1413/109/1136 1352/48/1136 1353/42/1136 1416/41/1136
f 1416/41/1137 1353/42/1137 1354/43/1137 1419/44/1137
f 1167/44/1138 1542/112/1138 1539/111/1138 1034/110/1138
f 1418/96/1139 1419/44/1139 1363/114/1139 1362/113/1139
f 1417/97/1140 1418/96/1140 1362/113/1140 1361/115/1140
f 1093/116/1141 1094/119/1141 1223/118/1141 1220/117/1141
f 1104/23/1142 1105/120/1142 1165/97/1142
f 1103/26/1143 1104/23/1143 1162/91/1143
f 1420/121/1144 1421/122/1144 1424/40/1144 1423/37/1144
f 1197/123/1145 1118/125/1145 1031/98/1145 1097/124/1145
f 1172/40/1146 1171/37/1146 1174/38/1146
f 1501/126/1147 1374/129/1147 1373/128/1147 1504/127/1147
f 1030/130/1148 1080/133/1148 1256/132/1148 1139/131/1148
f 1332/133/1149 1331/134/1149 1421/122/1149 1420/121/1149
f 1079/134/1150 1169/122/1150 1170/135/1150
f 1081/136/1151 1161/109/1151 1100/48/1151 1027/82/1151
f 1170/135/1152 1173/138/1152 1071/137/1152
f 1308/105/1153 1307/140/1153 1431/139/1153 1430/106/1153
f 1338/141/1154 1427/39/1154 1428/142/1154 1281/58/1154
f 1175/39/1155 1087/143/1155 1086/141/1155
f 1175/39/1156 1174/38/1156 1088/144/1156
f 1185/145/1157 1075/66/1157 1028/147/1157 1069/146/1157
f 1090/54/1158 1091/55/1158 1174/38/1158
f 1089/148/1159 1090/54/1159 1171/37/1159
f 1043/149/1160 1114/33/1160 1228/69/1160 1044/2/1160
f 1379/150/1161 1380/83/1161 1497/86/1161 1496/151/1161
f 1180/107/1162 1183/153/1162 1184/152/1162
f 1372/13/1163 1290/155/1163 1376/79/1163 1443/154/1163
f 1278/156/1164 1309/158/1164 1429/108/1164 1322/157/1164
f 1056/105/1165 1057/158/1165 1177/108/1165
f 1055/140/1166 1056/105/1166 1178/106/1166
f 1055/140/1167 1022/159/1167 1133/103/1167 1268/102/1167
f 1268/102/1168 1133/103/1168 1134/104/1168 1269/22/1168
f 1434/160/1169 1320/104/1169 1321/146/1169 1437/145/1169
f 1437/145/1170 1321/146/1170 1280/147/1170 1327/66/1170
f 1488/161/1171 1345/116/1171 1346/119/1171 1489/162/1171
f 1436/152/1172 1327/66/1172 1404/68/1172 1328/61/1172
f 1180/107/1173 1071/137/1173 1072/57/1173
f 1070/157/1174 1071/137/1174 1180/107/1174
f 1441/163/1175 1439/166/1175 1440/165/1175 1442/164/1175
f 1440/165/1176 1438/167/1176 1381/84/1176 1380/83/1176
f 1128/83/1177 1188/165/1177 1190/164/1177
f 1341/148/1178 1420/121/1178 1423/37/1178 1342/54/1178
f 1190/164/1179 1189/163/1179 1074/168/1179
f 1026/156/1180 1070/157/1180 1177/108/1180 1057/158/1180
f 1447/169/1181 1444/171/1181 1445/93/1181 1448/170/1181
f 1449/123/1182 1446/173/1182 1447/169/1182 1450/172/1182
f 1450/172/104 1447/169/104 1448/170/104 1451/174/104
f 1406/30/1183 1410/56/1183 1310/73/1183 1409/29/1183
f 1517/106/1184 1518/19/1184 1521/22/1184 1520/102/1184
f 1172/40/1185 1175/39/1185 1176/142/1185 1173/138/1185
f 1424/40/1186 1425/138/1186 1428/142/1186 1427/39/1186
f 1445/93/1187 1303/94/1187 1302/175/1187 1448/170/1187
f 1448/170/1188 1302/175/1188 1301/176/1188 1451/174/1188
f 1214/12/1189 1120/13/1189 1038/155/1189 1132/177/1189
f 1326/168/1190 1441/163/1190 1442/164/1190 1325/178/1190
f 1442/164/1191 1440/165/1191 1380/83/1191 1379/150/1191
f 1263/179/1192 1266/19/1192 1267/20/1192 1264/153/1192
f 1119/14/1193 1118/125/1193 1197/123/1193
f 1220/117/1194 1223/118/1194 1224/181/1194 1221/180/1194
f 1452/182/1195 1453/185/1195 1456/184/1195 1455/183/1195
f 1193/93/1196 1196/170/1196 1050/175/1196 1051/94/1196
f 1204/184/1197 1206/50/1197 1207/51/1197
f 1193/93/1198 1192/171/1198 1195/169/1198 1196/170/1198
f 1116/77/1199 1213/187/1199 1545/186/1199 1544/76/1199
f 1073/178/1200 1074/168/1200 1201/185/1200 1202/188/1200
f 1094/119/1201 1032/190/1201 1052/189/1201 1223/118/1201
f 1207/51/1202 1098/52/1202 1038/155/1202
f 1458/50/1203 1459/51/1203 1350/52/1203 1351/53/1203
f 1209/24/1204 1208/25/1204 1211/11/1204
f 1464/191/1205 1461/24/1205 1462/192/1205 1465/187/1205
f 1224/181/1206 1053/194/1206 1054/193/1206 1225/47/1206
f 1435/153/1207 1328/61/1207 1403/49/1207 1329/60/1207
f 1103/26/1208 1031/98/1208 1118/125/1208
f 1047/195/1209 1152/68/1209 1155/70/1209 1048/71/1209
f 1461/24/1210 1356/23/1210 1357/120/1210 1462/192/1210
f 1462/192/1211 1357/120/1211 1287/197/1211 1369/196/1211
f 1465/187/1212 1462/192/1212 1369/196/1212 1368/77/1212
f 1394/5/1213 1398/6/1213 1401/31/1213 1397/7/1213
f 1362/113/1214 1363/114/1214 1471/199/1214 1470/198/1214
f 1411/89/1215 1412/100/1215 1415/90/1215 1414/91/1215
f 1165/97/1216 1109/115/1216 1110/113/1216 1166/96/1216
f 1290/155/1217 1372/13/1217 1466/12/1217 1384/177/1217
f 1372/13/1218 1371/14/1218 1463/11/1218 1466/12/1218
f 1425/138/1219 1323/137/1219 1324/57/1219 1428/142/1219
f 1469/200/1220 1470/198/1220 1473/180/1220 1472/117/1220
f 1467/201/638 1464/191/638 1465/187/638 1468/202/638
f 1472/117/1221 1473/180/1221 1476/181/1221 1475/118/1221
f 1406/30/1222 1402/27/1222 1403/49/1222 1407/70/1222
f 1489/162/1223 1346/119/1223 1284/190/1223 1337/203/1223
f 1361/115/1224 1362/113/1224 1470/198/1224 1469/200/1224
f 1419/44/1225 1354/43/1225 1286/110/1225 1363/114/1225
f 1245/86/1226 1248/63/1226 1249/126/1226 1246/85/1226
f 1147/8/1227 1530/204/1227 1528/36/1227 1148/10/1227
f 1453/185/1228 1326/168/1228 1325/178/1228 1454/188/1228
f 1225/47/1229 1054/193/1229 1025/205/1229
f 1502/65/1230 1503/64/1230 1342/54/1230 1343/55/1230
f 1456/184/1231 1457/78/1231 1459/51/1231 1458/50/1231
f 1365/34/104 1480/69/104 1483/1/104 1479/206/104
f 1345/116/1232 1472/117/1232 1475/118/1232 1346/119/1232
f 1344/207/1233 1469/200/1233 1472/117/1233 1345/116/1233
f 1422/135/1234 1322/157/1234 1323/137/1234 1425/138/1234
f 1353/42/1235 1396/9/1235 1399/8/1235 1354/43/1235
f 1237/162/1236 1032/190/1236 1094/119/1236 1236/161/1236
f 1352/48/1237 1393/16/1237 1396/9/1237 1353/42/1237
f 1477/47/1238 1473/180/1238 1474/45/1238 1318/208/1238
f 1183/153/1239 1077/60/1239 1076/61/1239 1184/152/1239
f 1483/1/1240 1297/3/1240 1273/209/1240 1486/4/1240
f 1366/33/1241 1295/149/1241 1296/2/1241 1480/69/1241
f 1100/48/1242 1144/9/1242 1145/7/1242 1141/16/1242
f 1234/4/1243 1042/210/1243 1021/209/1243
f 1233/211/1244 1041/212/1244 1042/210/1244
f 1232/213/1245 1040/214/1245 1041/212/1245
f 1066/208/1246 1025/205/1246 1040/214/1246
f 1317/215/1247 1484/213/1247 1292/214/1247 1318/208/1247
f 1316/216/1248 1481/217/1248 1484/213/1248 1317/215/1248
f 1085/203/1249 1237/162/1249 1240/219/1249 1084/218/1249
f 1127/150/1250 1244/151/1250 1245/86/1250 1128/83/1250
f 1307/140/1251 1520/102/1251 1385/103/1251 1274/159/1251
f 1240/219/1252 1239/221/1252 1242/220/1252
f 1384/177/1253 1466/12/1253 1467/201/1253 1383/222/1253
f 1184/152/1254 1076/61/1254 1075/66/1254 1185/145/1254
f 1094/119/1255 1093/116/1255 1236/161/1255
f 1371/14/1256 1370/125/1256 1460/25/1256 1463/11/1256
f 1492/219/1257 1489/162/1257 1337/203/1257 1336/218/1257
f 1309/158/1258 1308/105/1258 1430/106/1258 1429/108/1258
f 1287/197/1259 1361/115/1259 1469/200/1259 1344/207/1259
f 1245/86/1260 1244/151/1260 1247/62/1260
f 1497/86/1261 1498/85/1261 1501/126/1261 1500/63/1261
f 1443/154/1262 1376/79/1262 1377/80/1262 1444/171/1262
f 1500/63/1263 1501/126/1263 1504/127/1263 1503/64/1263
f 1460/25/1264 1355/26/1264 1356/23/1264 1461/24/1264
f 1395/18/1265 1359/87/1265 1360/223/1265 1398/6/1265
f 1380/83/1266 1381/84/1266 1498/85/1266 1497/86/1266
f 1381/84/1267 1291/225/1267 1375/224/1267 1498/85/1267
f 1498/85/1268 1375/224/1268 1374/129/1268 1501/126/1268
f 1271/226/1269 1122/129/1269 1121/128/1269 1272/227/1269
f 1457/78/1270 1454/188/1270 1378/92/1270 1377/80/1270
f 1252/127/1271 1251/64/1271 1090/54/1271
f 1250/65/1272 1091/55/1272 1090/54/1272
f 1302/175/1273 1499/62/1273 1502/65/1273 1301/176/1273
f 1405/28/1274 1409/29/1274 1311/17/1274 1408/228/1274
f 1322/157/1275 1429/108/1275 1432/107/1275 1323/137/1275
f 1195/169/1276 1194/173/1276 1197/123/1276 1198/172/1276
f 1351/53/1277 1350/52/1277 1505/230/1277 1507/229/1277
f 1257/37/1278 1256/132/1278 1258/231/1278
f 1169/122/1279 1172/40/1279 1173/138/1279 1170/135/1279
f 1282/130/1280 1332/133/1280 1420/121/1280 1341/148/1280
f 1139/131/1281 1256/132/1281 1257/37/1281
f 1182/160/1282 1185/145/1282 1069/146/1282 1068/104/1282
f 1446/173/1283 1443/154/1283 1444/171/1283 1447/169/1283
f 1478/232/1284 1482/233/1284 1485/211/1284 1481/217/1284
f 1256/132/1285 1080/133/1285 1079/134/1285
f 1263/179/1286 1262/108/1286 1265/106/1286
f 1349/124/1287 1449/123/1287 1450/172/1287 1348/234/1287
f 1265/106/1288 1268/102/1288 1269/22/1288
f 1410/56/1289 1275/72/1289 1358/88/1289 1310/73/1289
f 1106/88/1290 1058/73/1290 1143/18/1290 1107/87/1290
f 1079/134/1291 1170/135/1291 1070/157/1291 1078/235/1291
f 1105/120/1292 1104/23/1292 1209/24/1292 1210/192/1292
f 1505/230/1293 1384/177/1293 1383/222/1293 1506/236/1293
f 1327/66/1294 1298/67/1294 1299/195/1294 1404/68/1294
f 1124/79/1295 1038/155/1295 1120/13/1295 1191/154/1295
f 1456/184/1296 1453/185/1296 1454/188/1296 1457/78/1296
f 1407/70/1297 1300/71/1297 1275/72/1297 1410/56/1297
f 1121/128/1298 1252/127/1298 1089/148/1298 1030/130/1298
f 1503/64/1299 1504/127/1299 1341/148/1299 1342/54/1299
f 1446/173/1300 1370/125/1300 1371/14/1300 1443/154/1300
f 1219/199/1301 1222/45/1301 1540/46/1301 1541/237/1301
f 1129/84/1302 1186/167/1302 1188/165/1302 1128/83/1302
f 1401/31/1303 1288/32/1303 1295/149/1303 1366/33/1303
f 1459/51/1304 1376/79/1304 1290/155/1304 1350/52/1304
f 1059/17/1305 1156/228/1305 1060/15/1305 1142/5/1305
f 1058/73/1306 1157/29/1306 1059/17/1306 1143/18/1306
f 1398/6/1307 1360/223/1307 1288/32/1307 1401/31/1307
f 1409/29/1308 1310/73/1308 1395/18/1308 1311/17/1308
f 1330/235/1309 1278/156/1309 1322/157/1309 1422/135/1309
f 1248/63/1310 1251/64/1310 1252/127/1310 1249/126/1310
f 1400/10/1311 1401/31/1311 1366/33/1311
f 1399/8/1312 1400/10/1312 1365/34/1312
f 1354/43/1313 1399/8/1313 1364/238/1313
f 1101/42/1314 1102/43/1314 1147/8/1314 1144/9/1314
f 1253/230/1315 1098/52/1315 1099/53/1315 1255/229/1315
f 1471/199/1316 1316/216/1316 1317/215/1316 1474/45/1316
f 1168/121/1317 1171/37/1317 1172/40/1317 1169/122/1317
f 1314/239/1318 1408/228/1318 1312/15/1318 1315/81/1318
f 1406/30/1319 1407/70/1319 1410/56/1319
f 1301/176/1320 1343/55/1320 1340/144/1320 1285/240/1320
f 1328/61/1321 1404/68/1321 1407/70/1321 1403/49/1321
f 1355/26/1322 1414/91/1322 1417/97/1322 1356/23/1322
f 1327/66/1323 1280/147/1323 1298/67/1323
f 1481/217/1324 1485/211/1324 1293/212/1324 1484/213/1324
f 1331/134/1325 1510/231/1325 1512/241/1325 1330/235/1325
f 1073/178/1326 1127/150/1326 1190/164/1326 1074/168/1326
f 1173/138/1327 1176/142/1327 1072/57/1327 1071/137/1327
f 1157/29/1328 1153/28/1328 1156/228/1328 1059/17/1328
f 1415/90/1329 1416/41/1329 1419/44/1329 1418/96/1329
f 1314/239/1330 1405/28/1330 1408/228/1330
f 1313/59/1331 1402/27/1331 1405/28/1331
f 1109/115/1332 1217/200/1332 1218/198/1332 1110/113/1332
f 1367/242/1333 1368/77/1333 1490/74/1333 1493/243/1333
f 1143/18/1334 1059/17/1334 1142/5/1334 1146/6/1334
f 1348/234/1335 1450/172/1335 1451/174/1335 1347/244/1335
f 1491/221/1336 1488/161/1336 1489/162/1336 1492/219/1336
f 1031/98/1337 1103/26/1337 1159/89/1337 1083/99/1337
f 1334/101/1338 1333/136/1338 1413/109/1338
f 1333/136/1339 1279/82/1339 1312/15/1339 1352/48/1339
f 1111/114/1340 1219/199/1340 1541/237/1340 1542/112/1340
f 1194/173/1341 1120/13/1341 1119/14/1341 1197/123/1341
f 1217/200/1342 1220/117/1342 1221/180/1342 1218/198/1342
f 1451/174/1343 1301/176/1343 1285/240/1343 1347/244/1343
f 1105/120/1344 1035/197/1344 1109/115/1344 1165/97/1344
f 1433/245/1345 1434/160/1345 1437/145/1345 1436/152/1345
f 1355/26/1346 1411/89/1346 1414/91/1346
f 1196/170/1347 1195/169/1347 1198/172/1347 1199/174/1347
f 1258/231/1348 1260/241/1348 1261/247/1348 1259/246/1348
f 1408/228/1349 1311/17/1349 1394/5/1349 1312/15/1349
f 1414/91/1350 1415/90/1350 1418/96/1350 1417/97/1350
f 1282/130/1351 1391/131/1351 1508/132/1351 1332/133/1351
f 1332/133/1352 1508/132/1352 1510/231/1352 1331/134/1352
f 1510/231/1353 1511/246/1353 1513/247/1353 1512/241/1353
f 1330/235/1354 1512/241/1354 1388/248/1354 1278/156/1354
f 1260/241/1355 1136/248/1355 1137/249/1355 1261/247/1355
f 1499/62/1356 1500/63/1356 1503/64/1356 1502/65/1356
f 1428/142/1357 1324/57/1357 1281/58/1357
f 1339/143/1358 1426/38/1358 1427/39/1358 1338/141/1358
f 1083/99/1359 1159/89/1359 1160/100/1359 1082/101/1359
f 1343/55/1360 1426/38/1360 1340/144/1360
f 1246/85/1361 1249/126/1361 1122/129/1361 1123/224/1361
f 1237/162/1362 1236/161/1362 1239/221/1362 1240/219/1362
f 1256/132/1363 1079/134/1363 1078/235/1363 1258/231/1363
f 1178/106/1364 1181/245/1364 1182/160/1364 1179/139/1364
f 1432/107/1365 1433/245/1365 1436/152/1365
f 1181/245/1366 1184/152/1366 1185/145/1366 1182/160/1366
f 1278/156/1367 1388/248/1367 1514/108/1367 1309/158/1367
f 1309/158/1368 1514/108/1368 1517/106/1368 1308/105/1368
f 1308/105/1369 1517/106/1369 1520/102/1369 1307/140/1369
f 1055/140/1370 1179/139/1370 1067/103/1370 1022/159/1370
f 1179/139/1371 1182/160/1371 1068/104/1371 1067/103/1371
f 1521/22/1372 1522/21/1372 1387/146/1372 1386/104/1372
f 1493/243/1373 1490/74/1373 1491/221/1373 1494/220/1373
f 1436/152/1374 1437/145/1374 1327/66/1374
f 1435/153/1375 1436/152/1375 1328/61/1375
f 1324/57/1376 1435/153/1376 1329/60/1376
f 1196/170/1377 1199/174/1377 1049/176/1377 1050/175/1377
f 1136/248/1378 1262/108/1378 1263/179/1378 1137/249/1378
f 1199/174/1379 1198/172/1379 1096/234/1379 1095/244/1379
f 1082/101/1380 1160/100/1380 1161/109/1380 1081/136/1380
f 1161/109/1381 1164/41/1381 1101/42/1381 1100/48/1381
f 1155/70/1382 1151/49/1382 1154/30/1382 1158/56/1382
f 1482/233/1383 1486/4/1383 1294/210/1383 1485/211/1383
f 1192/171/1384 1191/154/1384 1194/173/1384 1195/169/1384
f 1373/128/1385 1524/227/1385 1391/131/1385 1282/130/1385
f 1350/52/1386 1290/155/1386 1384/177/1386 1505/230/1386
f 1209/24/1387 1211/11/1387 1214/12/1387 1212/191/1387
f 1399/8/1388 1365/34/1388 1479/206/1388 1364/238/1388
f 1125/80/1389 1124/79/1389 1191/154/1389 1192/171/1389
f 1126/92/1390 1125/80/1390 1192/171/1390 1193/93/1390
f 1126/92/1391 1193/93/1391 1051/94/1391 1037/95/1391
f 1030/130/1392 1089/148/1392 1168/121/1392 1080/133/1392
f 1515/179/1393 1388/248/1393 1389/249/1393 1516/153/1393
f 1383/222/1394 1467/201/1394 1468/202/1394 1382/250/1394
f 1102/43/1395 1529/251/1395 1530/204/1395 1147/8/1395
f 1188/165/1396 1187/166/1396 1189/163/1396 1190/164/1396
f 1117/196/1397 1210/192/1397 1213/187/1397 1116/77/1397
f 1050/175/1398 1049/176/1398 1250/65/1398 1247/62/1398
f 1371/14/1399 1372/13/1399 1443/154/1399
f 1404/68/1400 1299/195/1400 1300/71/1400 1407/70/1400
f 1202/188/1401 1201/185/1401 1204/184/1401 1205/78/1401
f 1479/206/104 1483/1/104 1486/4/104 1482/233/104
f 1156/228/1402 1062/239/1402 1063/81/1402 1060/15/1402
f 1037/95/1403 1073/178/1403 1202/188/1403 1126/92/1403
f 1126/92/1404 1202/188/1404 1205/78/1404 1125/80/1404
f 1223/118/1405 1052/189/1405 1053/194/1405 1224/181/1405
f 1323/137/1406 1432/107/1406 1435/153/1406 1324/57/1406
f 1198/172/1407 1197/123/1407 1097/124/1407 1096/234/1407
f 1463/11/1408 1460/25/1408 1461/24/1408
f 1466/12/1409 1463/11/1409 1464/191/1409 1467/201/1409
f 1286/110/1410 1478/232/1410 1481/217/1410 1316/216/1410
f 1137/249/1411 1263/179/1411 1264/153/1411 1138/252/1411
f 1421/122/1412 1422/135/1412 1425/138/1412 1424/40/1412
f 1060/15/1413 1027/82/1413 1100/48/1413 1141/16/1413
f 1468/202/1414 1465/187/1414 1368/77/1414 1367/242/1414
f 1346/119/1415 1475/118/1415 1304/189/1415 1284/190/1415
f 1370/125/1416 1449/123/1416 1283/98/1416 1355/26/1416
f 1115/242/1417 1216/202/1417 1130/250/1417 1024/253/1417
f 1216/202/1418 1215/201/1418 1131/222/1418 1130/250/1418
f 1215/201/1419 1214/12/1419 1132/177/1419 1131/222/1419
f 1487/254/1420 1344/207/1420 1345/116/1420 1488/161/1420
f 1229/217/1421 1064/216/1421 1065/215/1421 1232/213/1421
f 1208/25/1422 1118/125/1422 1119/14/1422 1211/11/1422
f 1035/197/1423 1105/120/1423 1210/192/1423 1117/196/1423
f 1218/198/1424 1221/180/1424 1222/45/1424 1219/199/1424
f 1306/193/1425 1476/181/1425 1477/47/1425 1277/205/1425
f 1277/205/1426 1477/47/1426 1318/208/1426 1292/214/1426
f 1035/197/1427 1092/207/1427 1217/200/1427 1109/115/1427
f 1357/120/1428 1417/97/1428 1361/115/1428 1287/197/1428
f 1110/113/1429 1218/198/1429 1219/199/1429 1111/114/1429
f 1354/43/1430 1364/238/1430 1478/232/1430 1286/110/1430
f 1113/34/1431 1227/206/1431 1228/69/1431 1114/33/1431
f 1474/45/1432 1317/215/1432 1318/208/1432
f 1221/180/1433 1224/181/1433 1225/47/1433 1222/45/1433
f 1232/213/1434 1065/215/1434 1066/208/1434 1040/214/1434
f 1470/198/1435 1471/199/1435 1474/45/1435 1473/180/1435
f 1480/69/1436 1296/2/1436 1297/3/1436 1483/1/1436
f 1166/96/1437 1110/113/1437 1111/114/1437 1167/44/1437
f 1369/196/1438 1287/197/1438 1344/207/1438 1487/254/1438
f 1227/206/1439 1112/238/1439 1226/232/1439 1230/233/1439
f 1108/223/1440 1146/6/1440 1149/31/1440 1036/32/1440
f 1230/233/1441 1226/232/1441 1229/217/1441 1233/211/1441
f 1231/1/1442 1227/206/1442 1230/233/1442 1234/4/1442
f 1210/192/1443 1209/24/1443 1212/191/1443 1213/187/1443
f 1049/176/1444 1033/240/1444 1088/144/1444 1091/55/1444
f 1204/184/1445 1207/51/1445 1124/79/1445 1205/78/1445
f 1213/187/1446 1212/191/1446 1545/186/1446
f 1364/238/104 1479/206/104 1482/233/104 1478/232/104
f 1382/250/1447 1468/202/1447 1367/242/1447 1276/253/1447
f 1227/206/1448 1231/1/1448 1044/2/1448 1228/69/1448
f 1234/4/1449 1230/233/1449 1233/211/1449 1042/210/1449
f 1233/211/1450 1229/217/1450 1232/213/1450 1041/212/1450
f 1305/194/1451 1475/118/1451 1476/181/1451 1306/193/1451
f 1363/114/1452 1286/110/1452 1316/216/1452 1471/199/1452
f 1226/232/1453 1034/110/1453 1064/216/1453 1229/217/1453
f 1236/161/1454 1235/254/1454 1238/74/1454 1239/221/1454
f 1490/74/1455 1487/254/1455 1488/161/1455 1491/221/1455
f 1072/57/1456 1029/58/1456 1061/59/1456 1077/60/1456
f 1412/100/1457 1413/109/1457 1416/41/1457 1415/90/1457
f 1092/207/1458 1035/197/1458 1117/196/1458 1235/254/1458
f 1093/116/1459 1092/207/1459 1235/254/1459 1236/161/1459
f 1368/77/1460 1369/196/1460 1487/254/1460 1490/74/1460
f 1092/207/1461 1093/116/1461 1220/117/1461 1217/200/1461
f 1199/174/1462 1095/244/1462 1033/240/1462 1049/176/1462
f 1142/5/1463 1060/15/1463 1141/16/1463 1145/7/1463
f 1235/254/1464 1117/196/1464 1116/77/1464 1238/74/1464
f 1496/151/1465 1497/86/1465 1500/63/1465
f 1160/100/1466 1163/90/1466 1164/41/1466 1161/109/1466
f 1076/61/1467 1151/49/1467 1152/68/1467 1075/66/1467
f 1512/241/1468 1513/247/1468 1389/249/1468 1388/248/1468
f 1037/95/1469 1051/94/1469 1244/151/1469 1127/150/1469
f 1289/95/1470 1379/150/1470 1496/151/1470 1303/94/1470
f 1454/188/1471 1325/178/1471 1289/95/1471 1378/92/1471
f 1508/132/1472 1509/37/1472 1511/246/1472 1510/231/1472
f 1080/133/1473 1168/121/1473 1169/122/1473 1079/134/1473
f 1523/226/1474 1524/227/1474 1373/128/1474 1374/129/1474
f 1056/105/1475 1055/140/1475 1268/102/1475 1265/106/1475
f 1303/94/1476 1496/151/1476 1499/62/1476 1302/175/1476
f 1396/9/1477 1397/7/1477 1400/10/1477 1399/8/1477
f 1301/176/1478 1502/65/1478 1343/55/1478
f 1175/39/1479 1086/141/1479 1029/58/1479 1176/142/1479
f 1051/94/1480 1050/175/1480 1247/62/1480 1244/151/1480
f 1132/177/1481 1038/155/1481 1098/52/1481 1253/230/1481
f 1131/222/1482 1132/177/1482 1253/230/1482 1254/236/1482
f 1325/178/1483 1442/164/1483 1379/150/1483 1289/95/1483
f 1239/221/1484 1543/75/1484 1546/255/1484 1242/220/1484
f 1061/59/1485 1062/239/1485 1153/28/1485 1150/27/1485
f 1444/171/1486 1377/80/1486 1378/92/1486 1445/93/1486
f 1508/132/1487 1391/131/1487 1392/54/1487
f 1107/87/1488 1143/18/1488 1146/6/1488 1108/223/1488
f 1078/235/1489 1026/156/1489 1136/248/1489 1260/241/1489
f 1331/134/1490 1330/235/1490 1422/135/1490 1421/122/1490
f 1129/84/1491 1246/85/1491 1123/224/1491 1039/225/1491
f 1429/108/1492 1430/106/1492 1433/245/1492 1432/107/1492
f 1518/19/1493 1515/179/1493 1516/153/1493
f 1430/106/1494 1431/139/1494 1434/160/1494 1433/245/1494
f 1518/19/1495 1519/20/1495 1522/21/1495
f 1026/156/1496 1057/158/1496 1262/108/1496 1136/248/1496
f 1514/108/1497 1515/179/1497 1518/19/1497 1517/106/1497
f 1389/249/1498 1390/252/1498 1516/153/1498
f 1269/22/1499 1134/104/1499 1135/146/1499 1270/21/1499
f 1431/139/1500 1319/103/1500 1320/104/1500 1434/160/1500
f 1307/140/1501 1274/159/1501 1319/103/1501 1431/139/1501
f 1200/182/1502 1203/183/1502 1204/184/1502 1201/185/1502
f 1057/158/1503 1056/105/1503 1265/106/1503 1262/108/1503
f 1341/148/1504 1504/127/1504 1373/128/1504 1282/130/1504
f 1249/126/1505 1252/127/1505 1121/128/1505 1122/129/1505
f 1052/189/1506 1304/189/1506 1305/194/1506 1053/194/1506
f 1083/99/1507 1082/101/1507 1334/101/1507 1335/99/1507
f 1390/252/1508 1389/249/1508 1137/249/1508 1138/252/1508
f 1044/2/1509 1045/3/1509 1297/3/1509 1296/2/1509
f 1086/141/1510 1087/143/1510 1339/143/1510 1338/141/1510
f 1053/194/1511 1305/194/1511 1306/193/1511 1054/193/1511
f 1029/58/1512 1281/58/1512 1313/59/1512 1061/59/1512
f 1021/209/1513 1273/209/1513 1297/3/1513
f 1511/246/1514 1509/37/1514 1257/37/1514 1259/246/1514
f 1441/163/1515 1326/168/1515 1074/168/1515 1189/163/1515
f 1456/184/1516 1458/50/1516 1206/50/1516 1204/184/1516
f 1042/210/1517 1041/212/1517 1293/212/1517 1294/210/1517
f 1133/103/1518 1022/159/1518 1274/159/1518 1385/103/1518
f 1439/166/1519 1441/163/1519 1189/163/1519 1187/166/1519
f 1375/224/1520 1291/225/1520 1039/225/1520 1123/224/1520
f 1495/256/1521 1492/219/1521 1240/219/1521 1243/256/1521
f 1081/136/1522 1027/82/1522 1279/82/1522 1333/136/1522
f 1061/59/1523 1313/59/1523 1314/239/1523
f 1021/209/1524 1042/210/1524 1294/210/1524 1273/209/1524
f 1063/81/1525 1315/81/1525 1279/82/1525
f 1052/189/1526 1032/190/1526 1284/190/1526 1304/189/1526
f 1022/159/1527 1067/103/1527 1319/103/1527 1274/159/1527
f 1106/88/1528 1107/87/1528 1359/87/1528 1358/88/1528
f 1458/50/1529 1351/53/1529 1099/53/1529 1206/50/1529
f 1095/244/1530 1347/244/1530 1285/240/1530 1033/240/1530
f 1081/136/1531 1333/136/1531 1334/101/1531
f 1453/185/1532 1452/182/1532 1200/182/1532 1201/185/1532
f 1062/239/1533 1314/239/1533 1315/81/1533 1063/81/1533
f 1068/104/1534 1069/146/1534 1321/146/1534 1320/104/1534
f 1068/104/1535 1320/104/1535 1319/103/1535 1067/103/1535
f 1493/243/1536 1241/243/1536 1115/242/1536 1367/242/1536
f 1351/53/1537 1507/229/1537 1255/229/1537 1099/53/1537
f 1088/144/1538 1340/144/1538 1339/143/1538
f 1139/131/1539 1272/227/1539 1121/128/1539 1030/130/1539
f 1095/244/1540 1096/234/1540 1348/234/1540 1347/244/1540
f 1096/234/1541 1097/124/1541 1349/124/1541 1348/234/1541
f 1088/144/1542 1033/240/1542 1285/240/1542 1340/144/1542
f 1031/98/1543 1283/98/1543 1349/124/1543
f 1023/72/1544 1106/88/1544 1358/88/1544
f 1513/247/1545 1511/246/1545 1259/246/1545 1261/247/1545
f 1085/203/1546 1084/218/1546 1336/218/1546 1337/203/1546
f 1032/190/1547 1085/203/1547 1337/203/1547 1284/190/1547
f 1134/104/1548 1133/103/1548 1385/103/1548 1386/104/1548
f 1382/250/1549 1276/253/1549 1024/253/1549 1130/250/1549
f 1108/223/1550 1036/32/1550 1288/32/1550 1360/223/1550
f 1524/227/1551 1523/226/1551 1271/226/1551 1272/227/1551
f 1040/214/1552 1025/205/1552 1277/205/1552 1292/214/1552
f 1135/146/1553 1134/104/1553 1386/104/1553 1387/146/1553
f 1440/165/1554 1188/165/1554 1186/167/1554 1438/167/1554
f 1031/98/1555 1083/99/1555 1335/99/1555 1283/98/1555
f 1047/195/1556 1048/71/1556 1300/71/1556 1299/195/1556
f 1440/165/1557 1439/166/1557 1187/166/1557 1188/165/1557
f 1438/167/1558 1186/167/1558 1129/84/1558 1381/84/1558
f 1455/183/1559 1203/183/1559 1200/182/1559 1452/182/1559
f 1494/220/1560 1495/256/1560 1243/256/1560 1242/220/1560
f 1374/129/1561 1375/224/1561 1123/224/1561 1122/129/1561
f 1029/58/1562 1086/141/1562 1338/141/1562 1281/58/1562
f 1455/183/1563 1456/184/1563 1204/184/1563 1203/183/1563
f 1326/168/1564 1453/185/1564 1201/185/1564 1074/168/1564
f 1047/195/1565 1299/195/1565 1298/67/1565 1046/67/1565
f 1505/230/1566 1253/230/1566 1255/229/1566 1507/229/1566
f 1506/236/1567 1383/222/1567 1131/222/1567 1254/236/1567
f 1492/219/1568 1336/218/1568 1084/218/1568 1240/219/1568
f 1043/149/1569 1044/2/1569 1296/2/1569 1295/149/1569
f 1291/225/1570 1381/84/1570 1129/84/1570 1039/225/1570
f 1046/67/1571 1298/67/1571 1280/147/1571 1028/147/1571
f 1383/222/1572 1382/250/1572 1130/250/1572 1131/222/1572
f 1036/32/1573 1043/149/1573 1295/149/1573 1288/32/1573
f 1041/212/1574 1040/214/1574 1292/214/1574 1293/212/1574
f 1374/129/1575 1122/129/1575 1271/226/1575 1523/226/1575
f 1494/220/1576 1242/220/1576 1241/243/1576 1493/243/1576
f 1276/253/1577 1367/242/1577 1115/242/1577 1024/253/1577
f 1054/193/1578 1306/193/1578 1277/205/1578 1025/205/1578
f 1391/131/1579 1524/227/1579 1272/227/1579
f 1391/131/1580 1139/131/1580 1140/54/1580
f 1509/37/1581 1392/54/1581 1140/54/1581
f 1069/146/1582 1028/147/1582 1280/147/1582 1321/146/1582
f 1505/230/1583 1506/236/1583 1254/236/1583 1253/230/1583
f 1107/87/1584 1108/223/1584 1360/223/1584 1359/87/1584
f 1389/249/1585 1513/247/1585 1261/247/1585 1137/249/1585
f 1048/71/1586 1023/72/1586 1275/72/1586 1300/71/1586
f 1519/20/1587 1516/153/1587 1264/153/1587
f 1519/20/1588 1267/20/1588 1270/21/1588
f 1516/153/1589 1390/252/1589 1138/252/1589 1264/153/1589
f 1145/7/1590 1147/8/1590 1148/10/1590
f 1146/6/1591 1148/10/1591 1149/31/1591
f 1058/73/1592 1106/88/1592 1023/72/1592
f 1148/10/1593 1114/33/1593 1149/31/1593
f 1151/49/1594 1153/28/1594 1154/30/1594
f 1151/49/1595 1155/70/1595 1152/68/1595
f 1153/28/1596 1157/29/1596 1154/30/1596
f 1077/60/1597 1061/59/1597 1150/27/1597
f 1076/61/1598 1150/27/1598 1151/49/1598
f 1075/66/1599 1046/67/1599 1028/147/1599
f 1152/68/1600 1047/195/1600 1046/67/1600
f 1158/56/1601 1023/72/1601 1048/71/1601
f 1157/29/1602 1058/73/1602 1158/56/1602
f 1062/239/1603 1156/228/1603 1153/28/1603
f 1159/89/1604 1163/90/1604 1160/100/1604
f 1162/91/1605 1166/96/1605 1163/90/1605
f 1164/41/1606 1166/96/1606 1167/44/1606
f 1167/44/1607 1034/110/1607 1526/257/1607 1529/251/1607 1102/43/1607
f 1104/23/1608 1165/97/1608 1162/91/1608
f 1103/26/1609 1162/91/1609 1159/89/1609
f 1172/40/1610 1174/38/1610 1175/39/1610
f 1078/235/1611 1070/157/1611 1026/156/1611
f 1170/135/1612 1071/137/1612 1070/157/1612
f 1176/142/1613 1029/58/1613 1072/57/1613
f 1175/39/1614 1088/144/1614 1087/143/1614
f 1091/55/1615 1088/144/1615 1174/38/1615
f 1090/54/1616 1174/38/1616 1171/37/1616
f 1089/148/1617 1171/37/1617 1168/121/1617
f 1178/106/1618 1180/107/1618 1181/245/1618
f 1180/107/1619 1184/152/1619 1181/245/1619
f 1055/140/1620 1178/106/1620 1179/139/1620
f 1072/57/1621 1077/60/1621 1183/153/1621
f 1180/107/1622 1072/57/1622 1183/153/1622
f 1070/157/1623 1180/107/1623 1177/108/1623
f 1128/83/1624 1190/164/1624 1127/150/1624
f 1127/150/1625 1073/178/1625 1037/95/1625
f 1120/13/1626 1194/173/1626 1191/154/1626
f 1205/78/1627 1124/79/1627 1125/80/1627
f 1207/51/1628 1038/155/1628 1124/79/1628
f 1212/191/1629 1214/12/1629 1215/201/1629
f 1103/26/1630 1118/125/1630 1208/25/1630
f 1225/47/1631 1025/205/1631 1066/208/1631
f 1034/110/1632 1226/232/1632 1112/238/1632
f 1112/238/1633 1227/206/1633 1113/34/1633
f 1114/33/1634 1043/149/1634 1036/32/1634
f 1234/4/1635 1021/209/1635 1045/3/1635
f 1240/219/1636 1242/220/1636 1243/256/1636
f 1032/190/1637 1237/162/1637 1085/203/1637
f 1245/86/1638 1247/62/1638 1248/63/1638
f 1252/127/1639 1090/54/1639 1089/148/1639
f 1250/65/1640 1090/54/1640 1251/64/1640
f 1049/176/1641 1091/55/1641 1250/65/1641
f 1257/37/1642 1258/231/1642 1259/246/1642
f 1139/131/1643 1257/37/1643 1140/54/1643
f 1258/231/1644 1078/235/1644 1260/241/1644
f 1263/179/1645 1265/106/1645 1266/19/1645
f 1265/106/1646 1269/22/1646 1266/19/1646
f 1393/16/1647 1397/7/1647 1396/9/1647
f 1397/7/1648 1401/31/1648 1400/10/1648
f 1352/48/1649 1312/15/1649 1393/16/1649
f 1313/59/1650 1329/60/1650 1402/27/1650
f 1329/60/1651 1403/49/1651 1402/27/1651
f 1315/81/1652 1312/15/1652 1279/82/1652
f 1313/59/1653 1405/28/1653 1314/239/1653
f 1334/101/1654 1413/109/1654 1412/100/1654
f 1333/136/1655 1352/48/1655 1413/109/1655
f 1356/23/1656 1417/97/1656 1357/120/1656
f 1426/38/1657 1339/143/1657 1340/144/1657
f 1494/220/1658 1491/221/1658 1492/219/1658 1495/256/1658
f 1432/107/1659 1436/152/1659 1435/153/1659
f 1283/98/1660 1449/123/1660 1349/124/1660
f 1370/125/1661 1446/173/1661 1449/123/1661
f 1463/11/1662 1461/24/1662 1464/191/1662
f 1370/125/1663 1355/26/1663 1460/25/1663
f 1473/180/1664 1477/47/1664 1476/181/1664
f 1475/118/1665 1305/194/1665 1304/189/1665
f 1486/4/1666 1273/209/1666 1294/210/1666
f 1485/211/1667 1294/210/1667 1293/212/1667
f 1484/213/1668 1293/212/1668 1292/214/1668
f 1496/151/1669 1500/63/1669 1499/62/1669
f 1508/132/1670 1392/54/1670 1509/37/1670
f 1518/19/1671 1516/153/1671 1519/20/1671
f 1518/19/1672 1522/21/1672 1521/22/1672
f 1388/248/1673 1515/179/1673 1514/108/1673
f 1021/209/1674 1297/3/1674 1045/3/1674
f 1061/59/1675 1314/239/1675 1062/239/1675
f 1063/81/1676 1279/82/1676 1027/82/1676
f 1081/136/1677 1334/101/1677 1082/101/1677
f 1088/144/1678 1339/143/1678 1087/143/1678
f 1031/98/1679 1349/124/1679 1097/124/1679
f 1023/72/1680 1358/88/1680 1275/72/1680
f 1391/131/1681 1272/227/1681 1139/131/1681
f 1391/131/1682 1140/54/1682 1392/54/1682
f 1509/37/1683 1140/54/1683 1257/37/1683
f 1519/20/1684 1264/153/1684 1267/20/1684
f 1519/20/1685 1270/21/1685 1522/21/1685
f 1387/146/1686 1522/21/1686 1270/21/1686 1135/146/1686
f 1536/204/1687 1534/258/1687 1533/35/1687 1535/36/1687
f 1527/258/1688 1112/238/1688 1113/34/1688 1525/35/1688
f 1526/257/1689 1034/110/1689 1112/238/1689 1527/258/1689
f 1529/251/1690 1531/251/1690 1536/204/1690 1530/204/1690
f 1527/258/1691 1534/258/1691 1532/257/1691 1526/257/1691
f 1531/251/1692 1532/257/1692 1534/258/1692 1536/204/1692
f 1528/36/1693 1535/36/1693 1533/35/1693 1525/35/1693
f 1525/35/1694 1533/35/1694 1534/258/1694 1527/258/1694
f 1526/257/1695 1532/257/1695 1531/251/1695 1529/251/1695
f 1530/204/1696 1536/204/1696 1535/36/1696 1528/36/1696
f 1548/259/1697 1539/111/1697 1538/261/1697 1547/260/1697
f 1538/261/1698 1064/216/1698 1034/110/1698 1539/111/1698
f 1537/262/1699 1065/215/1699 1064/216/1699 1538/261/1699
f 1548/259/1700 1216/202/1700 1115/242/1700 1547/260/1700
f 1547/260/1701 1115/242/1701 1241/243/1701 1546/255/1701
f 1547/260/1702 1538/261/1702 1537/262/1702 1546/255/1702
f 1546/255/1703 1537/262/1703 1540/46/1703 1543/75/1703
f 1543/75/1704 1540/46/1704 1541/237/1704 1544/76/1704
f 1544/76/1705 1541/237/1705 1542/112/1705 1545/186/1705
f 1545/186/1706 1542/112/1706 1539/111/1706 1548/259/1706
f 1066/208/1707 1065/215/1707 1537/262/1707
f 1212/191/1708 1215/201/1708 1548/259/1708 1545/186/1708
f 1215/201/1709 1216/202/1709 1548/259/1709
f 1546/255/1710 1241/243/1710 1242/220/1710
f 1543/75/1711 1239/221/1711 1238/74/1711
f 1542/112/1712 1167/44/1712 1111/114/1712
f 1225/47/1713 1066/208/1713 1537/262/1713 1540/46/1713
usemtl 
f 556/263/104 906/264/104 533/265/104
f 532/266/104 533/265/104 906/264/104
f 532/266/104 906/264/104 531/267/104
f 930/268/392 654/269/392 759/268/392
f 833/270/568 830/271/568 760/272/568
f 653/273/6 826/274/6 825/275/6
f 761/276/6 827/277/6 826/274/6
f 829/278/6 761/276/6 828/270/6
f 643/279/569 774/280/569 646/281/569
f 777/282/104 768/283/104 766/284/104
f 773/285/104 763/286/104 661/287/104
f 770/288/104 764/289/104 661/287/104
f 778/290/104 764/289/104 771/291/104
f 764/289/104 778/290/104 661/287/104
f 778/290/104 775/292/104 773/285/104
f 776/293/104 778/290/104 774/280/104
f 911/294/104 779/295/104 559/296/104
f 530/297/104 561/298/104 560/299/104
f 560/299/104 561/298/104 559/296/104
f 782/300/6 1016/301/6 784/302/6
f 784/302/6 1015/303/6 782/300/6
f 790/304/6 1015/303/6 784/302/6
f 719/305/570 725/306/570 915/307/570
f 720/308/571 725/306/571 719/305/571
f 721/309/572 725/306/572 720/308/572
f 723/310/573 725/306/573 722/311/573
f 563/312/574 725/306/574 721/309/574
f 733/313/575 728/314/575 732/315/575
f 534/316/104 783/317/104 565/318/104
f 565/318/576 783/317/576 729/319/576
f 537/320/577 728/314/577 783/317/577
f 734/321/578 728/314/578 537/320/578
f 725/306/579 975/322/579 915/307/579
f 735/323/580 728/314/580 734/321/580
f 732/315/581 728/314/581 731/324/581
f 805/325/582 978/326/582 804/327/582
f 916/328/583 820/329/583 535/329/583
f 804/327/584 978/326/584 803/330/584
f 728/314/585 786/331/585 731/324/585
f 786/331/586 728/314/586 735/323/586
f 912/332/587 821/297/587 530/297/587
f 566/333/588 814/334/588 534/316/588
f 572/335/104 786/331/104 571/336/104
f 570/337/589 786/331/589 735/323/589
f 571/336/104 786/331/104 570/337/104
f 579/338/590 621/339/590 578/340/590
f 799/325/591 619/341/591 595/342/591
f 534/316/592 814/334/592 565/318/592
f 529/343/593 975/322/593 725/306/593
f 800/344/594 976/345/594 797/346/594
f 578/340/595 621/339/595 577/347/595
f 797/346/596 976/345/596 798/346/596
f 913/348/597 815/349/597 912/332/597
f 571/336/598 795/337/598 570/337/598
f 540/325/599 615/350/599 607/351/599
f 789/352/600 636/353/600 788/354/600
f 788/354/104 575/355/104 918/356/104
f 575/355/104 576/357/104 918/356/104
f 536/358/104 576/357/104 575/355/104
f 918/356/104 576/357/104 584/359/104
f 580/360/104 576/357/104 536/358/104
f 581/361/104 576/357/104 580/360/104
f 738/362/574 591/363/574 577/347/574
f 583/364/104 584/359/104 582/365/104
f 584/359/104 791/366/104 587/367/104
f 905/368/601 797/346/601 798/346/601
f 599/369/104 597/370/104 539/371/104
f 598/372/104 600/351/104 905/368/104
f 599/369/104 801/373/104 598/372/104
f 805/325/104 806/374/104 804/327/104
f 806/374/104 802/375/104 606/270/104
f 802/375/104 603/270/104 604/370/104
f 921/376/602 803/330/602 605/372/602
f 921/376/602 804/327/602 803/330/602
f 612/377/603 912/332/603 914/378/603
f 742/379/572 808/380/572 807/381/572
f 610/288/104 609/382/104 809/383/104
f 806/374/104 609/382/104 608/351/104
f 912/332/104 612/377/104 821/297/104
f 816/384/604 695/385/604 625/386/604
f 544/387/605 867/388/605 634/389/605
f 594/390/606 884/391/606 592/392/606
f 634/389/607 867/388/607 633/393/607
f 545/282/608 866/394/608 692/395/608
f 593/396/609 883/397/609 594/390/609
f 632/398/610 864/399/610 637/400/610
f 586/401/611 891/402/611 672/403/611
f 604/370/612 877/404/612 802/375/612
f 802/375/613 877/404/613 606/270/613
f 580/360/614 904/358/614 536/358/614
f 592/392/615 884/391/615 588/405/615
f 631/406/616 868/407/616 630/407/616
f 591/363/617 883/397/617 593/396/617
f 599/369/618 879/408/618 601/409/618
f 626/410/619 871/411/619 684/412/619
f 796/413/620 886/414/620 589/415/620
f 648/416/621 552/417/621 647/418/621
f 611/419/622 875/420/622 620/421/622
f 587/367/623 886/414/623 585/422/623
f 576/357/624 889/423/624 584/359/624
f 589/415/625 886/414/625 891/402/625
f 585/422/626 886/414/626 796/413/626
f 745/424/627 873/425/627 622/426/627
f 584/359/628 888/365/628 582/365/628
f 816/384/104 634/389/104 544/387/104
f 816/384/104 633/393/104 634/389/104
f 623/427/629 872/428/629 632/398/629
f 589/415/630 885/429/630 590/430/630
f 751/431/631 816/384/631 745/424/631
f 745/424/585 822/432/585 751/431/585
f 622/426/632 874/433/632 613/434/632
f 822/432/104 745/424/104 923/435/104
f 638/436/633 822/432/633 545/282/633
f 639/437/104 823/438/104 822/432/104
f 822/432/634 823/438/634 824/439/634
f 923/435/104 744/440/104 822/432/104
f 639/437/104 640/441/104 542/442/104
f 743/443/634 750/444/634 926/445/634
f 927/446/635 923/435/635 746/447/635
f 925/448/104 927/446/104 743/443/104
f 747/449/104 750/444/104 927/446/104
f 748/450/104 750/444/104 747/449/104
f 660/451/636 763/286/636 832/452/636
f 644/453/104 642/454/104 548/455/104
f 549/282/637 766/284/637 757/456/637
f 645/457/638 643/279/638 754/458/638
f 757/456/639 766/284/639 718/459/639
f 833/270/640 776/293/640 641/460/640
f 662/461/641 767/462/641 834/463/641
f 806/374/642 699/464/642 609/382/642
f 652/465/104 650/466/104 549/282/104
f 753/467/104 652/465/104 651/351/104
f 641/460/643 776/293/643 643/279/643
f 661/287/644 763/286/644 660/451/644
f 656/468/104 831/469/104 753/467/104
f 658/470/104 655/471/104 657/288/104
f 650/466/104 834/463/104 549/282/104
f 756/472/104 834/463/104 650/466/104
f 659/473/104 644/453/104 548/455/104
f 646/281/645 778/290/645 547/474/645
f 825/275/646 929/475/646 661/287/646 653/273/646
f 727/476/104 838/477/104 837/478/104
f 726/479/6 664/480/6 909/481/6
f 665/482/6 909/481/6 666/483/6
f 665/482/647 666/483/647 550/304/647
f 669/484/647 667/485/647 668/486/647
f 842/487/648 845/488/648 840/488/648
f 842/487/648 840/488/648 841/489/648
f 844/490/6 846/491/6 843/492/6
f 842/487/6 846/491/6 844/490/6
f 672/403/649 670/493/649 671/494/649
f 848/495/6 846/491/6 842/487/6
f 739/496/6 586/401/6 672/403/6
f 586/401/6 739/496/6 673/497/6
f 624/498/650 991/499/650 919/500/650
f 578/340/651 1018/501/651 1008/502/651
f 675/503/6 1007/504/6 586/401/6
f 676/505/652 674/506/652 551/507/652
f 1007/504/6 676/505/6 551/507/6
f 592/392/6 1007/504/6 594/390/6
f 594/390/6 1007/504/6 593/396/6
f 849/508/653 677/509/653 678/510/653
f 730/511/654 982/512/654 916/328/654
f 679/513/655 677/509/655 850/514/655
f 678/510/6 677/509/6 679/513/6
f 680/515/656 851/516/656 956/517/656
f 613/434/657 611/419/657 622/426/657
f 620/421/6 626/410/6 611/419/6
f 684/412/6 611/419/6 626/410/6
f 685/518/6 852/519/6 684/412/6
f 687/520/658 688/521/658 686/522/658
f 689/523/6 620/421/6 632/398/6
f 689/523/6 632/398/6 635/524/6
f 855/525/104 856/526/104 893/527/104
f 895/528/104 859/529/104 858/530/104
f 894/282/104 862/531/104 863/532/104
f 863/532/104 860/533/104 895/528/104
f 894/282/104 863/532/104 866/394/104
f 863/532/104 864/399/104 866/394/104
f 632/398/6 637/400/6 694/534/6
f 635/524/659 632/398/659 692/395/659
f 692/395/6 632/398/6 694/534/6
f 866/394/104 864/399/104 869/535/104
f 694/534/6 865/536/6 692/395/6
f 869/535/104 875/420/104 871/411/104
f 695/385/104 870/537/104 631/406/104
f 695/385/104 875/420/104 873/425/104
f 875/420/104 695/385/104 631/406/104
f 875/420/104 631/406/104 871/411/104
f 872/428/104 875/420/104 864/399/104
f 873/425/104 875/420/104 874/433/104
f 696/383/104 699/464/104 697/380/104
f 880/538/104 879/408/104 881/539/104
f 700/540/104 884/391/104 883/397/104
f 891/402/104 888/365/104 889/423/104
f 891/402/104 890/541/104 892/361/104
f 922/542/660 942/543/660 941/544/660
f 622/426/661 966/545/661 932/546/661
f 747/449/662 961/547/662 748/450/662
f 956/517/663 682/548/663 742/379/663
f 924/549/664 944/550/664 942/543/664
f 833/270/6 898/551/6 702/271/6
f 898/551/6 704/552/6 705/270/6
f 704/552/6 706/553/6 899/276/6
f 708/554/6 649/555/6 752/556/6
f 709/557/665 900/558/665 752/556/665
f 718/459/6 710/559/6 757/456/6
f 659/473/666 653/273/666 660/451/666
f 929/475/6 706/553/6 547/474/6
f 712/560/6 902/561/6 929/475/6
f 901/562/667 972/563/667 710/559/667
f 833/270/568 760/272/568 928/272/568
f 929/475/668 825/275/668 706/553/668
f 711/564/6 717/269/6 755/565/6
f 532/266/669 846/491/669 533/265/669
f 556/263/670 847/566/670 906/264/670
f 532/266/671 531/267/671 846/491/671
f 908/488/672 841/489/672 840/488/672
f 842/487/648 841/489/648 907/489/648
f 664/480/673 844/490/673 909/481/673
f 847/566/674 842/487/674 906/264/674
f 533/265/675 848/495/675 556/263/675
f 758/567/676 727/476/676 531/267/676
f 558/568/677 836/569/677 726/479/677
f 727/476/678 666/483/678 531/267/678
f 557/570/679 910/571/679 758/567/679
f 591/363/680 1007/504/680 1018/501/680
f 529/343/681 781/572/681 915/307/681
f 733/313/682 1009/573/682 980/574/682
f 560/299/683 913/348/683 530/297/683
f 559/296/684 913/348/684 560/299/684
f 667/485/685 979/575/685 668/486/685
f 914/378/686 1016/301/686 782/300/686
f 915/307/687 781/572/687 719/305/687
f 732/315/688 986/576/688 1009/573/688
f 579/338/689 1008/502/689 987/577/689
f 728/314/690 1017/578/690 729/319/690
f 575/355/691 988/579/691 670/493/691
f 529/343/692 1004/580/692 781/572/692
f 788/354/693 1006/581/693 575/355/693
f 737/582/694 991/499/694 624/498/694
f 723/310/695 1002/583/695 1003/584/695
f 733/313/696 980/574/696 728/314/696
f 719/305/697 562/585/697 720/308/697
f 721/309/698 667/485/698 563/312/698
f 669/484/699 668/486/699 564/586/699
f 563/312/700 669/484/700 564/586/700
f 916/328/701 1005/587/701 788/354/701
f 729/319/702 981/588/702 982/512/702
f 565/318/703 982/512/703 534/316/703
f 729/319/704 982/512/704 565/318/704
f 566/333/705 982/512/705 567/589/705
f 534/316/706 982/512/706 566/333/706
f 738/362/707 994/590/707 674/506/707
f 815/349/708 1016/301/708 914/378/708
f 721/309/709 979/575/709 667/485/709
f 670/493/710 988/579/710 671/494/710
f 741/325/711 1000/591/711 680/515/711
f 731/324/712 987/577/712 986/576/712
f 681/592/713 1001/593/713 683/594/713
f 572/335/714 736/595/714 538/596/714
f 571/336/715 736/595/715 572/335/715
f 559/296/716 784/302/716 913/348/716
f 537/320/717 1012/597/717 1010/598/717
f 726/479/718 784/302/718 558/568/718
f 573/599/719 1011/600/719 574/601/719
f 918/356/720 1011/600/720 573/599/720
f 735/323/721 983/602/721 736/595/721
f 558/568/722 784/302/722 559/296/722
f 575/355/723 670/493/723 672/403/723
f 736/595/724 985/603/724 737/582/724
f 724/604/725 1003/584/725 1004/580/725
f 575/355/726 672/403/726 536/358/726
f 918/356/727 992/605/727 990/606/727
f 584/359/728 739/496/728 918/356/728
f 580/360/729 672/403/729 581/361/729
f 627/607/730 1011/600/730 984/608/730
f 738/362/731 674/506/731 585/422/731
f 585/422/732 675/503/732 587/367/732
f 593/396/733 1007/504/733 591/363/733
f 600/351/734 1013/609/734 905/368/734
f 601/409/735 850/514/735 920/610/735
f 604/370/736 956/517/736 541/371/736
f 603/270/737 956/517/737 604/370/737
f 609/382/738 683/594/738 608/351/738
f 610/288/739 742/379/739 682/548/739
f 544/387/740 688/521/740 630/407/740
f 634/389/741 688/521/741 544/387/741
f 751/431/742 690/611/742 633/393/742
f 708/554/743 949/612/743 970/613/743
f 690/611/744 936/614/744 967/615/744
f 640/441/745 694/534/745 542/442/745
f 693/616/746 941/544/746 865/536/746
f 926/445/747 946/617/747 957/618/747
f 693/616/748 940/619/748 941/544/748
f 707/620/749 970/613/749 753/467/749
f 748/450/750 947/621/750 749/622/750
f 746/447/751 945/623/751 927/446/751
f 754/458/752 703/624/752 555/625/752
f 745/424/753 932/546/753 959/626/753
f 690/611/754 967/615/754 688/521/754
f 926/445/755 957/618/755 958/627/755
f 927/446/756 961/547/756 747/449/756
f 925/448/757 931/628/757 944/550/757
f 753/467/758 962/629/758 713/630/758
f 713/630/759 953/631/759 712/560/759
f 749/622/760 946/617/760 750/444/760
f 754/458/761 555/625/761 948/632/761
f 642/454/762 833/270/762 928/272/762
f 645/457/763 754/458/763 948/632/763
f 646/281/764 703/624/764 754/458/764
f 547/474/765 703/624/765 646/281/765
f 647/418/766 707/620/766 753/467/766
f 651/351/767 752/556/767 546/527/767
f 743/443/768 958/627/768 931/628/768
f 713/630/769 547/474/769 656/468/769
f 657/288/770 929/475/770 658/470/770
f 755/565/771 717/269/771 930/268/771
f 660/451/772 653/273/772 661/287/772
f 955/633/773 718/459/773 662/461/773
f 932/546/774 933/634/774 959/626/774
f 933/634/659 934/522/659 959/626/659
f 934/522/775 967/615/775 959/626/775
f 939/635/6 959/626/6 967/615/6
f 968/636/776 967/615/776 936/614/776
f 968/636/6 938/637/6 939/635/6
f 942/543/6 939/635/6 941/544/6
f 957/618/6 946/617/6 958/627/6
f 944/550/6 945/623/6 939/635/6
f 958/627/647 946/617/647 931/628/647
f 947/621/777 961/547/777 946/617/777
f 970/613/778 949/612/778 962/629/778
f 949/612/779 971/638/779 951/639/779
f 972/563/780 951/639/780 952/288/780
f 962/629/781 953/631/781 713/630/781
f 820/329/104 811/640/104 812/641/104
f 812/641/104 811/640/104 813/589/104
f 569/642/782 568/643/782 810/644/782
f 627/607/783 810/644/783 819/645/783
f 810/644/784 627/607/784 569/642/784
f 818/596/104 793/646/104 794/335/104
f 916/328/574 819/645/574 810/644/574
f 737/582/572 792/647/572 818/596/572
f 627/607/638 819/645/638 636/353/638
f 627/607/638 636/353/638 628/601/638
f 579/338/785 792/647/785 737/582/785
f 624/498/104 621/339/104 579/338/104
f 1003/584/6 979/575/6 1004/580/6
f 562/585/6 1004/580/6 979/575/6
f 1017/578/786 980/574/786 1009/573/786
f 981/588/787 1017/578/787 982/512/787
f 1017/578/788 1005/587/788 982/512/788
f 1012/597/775 1017/578/775 1010/598/775
f 1017/578/775 983/602/775 1010/598/775
f 984/608/789 1005/587/789 1012/597/789
f 1017/578/775 986/576/775 983/602/775
f 1011/600/6 1005/587/6 984/608/6
f 986/576/659 985/603/659 983/602/659
f 987/577/780 1008/502/780 986/576/780
f 1006/581/6 1005/587/6 1011/600/6
f 985/603/6 986/576/6 1008/502/6
f 1008/502/6 991/499/6 985/603/6
f 988/579/790 1006/581/790 989/648/790
f 1008/502/6 1018/501/6 991/499/6
f 991/499/6 1018/501/6 993/649/6
f 1013/609/791 998/650/791 997/651/791
f 1019/652/649 998/650/649 1013/609/649
f 1014/653/791 1001/593/791 1000/591/791
f 557/570/104 758/567/104 906/264/104
f 531/267/104 906/264/104 758/567/104
f 930/268/672 717/269/672 654/269/672
f 772/466/792 650/466/792 549/282/792 777/282/792
f 653/273/793 759/268/793 654/269/793
f 653/273/6 654/269/6 826/274/6
f 825/275/6 826/274/6 827/277/6
f 643/279/794 776/293/794 774/280/794
f 836/569/795 558/568/795 780/477/795 838/477/795
f 766/284/104 768/283/104 767/462/104
f 661/287/104 778/290/104 773/285/104
f 775/292/104 778/290/104 776/293/104
f 838/477/796 780/477/796 911/294/796 837/478/796
f 779/295/574 780/477/574 558/568/574 559/296/574
f 911/294/104 780/477/104 779/295/104
f 725/306/104 563/312/104 564/586/104 722/311/104
f 559/296/104 561/298/104 911/294/104
f 723/310/797 724/604/797 725/306/797
f 978/326/798 805/325/798 607/351/798 615/350/798
f 728/314/799 729/319/799 783/317/799
f 534/316/104 566/333/104 783/317/104
f 566/333/104 567/589/104 783/317/104
f 978/326/800 803/330/800 605/372/800 616/372/800
f 636/353/801 789/352/801 574/601/801 628/601/801
f 624/498/802 919/500/802 577/347/802 621/339/802
f 617/351/803 977/373/803 801/373/803 600/351/803
f 618/372/804 598/372/804 801/373/804 977/373/804
f 810/644/805 783/317/805 535/329/805 820/329/805
f 737/582/806 818/596/806 538/596/806 736/595/806
f 820/329/807 535/329/807 783/317/807 811/640/807
f 812/641/808 730/511/808 535/329/808 820/329/808
f 813/589/809 567/589/809 730/511/809 812/641/809
f 568/643/810 537/320/810 783/317/810 810/644/810
f 814/334/811 566/333/811 567/589/811 813/589/811
f 612/377/812 561/298/812 530/297/812 821/297/812
f 788/354/813 819/645/813 916/328/813
f 817/299/814 560/299/814 530/297/814 821/297/814
f 792/647/815 786/331/815 538/596/815 818/596/815
f 818/596/816 538/596/816 786/331/816 793/646/816
f 619/341/817 799/325/817 800/344/817 976/345/817
f 794/335/818 572/335/818 538/596/818 818/596/818
f 795/337/819 571/336/819 572/335/819 794/335/819
f 813/589/820 811/640/820 783/317/820 567/589/820
f 918/356/572 573/599/572 789/352/572
f 573/599/104 574/601/104 789/352/104
f 793/646/821 786/331/821 572/335/821 794/335/821
f 789/352/572 788/354/572 918/356/572
f 917/654/822 731/324/822 786/331/822 792/647/822
f 788/354/823 636/353/823 819/645/823
f 628/601/824 574/601/824 1011/600/824 627/607/824
f 629/599/825 573/599/825 574/601/825 628/601/825
f 589/415/104 591/363/104 585/422/104 796/413/104
f 915/307/826 975/322/826 529/343/826
f 919/500/572 738/362/572 577/347/572
f 578/340/783 577/347/783 591/363/783
f 584/359/104 583/364/104 791/366/104
f 583/364/104 582/365/104 791/366/104
f 738/362/638 585/422/638 591/363/638
f 800/344/104 599/369/104 798/346/104 797/346/104
f 591/363/104 589/415/104 590/430/104
f 815/349/827 914/378/827 912/332/827
f 797/346/783 905/368/783 799/325/783 800/344/783
f 596/270/104 597/370/104 599/369/104 800/344/104
f 798/346/104 599/369/104 598/372/104 905/368/104
f 800/344/104 799/325/104 595/342/104 596/270/104
f 740/655/828 595/342/828 799/325/828
f 920/610/829 600/351/829 801/373/829 599/369/829
f 740/655/830 799/325/830 905/368/830
f 601/409/104 920/610/104 599/369/104
f 598/372/104 801/373/104 600/351/104
f 604/370/104 541/371/104 606/270/104 802/375/104
f 803/330/104 804/327/104 806/374/104
f 805/325/104 607/351/104 540/325/104 602/342/104
f 802/375/104 806/374/104 603/270/104
f 605/372/104 803/330/104 806/374/104
f 806/374/104 805/325/104 602/342/104 603/270/104
f 804/327/831 921/376/831 607/351/831 805/325/831
f 807/381/104 606/270/104 541/371/104 742/379/104
f 608/351/571 921/376/571 605/372/571 806/374/571
f 606/270/104 807/381/104 806/374/104
f 742/379/104 610/288/104 809/383/104
f 742/379/104 809/383/104 808/380/104
f 699/464/832 806/374/832 807/381/832 698/381/832
f 697/380/833 808/380/833 809/383/833 696/383/833
f 816/384/834 870/537/834 695/385/834
f 696/383/835 809/383/835 609/382/835 699/464/835
f 698/381/836 807/381/836 808/380/836 697/380/836
f 872/428/837 623/427/837 620/421/837 875/420/837
f 545/282/838 894/282/838 866/394/838
f 637/400/839 864/399/839 863/532/839
f 895/528/840 543/528/840 637/400/840 863/532/840
f 892/361/841 581/361/841 672/403/841 891/402/841
f 904/358/842 580/360/842 581/361/842 892/361/842
f 715/656/843 791/366/843 582/365/843 888/365/843
f 867/388/844 544/387/844 630/407/844 868/407/844
f 589/415/845 891/402/845 885/429/845
f 875/420/846 611/419/846 613/434/846 874/433/846
f 883/397/847 591/363/847 590/430/847 700/540/847
f 599/369/848 881/539/848 879/408/848
f 684/412/849 871/411/849 631/406/849
f 625/386/104 745/424/104 816/384/104
f 701/657/850 587/367/850 791/366/850 715/656/850
f 648/416/851 856/526/851 552/417/851
f 888/365/852 582/365/852 583/364/852 887/364/852
f 857/441/853 640/441/853 542/442/853 896/442/853
f 854/351/854 651/351/854 546/527/854 893/527/854
f 689/523/855 869/535/855 871/411/855
f 584/359/856 889/423/856 888/365/856
f 544/387/104 630/407/104 816/384/104
f 891/402/857 586/401/857 588/405/857 884/391/857
f 873/425/858 745/424/858 625/386/858 695/385/858
f 632/398/859 872/428/859 864/399/859
f 553/439/860 824/439/860 823/438/860 554/438/860
f 751/431/861 633/393/861 816/384/861
f 893/527/862 546/527/862 649/555/862 855/525/862
f 862/531/863 822/432/863 824/439/863 553/439/863
f 856/526/864 648/416/864 546/527/864 893/527/864
f 553/439/865 824/439/865 639/437/865 860/533/865
f 858/530/866 694/534/866 543/528/866 895/528/866
f 878/270/867 603/270/867 604/370/867 877/404/867
f 896/442/868 542/442/868 694/534/868 858/530/868
f 622/426/869 873/425/869 874/433/869
f 880/538/870 679/513/870 601/409/870 879/408/870
f 855/525/871 649/555/871 647/418/871 552/417/871
f 859/529/872 639/437/872 542/442/872 896/442/872
f 897/371/873 539/371/873 679/513/873 880/538/873
f 635/524/874 866/394/874 869/535/874
f 895/528/875 543/528/875 639/437/875 859/529/875
f 881/539/876 599/369/876 539/371/876 897/371/876
f 590/430/877 885/429/877 700/540/877
f 576/357/878 890/541/878 889/423/878
f 870/537/879 816/384/879 630/407/879 868/407/879
f 587/367/880 891/402/880 886/414/880
f 860/533/881 639/437/881 543/528/881 895/528/881
f 882/370/882 597/370/882 539/371/882 897/371/882
f 876/288/883 610/288/883 809/383/883 696/383/883
f 894/282/884 545/282/884 638/436/884 861/436/884
f 890/541/885 576/357/885 581/361/885 892/361/885
f 698/381/886 807/381/886 606/270/886 877/404/886
f 770/288/887 657/288/887 658/470/887 769/470/887
f 587/367/888 701/657/888 891/402/888
f 639/437/104 824/439/104 823/438/104
f 744/440/104 639/437/104 822/432/104
f 639/437/104 744/440/104 640/441/104
f 922/542/603 744/440/603 923/435/603
f 924/549/585 922/542/585 923/435/585
f 925/448/104 924/549/104 927/446/104
f 924/549/104 923/435/104 927/446/104
f 743/443/571 927/446/571 750/444/571
f 748/450/889 749/622/889 750/444/889
f 661/287/890 929/475/890 657/288/890 770/288/890
f 549/282/891 777/282/891 766/284/891
f 771/291/892 656/468/892 547/474/892 778/290/892
f 645/457/104 641/460/104 643/279/104
f 776/293/893 833/270/893 642/454/893 775/292/893
f 773/285/894 644/453/894 832/452/894 763/286/894
f 646/281/895 774/280/895 778/290/895
f 894/282/896 545/282/896 822/432/896 862/531/896
f 643/279/601 646/281/601 754/458/601
f 651/351/104 546/527/104 648/416/104 753/467/104
f 594/390/897 883/397/897 884/391/897
f 647/418/104 753/467/104 648/416/104
f 753/467/104 756/472/104 652/465/104
f 652/465/104 756/472/104 650/466/104
f 767/462/898 662/461/898 718/459/898 766/284/898
f 765/658/899 831/469/899 656/468/899 764/289/899
f 770/288/900 657/288/900 655/471/900 764/289/900
f 658/470/104 756/472/104 655/471/104
f 655/471/104 756/472/104 831/469/104
f 753/467/104 831/469/104 756/472/104
f 659/473/104 660/451/104 832/452/104
f 659/473/104 832/452/104 644/453/104
f 656/468/901 771/291/901 764/289/901
f 834/463/902 767/462/902 768/283/902
f 764/289/903 655/471/903 831/469/903 765/658/903
f 775/292/904 642/454/904 644/453/904 773/285/904
f 777/282/905 549/282/905 834/463/905 768/283/905
f 909/481/6 665/482/6 550/304/6 726/479/6
f 662/461/104 834/463/104 756/472/104
f 836/569/104 838/477/104 727/476/104
f 835/659/104 727/476/104 837/478/104
f 726/479/6 663/488/6 664/480/6
f 787/507/906 551/507/906 674/506/906 995/660/906
f 845/488/6 842/487/6 844/490/6
f 847/566/6 848/495/6 842/487/6
f 739/496/6 672/403/6 671/494/6
f 677/509/907 849/508/907 998/650/907
f 999/661/908 740/655/908 905/368/908 1013/609/908
f 673/497/6 675/503/6 586/401/6
f 849/508/909 997/651/909 998/650/909
f 529/343/910 725/306/910 1004/580/910
f 729/319/911 1017/578/911 981/588/911
f 575/355/912 1006/581/912 988/579/912
f 852/519/913 853/662/913 622/426/913 684/412/913
f 675/503/779 674/506/779 1007/504/779
f 1007/504/914 674/506/914 676/505/914
f 588/405/6 586/401/6 1007/504/6
f 592/392/6 588/405/6 1007/504/6
f 578/340/915 591/363/915 1018/501/915
f 788/354/916 1005/587/916 1006/581/916
f 956/517/116 851/516/116 683/594/116
f 681/592/917 683/594/917 851/516/917
f 956/517/6 683/594/6 682/548/6
f 623/427/6 632/398/6 620/421/6
f 684/412/6 622/426/6 611/419/6
f 685/518/6 853/662/6 852/519/6
f 687/520/6 686/522/6 685/518/6 684/412/6
f 952/288/918 951/639/918 709/557/918 710/559/918
f 688/521/6 687/520/6 684/412/6
f 689/523/6 626/410/6 620/421/6
f 855/525/104 552/417/104 856/526/104
f 896/442/104 858/530/104 859/529/104
f 863/532/104 862/531/104 553/439/104
f 863/532/104 553/439/104 860/533/104
f 694/534/919 693/616/919 865/536/919
f 868/407/104 631/406/104 870/537/104
f 869/535/104 864/399/104 875/420/104
f 698/381/104 697/380/104 699/464/104
f 897/371/104 880/538/104 881/539/104
f 884/391/104 700/540/104 885/429/104
f 884/391/104 885/429/104 891/402/104
f 891/402/104 701/657/104 715/656/104
f 891/402/104 715/656/104 888/365/104
f 891/402/104 889/423/104 890/541/104
f 925/448/920 743/443/920 931/628/920
f 950/663/921 972/563/921 901/562/921 716/664/921
f 710/559/922 972/563/922 952/288/922
f 964/519/923 965/662/923 853/662/923 852/519/923
f 971/638/924 949/612/924 708/554/924 900/558/924
f 705/270/6 755/565/6 702/271/6 898/551/6
f 711/564/6 755/565/6 705/270/6 899/276/6
f 833/270/6 948/632/6 898/551/6
f 898/551/6 948/632/6 704/552/6
f 948/632/925 555/625/925 703/624/925
f 703/624/777 704/552/777 948/632/777
f 704/552/6 703/624/6 547/474/6 706/553/6
f 966/545/926 622/426/926 853/662/926 965/662/926
f 649/555/927 708/554/927 707/620/927
f 933/634/928 965/662/928 853/662/928 685/518/928
f 710/559/6 718/459/6 716/664/6 901/562/6
f 752/556/6 900/558/6 708/554/6
f 828/270/929 705/270/929 704/552/929 829/278/929
f 829/278/930 704/552/930 899/276/930 761/276/930
f 760/272/392 830/271/392 702/271/392 928/272/392
f 826/274/931 711/564/931 899/276/931 761/276/931
f 902/561/6 903/665/6 714/666/6 929/475/6
f 929/475/6 547/474/6 712/560/6
f 712/560/932 547/474/932 713/630/932
f 712/560/6 903/665/6 902/561/6
f 943/667/933 746/447/933 923/435/933 939/635/933
f 924/549/934 925/448/934 944/550/934
f 761/276/935 899/276/935 705/270/935 828/270/935
f 702/271/936 830/271/936 833/270/936
f 654/269/937 717/269/937 711/564/937 826/274/937
f 653/273/938 659/473/938 930/268/938 759/268/938
f 706/553/939 825/275/939 827/277/939
f 840/488/940 845/488/940 663/488/940 908/488/940
f 716/664/941 718/459/941 955/633/941
f 836/569/104 727/476/104 910/571/104
f 909/481/942 844/490/942 843/492/942
f 844/490/943 664/480/943 663/488/943 845/488/943
f 907/489/944 557/570/944 906/264/944 842/487/944
f 533/265/945 846/491/945 848/495/945
f 908/488/672 907/489/672 841/489/672
f 726/479/946 557/570/946 907/489/946 908/488/946
f 908/488/947 663/488/947 726/479/947
f 838/477/948 780/477/948 779/295/948 839/295/948
f 531/267/949 843/492/949 846/491/949
f 531/267/950 666/483/950 909/481/950
f 531/267/951 909/481/951 843/492/951
f 556/263/952 848/495/952 847/566/952
f 911/294/953 835/659/953 837/478/953
f 726/479/954 836/569/954 910/571/954
f 666/483/955 835/659/955 911/294/955
f 557/570/956 726/479/956 910/571/956
f 758/567/957 910/571/957 727/476/957
f 916/328/958 982/512/958 1005/587/958
f 666/483/959 727/476/959 835/659/959
f 612/377/960 914/378/960 782/300/960
f 569/642/961 627/607/961 984/608/961
f 668/486/962 979/575/962 1002/583/962
f 997/651/963 849/508/963 740/655/963 999/661/963
f 993/649/964 738/362/964 919/500/964 991/499/964
f 530/297/965 913/348/965 912/332/965
f 723/310/966 722/311/966 1002/583/966
f 732/315/967 731/324/967 986/576/967
f 1001/593/968 1014/653/968 921/376/968 683/594/968
f 1016/301/969 815/349/969 913/348/969 784/302/969
f 738/362/970 993/649/970 994/590/970
f 739/496/971 671/494/971 992/605/971
f 671/494/972 989/648/972 992/605/972
f 979/575/973 721/309/973 720/308/973 562/585/973
f 725/306/974 724/604/974 1004/580/974
f 983/602/975 735/323/975 734/321/975 1010/598/975
f 724/604/976 723/310/976 1003/584/976
f 1015/303/977 790/304/977 550/304/977 666/483/977
f 674/506/978 1018/501/978 995/660/978
f 674/506/979 994/590/979 1018/501/979
f 731/324/980 917/654/980 987/577/980
f 728/314/981 980/574/981 1017/578/981
f 579/338/982 578/340/982 1008/502/982
f 921/376/983 1014/653/983 741/325/983
f 564/586/984 668/486/984 722/311/984
f 563/312/985 667/485/985 669/484/985
f 722/311/986 668/486/986 1002/583/986
f 567/589/987 982/512/987 730/511/987
f 561/298/988 612/377/988 782/300/988
f 535/329/583 730/511/583 916/328/583
f 671/494/989 988/579/989 989/648/989
f 666/483/990 911/294/990 1015/303/990
f 785/482/991 665/482/991 550/304/991 790/304/991
f 782/300/992 1015/303/992 911/294/992 561/298/992
f 726/479/993 550/304/993 790/304/993
f 737/582/994 985/603/994 991/499/994
f 733/313/995 732/315/995 1009/573/995
f 736/595/996 571/336/996 570/337/996 735/323/996
f 1019/652/997 1013/609/997 920/610/997 850/514/997
f 1011/600/998 918/356/998 990/606/998
f 719/305/999 781/572/999 562/585/999
f 537/320/1000 568/643/1000 1012/597/1000
f 736/595/1001 983/602/1001 985/603/1001
f 917/654/1002 579/338/1002 987/577/1002
f 984/608/1003 1012/597/1003 568/643/1003 569/642/1003
f 551/507/1004 787/507/1004 1007/504/1004
f 1020/668/1005 851/516/1005 680/515/1005 1000/591/1005
f 1020/668/1006 1001/593/1006 681/592/1006 851/516/1006
f 734/321/1007 537/320/1007 1010/598/1007
f 998/650/1008 1019/652/1008 850/514/1008 677/509/1008
f 918/356/1009 739/496/1009 992/605/1009
f 584/359/1010 673/497/1010 739/496/1010
f 580/360/1011 536/358/1011 672/403/1011
f 787/507/1012 551/507/1012 676/505/1012 996/505/1012
f 584/359/1013 675/503/1013 673/497/1013
f 587/367/1014 675/503/1014 584/359/1014
f 678/510/1015 597/370/1015 596/270/1015 849/508/1015
f 585/422/1016 674/506/1016 675/503/1016
f 539/371/1017 597/370/1017 678/510/1017
f 849/508/1018 596/270/1018 595/342/1018 740/655/1018
f 956/517/1019 603/270/1019 602/342/1019 680/515/1019
f 679/513/1020 539/371/1020 678/510/1020
f 601/409/1021 679/513/1021 850/514/1021
f 600/351/1022 920/610/1022 1013/609/1022
f 680/515/1023 602/342/1023 540/325/1023 741/325/1023
f 741/325/1024 540/325/1024 607/351/1024 921/376/1024
f 951/639/1025 971/638/1025 900/558/1025 709/557/1025
f 541/371/1026 956/517/1026 742/379/1026
f 688/521/1027 634/389/1027 633/393/1027 690/611/1027
f 683/594/1028 609/382/1028 682/548/1028
f 921/376/1029 608/351/1029 683/594/1029
f 609/382/1030 610/288/1030 682/548/1030
f 631/406/1031 688/521/1031 684/412/1031
f 871/411/1032 626/410/1032 689/523/1032
f 630/407/1033 688/521/1033 631/406/1033
f 968/636/1034 936/614/1034 751/431/1034 822/432/1034
f 869/535/1035 689/523/1035 635/524/1035
f 927/446/1036 945/623/1036 961/547/1036
f 922/542/1037 924/549/1037 942/543/1037
f 935/520/1038 687/520/1038 686/522/1038 934/522/1038
f 743/443/1039 926/445/1039 958/627/1039
f 691/669/1040 822/432/1040 638/436/1040 692/395/1040
f 637/400/1041 543/528/1041 694/534/1041
f 866/394/1042 635/524/1042 692/395/1042
f 694/534/1043 640/441/1043 744/440/1043 693/616/1043
f 638/436/1044 545/282/1044 692/395/1044
f 690/611/1045 751/431/1045 936/614/1045
f 926/445/1046 750/444/1046 946/617/1046
f 967/615/1047 934/522/1047 686/522/1047 688/521/1047
f 753/467/1048 970/613/1048 962/629/1048
f 707/620/1049 708/554/1049 970/613/1049
f 963/670/1050 756/472/1050 714/666/1050 954/671/1050
f 744/440/1051 922/542/1051 941/544/1051
f 865/536/1052 941/544/1052 969/672/1052
f 939/635/1053 923/435/1053 745/424/1053 960/673/1053
f 938/637/1054 692/395/1054 865/536/1054 969/672/1054
f 937/674/1055 968/636/1055 822/432/1055 691/669/1055
f 974/665/1056 903/665/1056 902/561/1056 973/561/1056
f 746/447/1057 943/667/1057 945/623/1057
f 745/424/1058 622/426/1058 932/546/1058
f 940/619/1059 693/616/1059 744/440/1059 941/544/1059
f 950/663/1060 716/664/1060 955/633/1060 963/670/1060
f 974/665/1061 954/671/1061 714/666/1061 903/665/1061
f 974/665/1062 903/665/1062 712/560/1062 953/631/1062
f 933/634/1063 685/518/1063 686/522/1063 934/522/1063
f 938/637/1064 968/636/1064 691/669/1064 692/395/1064
f 762/551/1065 898/551/1065 705/270/1065 828/270/1065
f 745/424/1066 959/626/1066 960/673/1066
f 756/472/1067 963/670/1067 955/633/1067
f 748/450/1068 961/547/1068 947/621/1068
f 749/622/1069 947/621/1069 946/617/1069
f 833/270/1070 641/460/1070 948/632/1070
f 641/460/1071 645/457/1071 948/632/1071
f 928/272/1072 755/565/1072 548/455/1072 642/454/1072
f 928/272/1073 702/271/1073 755/565/1073
f 752/556/1074 651/351/1074 652/465/1074 709/557/1074
f 647/418/1075 649/555/1075 707/620/1075
f 691/669/1076 968/636/1076 937/674/1076
f 546/527/1077 752/556/1077 649/555/1077
f 710/559/1078 652/465/1078 549/282/1078 757/456/1078
f 652/465/1079 710/559/1079 709/557/1079
f 714/666/1080 756/472/1080 658/470/1080 929/475/1080
f 656/468/1081 753/467/1081 713/630/1081
f 755/565/1082 930/268/1082 659/473/1082 548/455/1082
f 761/276/1083 899/276/1083 706/553/1083 827/277/1083
f 830/271/1084 702/271/1084 898/551/1084 762/551/1084
f 969/672/6 941/544/6 939/635/6 938/637/6
f 756/472/1085 955/633/1085 662/461/1085
f 932/546/1086 965/662/1086 933/634/1086
f 932/546/1087 966/545/1087 965/662/1087
f 960/673/1088 959/626/1088 939/635/1088
f 968/636/6 939/635/6 967/615/6
f 951/639/780 972/563/780 962/629/780 949/612/780
f 942/543/1089 944/550/1089 939/635/1089
f 945/623/6 943/667/6 939/635/6
f 944/550/6 931/628/6 945/623/6
f 946/617/6 945/623/6 931/628/6
f 961/547/6 945/623/6 946/617/6
f 974/665/6 962/629/6 963/670/6 954/671/6
f 962/629/1090 974/665/1090 953/631/1090
f 972/563/6 950/663/6 963/670/6 962/629/6
f 820/329/572 916/328/572 810/644/572
f 792/647/104 579/338/104 917/654/104
f 737/582/638 624/498/638 579/338/638
f 562/585/1091 781/572/1091 1004/580/1091
f 1003/584/657 1002/583/657 979/575/657
f 1009/573/1092 986/576/1092 1017/578/1092
f 1012/597/658 1005/587/658 1017/578/658
f 1011/600/6 990/606/6 1006/581/6
f 990/606/6 989/648/6 1006/581/6
f 990/606/659 992/605/659 989/648/659
f 993/649/6 1018/501/6 994/590/6
f 787/507/6 995/660/6 1018/501/6
f 999/661/776 1013/609/776 997/651/776
f 1000/591/917 1001/593/917 1020/668/917
f 741/325/1093 1014/653/1093 1000/591/1093
f 726/479/1094 790/304/1094 784/302/1094
f 1007/504/1095 787/507/1095 1018/501/1095
f 1576/263/1714 1553/265/1714 1926/264/1714
f 1552/266/1715 1926/264/1715 1553/265/1715
f 1552/266/1716 1551/267/1716 1926/264/1716
f 1950/268/1717 1779/268/1717 1674/269/1717
f 1853/270/1718 1780/272/1718 1850/271/1718
f 1673/273/1719 1845/275/1719 1846/274/1719
f 1781/276/1720 1846/274/1720 1847/277/1720
f 1849/278/1721 1848/270/1721 1781/276/1721
f 1663/279/1722 1666/281/1722 1794/280/1722
f 1797/282/1723 1786/284/1723 1788/283/1723
f 1793/285/1724 1681/287/1724 1783/286/1724
f 1790/288/1725 1681/287/1725 1784/289/1725
f 1798/290/1726 1791/291/1726 1784/289/1726
f 1784/289/1727 1681/287/1727 1798/290/1727
f 1798/290/1728 1793/285/1728 1795/292/1728
f 1796/293/1729 1794/280/1729 1798/290/1729
f 1931/294/1730 1579/296/1730 1799/295/1730
f 1550/297/1731 1580/299/1731 1581/298/1731
f 1580/299/1732 1579/296/1732 1581/298/1732
f 1802/300/1733 1804/302/1733 2036/301/1733
f 1804/302/1734 1802/300/1734 2035/303/1734
f 1810/304/1735 1804/302/1735 2035/303/1735
f 1739/305/1736 1935/307/1736 1745/306/1736
f 1740/308/1737 1739/305/1737 1745/306/1737
f 1741/309/1738 1740/308/1738 1745/306/1738
f 1743/310/1739 1742/311/1739 1745/306/1739
f 1583/312/1740 1741/309/1740 1745/306/1740
f 1753/313/1741 1752/315/1741 1748/314/1741
f 1554/316/1742 1585/318/1742 1803/317/1742
f 1585/318/1743 1749/319/1743 1803/317/1743
f 1557/320/1744 1803/317/1744 1748/314/1744
f 1754/321/1745 1557/320/1745 1748/314/1745
f 1745/306/1746 1935/307/1746 1995/322/1746
f 1755/323/1747 1754/321/1747 1748/314/1747
f 1752/315/1748 1751/324/1748 1748/314/1748
f 1825/325/1749 1824/327/1749 1998/326/1749
f 1936/328/1750 1555/329/1750 1840/329/1750
f 1824/327/1751 1823/330/1751 1998/326/1751
f 1748/314/1752 1751/324/1752 1806/331/1752
f 1806/331/1753 1755/323/1753 1748/314/1753
f 1932/332/1754 1550/297/1754 1841/297/1754
f 1586/333/1755 1554/316/1755 1834/334/1755
f 1592/335/1756 1591/336/1756 1806/331/1756
f 1590/337/1757 1755/323/1757 1806/331/1757
f 1591/336/1758 1590/337/1758 1806/331/1758
f 1599/338/1759 1598/340/1759 1641/339/1759
f 1819/325/1760 1615/342/1760 1639/341/1760
f 1554/316/1761 1585/318/1761 1834/334/1761
f 1549/343/1762 1745/306/1762 1995/322/1762
f 1820/344/1763 1817/346/1763 1996/345/1763
f 1598/340/1764 1597/347/1764 1641/339/1764
f 1817/346/1765 1818/346/1765 1996/345/1765
f 1933/348/1766 1932/332/1766 1835/349/1766
f 1591/336/1767 1590/337/1767 1815/337/1767
f 1560/325/1768 1627/351/1768 1635/350/1768
f 1809/352/1769 1808/354/1769 1656/353/1769
f 1808/354/1770 1938/356/1770 1595/355/1770
f 1595/355/1771 1938/356/1771 1596/357/1771
f 1556/358/1772 1595/355/1772 1596/357/1772
f 1938/356/1773 1604/359/1773 1596/357/1773
f 1600/360/1774 1556/358/1774 1596/357/1774
f 1601/361/1775 1600/360/1775 1596/357/1775
f 1758/362/1776 1597/347/1776 1611/363/1776
f 1603/364/1777 1602/365/1777 1604/359/1777
f 1604/359/1778 1607/367/1778 1811/366/1778
f 1925/368/1779 1818/346/1779 1817/346/1779
f 1619/369/1780 1559/371/1780 1617/370/1780
f 1618/372/1781 1925/368/1781 1620/351/1781
f 1619/369/1782 1618/372/1782 1821/373/1782
f 1825/325/1783 1824/327/1783 1826/374/1783
f 1826/374/1784 1626/270/1784 1822/375/1784
f 1822/375/1785 1624/370/1785 1623/270/1785
f 1941/376/1786 1625/372/1786 1823/330/1786
f 1941/376/1787 1823/330/1787 1824/327/1787
f 1632/377/1788 1934/378/1788 1932/332/1788
f 1762/379/1789 1827/381/1789 1828/380/1789
f 1630/288/1790 1829/383/1790 1629/382/1790
f 1826/374/1791 1628/351/1791 1629/382/1791
f 1932/332/1792 1841/297/1792 1632/377/1792
f 1836/384/1793 1645/386/1793 1715/385/1793
f 1564/387/1794 1654/389/1794 1887/388/1794
f 1614/390/1795 1612/392/1795 1904/391/1795
f 1654/389/1796 1653/393/1796 1887/388/1796
f 1565/282/1797 1712/395/1797 1886/394/1797
f 1613/396/1798 1614/390/1798 1903/397/1798
f 1652/398/1799 1657/400/1799 1884/399/1799
f 1606/401/1800 1692/403/1800 1911/402/1800
f 1624/370/1801 1822/375/1801 1897/404/1801
f 1822/375/1802 1626/270/1802 1897/404/1802
f 1600/360/1803 1556/358/1803 1924/358/1803
f 1612/392/1804 1608/405/1804 1904/391/1804
f 1651/406/1805 1650/407/1805 1888/407/1805
f 1611/363/1806 1613/396/1806 1903/397/1806
f 1619/369/1807 1621/409/1807 1899/408/1807
f 1646/410/1808 1704/412/1808 1891/411/1808
f 1816/413/1809 1609/415/1809 1906/414/1809
f 1668/416/1810 1667/418/1810 1572/417/1810
f 1631/419/1811 1640/421/1811 1895/420/1811
f 1607/367/1812 1605/422/1812 1906/414/1812
f 1596/357/1813 1604/359/1813 1909/423/1813
f 1609/415/1814 1911/402/1814 1906/414/1814
f 1605/422/1815 1816/413/1815 1906/414/1815
f 1765/424/1816 1642/426/1816 1893/425/1816
f 1604/359/1817 1602/365/1817 1908/365/1817
f 1836/384/1818 1564/387/1818 1654/389/1818
f 1836/384/1819 1654/389/1819 1653/393/1819
f 1643/427/1820 1652/398/1820 1892/428/1820
f 1609/415/1821 1610/430/1821 1905/429/1821
f 1771/431/1822 1765/424/1822 1836/384/1822
f 1765/424/1823 1771/431/1823 1842/432/1823
f 1642/426/1824 1633/434/1824 1894/433/1824
f 1842/432/1825 1943/435/1825 1765/424/1825
f 1658/436/1826 1565/282/1826 1842/432/1826
f 1659/437/1827 1842/432/1827 1843/438/1827
f 1842/432/1828 1844/439/1828 1843/438/1828
f 1943/435/1829 1842/432/1829 1764/440/1829
f 1659/437/1830 1562/442/1830 1660/441/1830
f 1763/443/1831 1946/445/1831 1770/444/1831
f 1947/446/1832 1766/447/1832 1943/435/1832
f 1945/448/1833 1763/443/1833 1947/446/1833
f 1767/449/1834 1947/446/1834 1770/444/1834
f 1768/450/1835 1767/449/1835 1770/444/1835
f 1680/451/1836 1852/452/1836 1783/286/1836
f 1664/453/1837 1568/455/1837 1662/454/1837
f 1569/282/1838 1777/456/1838 1786/284/1838
f 1665/457/1839 1774/458/1839 1663/279/1839
f 1777/456/1840 1738/459/1840 1786/284/1840
f 1853/270/1841 1661/460/1841 1796/293/1841
f 1682/461/1842 1854/463/1842 1787/462/1842
f 1826/374/1843 1629/382/1843 1719/464/1843
f 1672/465/1844 1569/282/1844 1670/466/1844
f 1773/467/1845 1671/351/1845 1672/465/1845
f 1661/460/1846 1663/279/1846 1796/293/1846
f 1681/287/1847 1680/451/1847 1783/286/1847
f 1676/468/1848 1773/467/1848 1851/469/1848
f 1678/470/1849 1677/288/1849 1675/471/1849
f 1670/466/1850 1569/282/1850 1854/463/1850
f 1776/472/1851 1670/466/1851 1854/463/1851
f 1679/473/1852 1568/455/1852 1664/453/1852
f 1666/281/1853 1567/474/1853 1798/290/1853
f 1845/275/1854 1673/273/1854 1681/287/1854 1949/475/1854
f 1747/476/1855 1857/478/1855 1858/477/1855
f 1746/479/1856 1929/481/1856 1684/480/1856
f 1685/482/1857 1686/483/1857 1929/481/1857
f 1685/482/1858 1570/304/1858 1686/483/1858
f 1689/484/1859 1688/486/1859 1687/485/1859
f 1862/487/1860 1860/488/1860 1865/488/1860
f 1862/487/1861 1861/489/1861 1860/488/1861
f 1864/490/1862 1863/492/1862 1866/491/1862
f 1862/487/1863 1864/490/1863 1866/491/1863
f 1692/403/1864 1691/494/1864 1690/493/1864
f 1868/495/1865 1862/487/1865 1866/491/1865
f 1759/496/1866 1692/403/1866 1606/401/1866
f 1606/401/1867 1693/497/1867 1759/496/1867
f 1644/498/1868 1939/500/1868 2011/499/1868
f 1598/340/1869 2028/502/1869 2038/501/1869
f 1695/503/1870 1606/401/1870 2027/504/1870
f 1696/505/1871 1571/507/1871 1694/506/1871
f 2027/504/1872 1571/507/1872 1696/505/1872
f 1612/392/783 1614/390/783 2027/504/783
f 1614/390/1873 1613/396/1873 2027/504/1873
f 1869/508/1874 1698/510/1874 1697/509/1874
f 1750/511/1875 1936/328/1875 2002/512/1875
f 1699/513/1876 1870/514/1876 1697/509/1876
f 1698/510/1877 1699/513/1877 1697/509/1877
f 1700/515/1878 1976/517/1878 1871/516/1878
f 1633/434/1879 1642/426/1879 1631/419/1879
f 1640/421/1880 1631/419/1880 1646/410/1880
f 1704/412/1881 1646/410/1881 1631/419/1881
f 1705/518/1882 1704/412/1882 1872/519/1882
f 1707/520/1883 1706/522/1883 1708/521/1883
f 1709/523/1884 1652/398/1884 1640/421/1884
f 1709/523/1885 1655/524/1885 1652/398/1885
f 1875/525/1886 1913/527/1886 1876/526/1886
f 1915/528/1887 1878/530/1887 1879/529/1887
f 1914/282/1888 1883/532/1888 1882/531/1888
f 1883/532/1889 1915/528/1889 1880/533/1889
f 1914/282/1890 1886/394/1890 1883/532/1890
f 1883/532/1891 1886/394/1891 1884/399/1891
f 1652/398/1892 1714/534/1892 1657/400/1892
f 1655/524/1893 1712/395/1893 1652/398/1893
f 1712/395/1894 1714/534/1894 1652/398/1894
f 1886/394/1895 1889/535/1895 1884/399/1895
f 1714/534/1896 1712/395/1896 1885/536/1896
f 1889/535/1897 1891/411/1897 1895/420/1897
f 1715/385/1898 1651/406/1898 1890/537/1898
f 1715/385/1899 1893/425/1899 1895/420/1899
f 1895/420/1900 1651/406/1900 1715/385/1900
f 1895/420/1901 1891/411/1901 1651/406/1901
f 1892/428/1902 1884/399/1902 1895/420/1902
f 1893/425/1903 1894/433/1903 1895/420/1903
f 1716/383/1904 1717/380/1904 1719/464/1904
f 1900/538/1905 1901/539/1905 1899/408/1905
f 1720/540/1906 1903/397/1906 1904/391/1906
f 1911/402/1907 1909/423/1907 1908/365/1907
f 1911/402/1908 1912/361/1908 1910/541/1908
f 1942/542/1909 1961/544/1909 1962/543/1909
f 1642/426/1910 1952/546/1910 1986/545/1910
f 1767/449/1911 1768/450/1911 1981/547/1911
f 1976/517/1912 1762/379/1912 1702/548/1912
f 1944/549/1913 1962/543/1913 1964/550/1913
f 1853/270/1914 1722/271/1914 1918/551/1914
f 1918/551/1915 1725/270/1915 1724/552/1915
f 1724/552/1916 1919/276/1916 1726/553/1916
f 1728/554/1917 1772/556/1917 1669/555/1917
f 1729/557/1918 1772/556/1918 1920/558/1918
f 1738/459/1919 1777/456/1919 1730/559/1919
f 1679/473/1920 1680/451/1920 1673/273/1920
f 1949/475/1921 1567/474/1921 1726/553/1921
f 1732/560/1922 1949/475/1922 1922/561/1922
f 1921/562/1923 1730/559/1923 1992/563/1923
f 1853/270/1924 1948/272/1924 1780/272/1924
f 1949/475/1925 1726/553/1925 1845/275/1925
f 1731/564/1926 1775/565/1926 1737/269/1926
f 1552/266/1927 1553/265/1927 1866/491/1927
f 1576/263/1928 1926/264/1928 1867/566/1928
f 1552/266/1929 1866/491/1929 1551/267/1929
f 1928/488/1930 1860/488/1930 1861/489/1930
f 1862/487/1931 1927/489/1931 1861/489/1931
f 1684/480/1932 1929/481/1932 1864/490/1932
f 1867/566/1933 1926/264/1933 1862/487/1933
f 1553/265/1934 1576/263/1934 1868/495/1934
f 1778/567/1935 1551/267/1935 1747/476/1935
f 1578/568/1936 1746/479/1936 1856/569/1936
f 1747/476/1937 1551/267/1937 1686/483/1937
f 1577/570/1938 1778/567/1938 1930/571/1938
f 1611/363/1939 2038/501/1939 2027/504/1939
f 1549/343/1940 1935/307/1940 1801/572/1940
f 1753/313/1941 2000/574/1941 2029/573/1941
f 1580/299/1942 1550/297/1942 1933/348/1942
f 1579/296/1943 1580/299/1943 1933/348/1943
f 1687/485/1944 1688/486/1944 1999/575/1944
f 1934/378/1945 1802/300/1945 2036/301/1945
f 1935/307/1946 1739/305/1946 1801/572/1946
f 1752/315/1947 2029/573/1947 2006/576/1947
f 1599/338/1948 2007/577/1948 2028/502/1948
f 1748/314/1949 1749/319/1949 2037/578/1949
f 1595/355/1950 1690/493/1950 2008/579/1950
f 1549/343/1951 1801/572/1951 2024/580/1951
f 1808/354/1952 1595/355/1952 2026/581/1952
f 1757/582/1953 1644/498/1953 2011/499/1953
f 1743/310/1954 2023/584/1954 2022/583/1954
f 1753/313/1955 1748/314/1955 2000/574/1955
f 1739/305/1956 1740/308/1956 1582/585/1956
f 1741/309/1957 1583/312/1957 1687/485/1957
f 1689/484/1958 1584/586/1958 1688/486/1958
f 1583/312/1959 1584/586/1959 1689/484/1959
f 1936/328/1960 1808/354/1960 2025/587/1960
f 1749/319/1961 2002/512/1961 2001/588/1961
f 1585/318/1962 1554/316/1962 2002/512/1962
f 1749/319/1963 1585/318/1963 2002/512/1963
f 1586/333/1964 1587/589/1964 2002/512/1964
f 1554/316/1965 1586/333/1965 2002/512/1965
f 1758/362/1966 1694/506/1966 2014/590/1966
f 1835/349/1967 1934/378/1967 2036/301/1967
f 1741/309/1968 1687/485/1968 1999/575/1968
f 1690/493/1969 1691/494/1969 2008/579/1969
f 1761/325/1970 1700/515/1970 2020/591/1970
f 1751/324/1971 2006/576/1971 2007/577/1971
f 1701/592/1972 1703/594/1972 2021/593/1972
f 1592/335/1973 1558/596/1973 1756/595/1973
f 1591/336/1974 1592/335/1974 1756/595/1974
f 1579/296/1975 1933/348/1975 1804/302/1975
f 1557/320/1976 2030/598/1976 2032/597/1976
f 1746/479/1977 1578/568/1977 1804/302/1977
f 1593/599/1978 1594/601/1978 2031/600/1978
f 1938/356/1979 1593/599/1979 2031/600/1979
f 1755/323/1980 1756/595/1980 2003/602/1980
f 1578/568/1981 1579/296/1981 1804/302/1981
f 1595/355/1982 1692/403/1982 1690/493/1982
f 1756/595/1983 1757/582/1983 2005/603/1983
f 1744/604/1984 2024/580/1984 2023/584/1984
f 1595/355/1985 1556/358/1985 1692/403/1985
f 1938/356/1986 2010/606/1986 2012/605/1986
f 1604/359/1987 1938/356/1987 1759/496/1987
f 1600/360/1988 1601/361/1988 1692/403/1988
f 1647/607/1989 2004/608/1989 2031/600/1989
f 1758/362/1990 1605/422/1990 1694/506/1990
f 1605/422/1991 1607/367/1991 1695/503/1991
f 1613/396/1992 1611/363/1992 2027/504/1992
f 1620/351/1993 1925/368/1993 2033/609/1993
f 1621/409/1994 1940/610/1994 1870/514/1994
f 1624/370/1995 1561/371/1995 1976/517/1995
f 1623/270/1996 1624/370/1996 1976/517/1996
f 1629/382/1997 1628/351/1997 1703/594/1997
f 1630/288/1998 1702/548/1998 1762/379/1998
f 1564/387/1999 1650/407/1999 1708/521/1999
f 1654/389/2000 1564/387/2000 1708/521/2000
f 1771/431/2001 1653/393/2001 1710/611/2001
f 1728/554/2002 1990/613/2002 1969/612/2002
f 1710/611/2003 1987/615/2003 1956/614/2003
f 1660/441/2004 1562/442/2004 1714/534/2004
f 1713/616/2005 1885/536/2005 1961/544/2005
f 1946/445/2006 1977/618/2006 1966/617/2006
f 1713/616/2007 1961/544/2007 1960/619/2007
f 1727/620/2008 1773/467/2008 1990/613/2008
f 1768/450/2009 1769/622/2009 1967/621/2009
f 1766/447/2010 1947/446/2010 1965/623/2010
f 1774/458/2011 1575/625/2011 1723/624/2011
f 1765/424/2012 1979/626/2012 1952/546/2012
f 1710/611/2013 1708/521/2013 1987/615/2013
f 1946/445/2014 1978/627/2014 1977/618/2014
f 1947/446/2015 1767/449/2015 1981/547/2015
f 1945/448/2016 1964/550/2016 1951/628/2016
f 1773/467/2017 1733/630/2017 1982/629/2017
f 1733/630/2018 1732/560/2018 1973/631/2018
f 1769/622/2019 1770/444/2019 1966/617/2019
f 1774/458/2020 1968/632/2020 1575/625/2020
f 1662/454/2021 1948/272/2021 1853/270/2021
f 1665/457/2022 1968/632/2022 1774/458/2022
f 1666/281/2023 1774/458/2023 1723/624/2023
f 1567/474/2024 1666/281/2024 1723/624/2024
f 1667/418/2025 1773/467/2025 1727/620/2025
f 1671/351/2026 1566/527/2026 1772/556/2026
f 1763/443/2027 1951/628/2027 1978/627/2027
f 1733/630/2028 1676/468/2028 1567/474/2028
f 1677/288/2029 1678/470/2029 1949/475/2029
f 1775/565/2030 1950/268/2030 1737/269/2030
f 1680/451/2031 1681/287/2031 1673/273/2031
f 1975/633/2032 1682/461/2032 1738/459/2032
f 1952/546/2033 1979/626/2033 1953/634/2033
f 1953/634/2034 1979/626/2034 1954/522/2034
f 1954/522/2035 1979/626/2035 1987/615/2035
f 1959/635/2036 1987/615/2036 1979/626/2036
f 1988/636/2037 1956/614/2037 1987/615/2037
f 1988/636/2038 1959/635/2038 1958/637/2038
f 1962/543/2039 1961/544/2039 1959/635/2039
f 1977/618/2040 1978/627/2040 1966/617/2040
f 1964/550/2041 1959/635/2041 1965/623/2041
f 1978/627/2042 1951/628/2042 1966/617/2042
f 1967/621/2043 1966/617/2043 1981/547/2043
f 1990/613/2044 1982/629/2044 1969/612/2044
f 1969/612/2045 1971/639/2045 1991/638/2045
f 1992/563/2046 1972/288/2046 1971/639/2046
f 1982/629/2047 1733/630/2047 1973/631/2047
f 1840/329/2048 1832/641/2048 1831/640/2048
f 1832/641/2049 1833/589/2049 1831/640/2049
f 1589/642/2050 1830/644/2050 1588/643/2050
f 1647/607/2051 1839/645/2051 1830/644/2051
f 1830/644/2052 1589/642/2052 1647/607/2052
f 1838/596/2053 1814/335/2053 1813/646/2053
f 1936/328/2054 1830/644/2054 1839/645/2054
f 1757/582/2055 1838/596/2055 1812/647/2055
f 1647/607/2056 1656/353/2056 1839/645/2056
f 1647/607/2057 1648/601/2057 1656/353/2057
f 1599/338/2058 1757/582/2058 1812/647/2058
f 1644/498/2059 1599/338/2059 1641/339/2059
f 2023/584/2060 2024/580/2060 1999/575/2060
f 1582/585/2061 1999/575/2061 2024/580/2061
f 2037/578/2062 2029/573/2062 2000/574/2062
f 2001/588/2063 2002/512/2063 2037/578/2063
f 2037/578/2064 2002/512/2064 2025/587/2064
f 2032/597/2065 2030/598/2065 2037/578/2065
f 2037/578/2066 2030/598/2066 2003/602/2066
f 2004/608/2067 2032/597/2067 2025/587/2067
f 2037/578/2068 2003/602/2068 2006/576/2068
f 2031/600/2069 2004/608/2069 2025/587/2069
f 2006/576/2070 2003/602/2070 2005/603/2070
f 2007/577/638 2006/576/638 2028/502/638
f 2026/581/2069 2031/600/2069 2025/587/2069
f 2005/603/2071 2028/502/2071 2006/576/2071
f 2028/502/2072 2005/603/2072 2011/499/2072
f 2008/579/2073 2009/648/2073 2026/581/2073
f 2028/502/2074 2011/499/2074 2038/501/2074
f 2011/499/2075 2013/649/2075 2038/501/2075
f 2033/609/2076 2017/651/2076 2018/650/2076
f 2039/652/2077 2033/609/2077 2018/650/2077
f 2034/653/2078 2020/591/2078 2021/593/2078
f 1577/570/2079 1926/264/2079 1778/567/2079
f 1551/267/2080 1778/567/2080 1926/264/2080
f 1950/268/2081 1674/269/2081 1737/269/2081
f 1792/466/2082 1797/282/2082 1569/282/2082 1670/466/2082
f 1673/273/2083 1674/269/2083 1779/268/2083
f 1673/273/2084 1846/274/2084 1674/269/2084
f 1845/275/2085 1847/277/2085 1846/274/2085
f 1663/279/2086 1794/280/2086 1796/293/2086
f 1856/569/2087 1858/477/2087 1800/477/2087 1578/568/2087
f 1786/284/2088 1787/462/2088 1788/283/2088
f 1681/287/2089 1793/285/2089 1798/290/2089
f 1795/292/2088 1796/293/2088 1798/290/2088
f 1858/477/2090 1857/478/2090 1931/294/2090 1800/477/2090
f 1799/295/2091 1579/296/2091 1578/568/2091 1800/477/2091
f 1931/294/2092 1799/295/2092 1800/477/2092
f 1745/306/2093 1742/311/2093 1584/586/2093 1583/312/2093
f 1579/296/2094 1931/294/2094 1581/298/2094
f 1743/310/2095 1745/306/2095 1744/604/2095
f 1998/326/2096 1635/350/2096 1627/351/2096 1825/325/2096
f 1748/314/2097 1803/317/2097 1749/319/2097
f 1554/316/2098 1803/317/2098 1586/333/2098
f 1586/333/2099 1803/317/2099 1587/589/2099
f 1998/326/2100 1636/372/2100 1625/372/2100 1823/330/2100
f 1656/353/2101 1648/601/2101 1594/601/2101 1809/352/2101
f 1644/498/2102 1641/339/2102 1597/347/2102 1939/500/2102
f 1637/351/2103 1620/351/2103 1821/373/2103 1997/373/2103
f 1638/372/2104 1997/373/2104 1821/373/2104 1618/372/2104
f 1830/644/2105 1840/329/2105 1555/329/2105 1803/317/2105
f 1757/582/2106 1756/595/2106 1558/596/2106 1838/596/2106
f 1840/329/2107 1831/640/2107 1803/317/2107 1555/329/2107
f 1832/641/2108 1840/329/2108 1555/329/2108 1750/511/2108
f 1833/589/2109 1832/641/2109 1750/511/2109 1587/589/2109
f 1588/643/2110 1830/644/2110 1803/317/2110 1557/320/2110
f 1834/334/2111 1833/589/2111 1587/589/2111 1586/333/2111
f 1632/377/2112 1841/297/2112 1550/297/2112 1581/298/2112
f 1808/354/2113 1936/328/2113 1839/645/2113
f 1837/299/2114 1841/297/2114 1550/297/2114 1580/299/2114
f 1812/647/2115 1838/596/2115 1558/596/2115 1806/331/2115
f 1838/596/2116 1813/646/2116 1806/331/2116 1558/596/2116
f 1639/341/2117 1996/345/2117 1820/344/2117 1819/325/2117
f 1814/335/2118 1838/596/2118 1558/596/2118 1592/335/2118
f 1815/337/2119 1814/335/2119 1592/335/2119 1591/336/2119
f 1833/589/2120 1587/589/2120 1803/317/2120 1831/640/2120
f 1938/356/2121 1809/352/2121 1593/599/2121
f 1593/599/2122 1809/352/2122 1594/601/2122
f 1813/646/2123 1814/335/2123 1592/335/2123 1806/331/2123
f 1809/352/2124 1938/356/2124 1808/354/2124
f 1937/654/2125 1812/647/2125 1806/331/2125 1751/324/2125
f 1808/354/2126 1839/645/2126 1656/353/2126
f 1648/601/2127 1647/607/2127 2031/600/2127 1594/601/2127
f 1649/599/2128 1648/601/2128 1594/601/2128 1593/599/2128
f 1609/415/2129 1816/413/2129 1605/422/2129 1611/363/2129
f 1935/307/2130 1549/343/2130 1995/322/2130
f 1939/500/2131 1597/347/2131 1758/362/2131
f 1598/340/2132 1611/363/2132 1597/347/2132
f 1604/359/2133 1811/366/2133 1603/364/2133
f 1603/364/2134 1811/366/2134 1602/365/2134
f 1758/362/2135 1611/363/2135 1605/422/2135
f 1820/344/2136 1817/346/2136 1818/346/2136 1619/369/2136
f 1611/363/2137 1610/430/2137 1609/415/2137
f 1835/349/2138 1932/332/2138 1934/378/2138
f 1817/346/2139 1820/344/2139 1819/325/2139 1925/368/2139
f 1616/270/2140 1820/344/2140 1619/369/2140 1617/370/2140
f 1818/346/2141 1925/368/2141 1618/372/2141 1619/369/2141
f 1820/344/2142 1616/270/2142 1615/342/2142 1819/325/2142
f 1760/655/2143 1819/325/2143 1615/342/2143
f 1940/610/2144 1619/369/2144 1821/373/2144 1620/351/2144
f 1760/655/2145 1925/368/2145 1819/325/2145
f 1621/409/2146 1619/369/2146 1940/610/2146
f 1618/372/2147 1620/351/2147 1821/373/2147
f 1624/370/2148 1822/375/2148 1626/270/2148 1561/371/2148
f 1823/330/2149 1826/374/2149 1824/327/2149
f 1825/325/2150 1622/342/2150 1560/325/2150 1627/351/2150
f 1822/375/2151 1623/270/2151 1826/374/2151
f 1625/372/2152 1826/374/2152 1823/330/2152
f 1826/374/2153 1623/270/2153 1622/342/2153 1825/325/2153
f 1824/327/2154 1825/325/2154 1627/351/2154 1941/376/2154
f 1827/381/2155 1762/379/2155 1561/371/2155 1626/270/2155
f 1628/351/2156 1826/374/2156 1625/372/2156 1941/376/2156
f 1626/270/2157 1826/374/2157 1827/381/2157
f 1762/379/2158 1829/383/2158 1630/288/2158
f 1762/379/2159 1828/380/2159 1829/383/2159
f 1719/464/2160 1718/381/2160 1827/381/2160 1826/374/2160
f 1717/380/2161 1716/383/2161 1829/383/2161 1828/380/2161
f 1836/384/2162 1715/385/2162 1890/537/2162
f 1716/383/2163 1719/464/2163 1629/382/2163 1829/383/2163
f 1718/381/2164 1717/380/2164 1828/380/2164 1827/381/2164
f 1892/428/2165 1895/420/2165 1640/421/2165 1643/427/2165
f 1565/282/2166 1886/394/2166 1914/282/2166
f 1657/400/2167 1883/532/2167 1884/399/2167
f 1915/528/2168 1883/532/2168 1657/400/2168 1563/528/2168
f 1912/361/2169 1911/402/2169 1692/403/2169 1601/361/2169
f 1924/358/2170 1912/361/2170 1601/361/2170 1600/360/2170
f 1735/656/2171 1908/365/2171 1602/365/2171 1811/366/2171
f 1887/388/2172 1888/407/2172 1650/407/2172 1564/387/2172
f 1609/415/2173 1905/429/2173 1911/402/2173
f 1895/420/2174 1894/433/2174 1633/434/2174 1631/419/2174
f 1903/397/2175 1720/540/2175 1610/430/2175 1611/363/2175
f 1619/369/2176 1899/408/2176 1901/539/2176
f 1704/412/2177 1651/406/2177 1891/411/2177
f 1645/386/2178 1836/384/2178 1765/424/2178
f 1721/657/2179 1735/656/2179 1811/366/2179 1607/367/2179
f 1668/416/2180 1572/417/2180 1876/526/2180
f 1908/365/2181 1907/364/2181 1603/364/2181 1602/365/2181
f 1877/441/2182 1916/442/2182 1562/442/2182 1660/441/2182
f 1874/351/2183 1913/527/2183 1566/527/2183 1671/351/2183
f 1709/523/2184 1891/411/2184 1889/535/2184
f 1604/359/2185 1908/365/2185 1909/423/2185
f 1564/387/2186 1836/384/2186 1650/407/2186
f 1911/402/2187 1904/391/2187 1608/405/2187 1606/401/2187
f 1893/425/2188 1715/385/2188 1645/386/2188 1765/424/2188
f 1652/398/2189 1884/399/2189 1892/428/2189
f 1573/439/2190 1574/438/2190 1843/438/2190 1844/439/2190
f 1771/431/2191 1836/384/2191 1653/393/2191
f 1913/527/2192 1875/525/2192 1669/555/2192 1566/527/2192
f 1882/531/2193 1573/439/2193 1844/439/2193 1842/432/2193
f 1876/526/2194 1913/527/2194 1566/527/2194 1668/416/2194
f 1573/439/2195 1880/533/2195 1659/437/2195 1844/439/2195
f 1878/530/2196 1915/528/2196 1563/528/2196 1714/534/2196
f 1898/270/2197 1897/404/2197 1624/370/2197 1623/270/2197
f 1916/442/2198 1878/530/2198 1714/534/2198 1562/442/2198
f 1642/426/2199 1894/433/2199 1893/425/2199
f 1900/538/2200 1899/408/2200 1621/409/2200 1699/513/2200
f 1875/525/2201 1572/417/2201 1667/418/2201 1669/555/2201
f 1879/529/2202 1916/442/2202 1562/442/2202 1659/437/2202
f 1917/371/2203 1900/538/2203 1699/513/2203 1559/371/2203
f 1655/524/2204 1889/535/2204 1886/394/2204
f 1915/528/2205 1879/529/2205 1659/437/2205 1563/528/2205
f 1901/539/2206 1917/371/2206 1559/371/2206 1619/369/2206
f 1610/430/2207 1720/540/2207 1905/429/2207
f 1596/357/2208 1909/423/2208 1910/541/2208
f 1890/537/2209 1888/407/2209 1650/407/2209 1836/384/2209
f 1607/367/2210 1906/414/2210 1911/402/2210
f 1880/533/2211 1915/528/2211 1563/528/2211 1659/437/2211
f 1902/370/2212 1917/371/2212 1559/371/2212 1617/370/2212
f 1896/288/2213 1716/383/2213 1829/383/2213 1630/288/2213
f 1914/282/2214 1881/436/2214 1658/436/2214 1565/282/2214
f 1910/541/2215 1912/361/2215 1601/361/2215 1596/357/2215
f 1718/381/2216 1897/404/2216 1626/270/2216 1827/381/2216
f 1790/288/2217 1789/470/2217 1678/470/2217 1677/288/2217
f 1607/367/2218 1911/402/2218 1721/657/2218
f 1659/437/2219 1843/438/2219 1844/439/2219
f 1764/440/2220 1842/432/2220 1659/437/2220
f 1659/437/2221 1660/441/2221 1764/440/2221
f 1942/542/2222 1943/435/2222 1764/440/2222
f 1944/549/2223 1943/435/2223 1942/542/2223
f 1945/448/2224 1947/446/2224 1944/549/2224
f 1944/549/2225 1947/446/2225 1943/435/2225
f 1763/443/2226 1770/444/2226 1947/446/2226
f 1768/450/2227 1770/444/2227 1769/622/2227
f 1681/287/2228 1790/288/2228 1677/288/2228 1949/475/2228
f 1569/282/2229 1786/284/2229 1797/282/2229
f 1791/291/2230 1798/290/2230 1567/474/2230 1676/468/2230
f 1665/457/2231 1663/279/2231 1661/460/2231
f 1796/293/2232 1795/292/2232 1662/454/2232 1853/270/2232
f 1793/285/2233 1783/286/2233 1852/452/2233 1664/453/2233
f 1666/281/2234 1798/290/2234 1794/280/2234
f 1914/282/2235 1882/531/2235 1842/432/2235 1565/282/2235
f 1663/279/2236 1774/458/2236 1666/281/2236
f 1671/351/2237 1773/467/2237 1668/416/2237 1566/527/2237
f 1614/390/2238 1904/391/2238 1903/397/2238
f 1667/418/2239 1668/416/2239 1773/467/2239
f 1773/467/2240 1672/465/2240 1776/472/2240
f 1672/465/2241 1670/466/2241 1776/472/2241
f 1787/462/2242 1786/284/2242 1738/459/2242 1682/461/2242
f 1785/658/2243 1784/289/2243 1676/468/2243 1851/469/2243
f 1790/288/2244 1784/289/2244 1675/471/2244 1677/288/2244
f 1678/470/2245 1675/471/2245 1776/472/2245
f 1675/471/2246 1851/469/2246 1776/472/2246
f 1773/467/2247 1776/472/2247 1851/469/2247
f 1679/473/2248 1852/452/2248 1680/451/2248
f 1679/473/2249 1664/453/2249 1852/452/2249
f 1676/468/2250 1784/289/2250 1791/291/2250
f 1854/463/2251 1788/283/2251 1787/462/2251
f 1784/289/2252 1785/658/2252 1851/469/2252 1675/471/2252
f 1795/292/2253 1793/285/2253 1664/453/2253 1662/454/2253
f 1797/282/2254 1788/283/2254 1854/463/2254 1569/282/2254
f 1929/481/2255 1746/479/2255 1570/304/2255 1685/482/2255
f 1682/461/2256 1776/472/2256 1854/463/2256
f 1856/569/2257 1747/476/2257 1858/477/2257
f 1855/659/2258 1857/478/2258 1747/476/2258
f 1746/479/2259 1684/480/2259 1683/488/2259
f 1807/507/2260 2015/660/2260 1694/506/2260 1571/507/2260
f 1865/488/2261 1864/490/2261 1862/487/2261
f 1867/566/2262 1862/487/2262 1868/495/2262
f 1759/496/2263 1691/494/2263 1692/403/2263
f 1697/509/2264 2018/650/2264 1869/508/2264
f 2019/661/2265 2033/609/2265 1925/368/2265 1760/655/2265
f 1693/497/2266 1606/401/2266 1695/503/2266
f 1869/508/2267 2018/650/2267 2017/651/2267
f 1549/343/2268 2024/580/2268 1745/306/2268
f 1749/319/2269 2001/588/2269 2037/578/2269
f 1595/355/2270 2008/579/2270 2026/581/2270
f 1872/519/2271 1704/412/2271 1642/426/2271 1873/662/2271
f 1695/503/2272 2027/504/2272 1694/506/2272
f 2027/504/2273 1696/505/2273 1694/506/2273
f 1608/405/104 2027/504/104 1606/401/104
f 1612/392/638 2027/504/638 1608/405/638
f 1598/340/2274 2038/501/2274 1611/363/2274
f 1808/354/2275 2026/581/2275 2025/587/2275
f 1976/517/2276 1703/594/2276 1871/516/2276
f 1701/592/2277 1871/516/2277 1703/594/2277
f 1976/517/2278 1702/548/2278 1703/594/2278
f 1643/427/2279 1640/421/2279 1652/398/2279
f 1704/412/2280 1631/419/2280 1642/426/2280
f 1705/518/2281 1872/519/2281 1873/662/2281
f 1707/520/2282 1704/412/2282 1705/518/2282 1706/522/2282
f 1972/288/2283 1730/559/2283 1729/557/2283 1971/639/2283
f 1708/521/2284 1704/412/2284 1707/520/2284
f 1709/523/2285 1640/421/2285 1646/410/2285
f 1875/525/2286 1876/526/2286 1572/417/2286
f 1916/442/2287 1879/529/2287 1878/530/2287
f 1883/532/2288 1573/439/2288 1882/531/2288
f 1883/532/2289 1880/533/2289 1573/439/2289
f 1714/534/2290 1885/536/2290 1713/616/2290
f 1888/407/2291 1890/537/2291 1651/406/2291
f 1889/535/1747 1895/420/1747 1884/399/1747
f 1718/381/2292 1719/464/2292 1717/380/2292
f 1917/371/2293 1901/539/2293 1900/538/2293
f 1904/391/2294 1905/429/2294 1720/540/2294
f 1904/391/2295 1911/402/2295 1905/429/2295
f 1911/402/2296 1735/656/2296 1721/657/2296
f 1911/402/2297 1908/365/2297 1735/656/2297
f 1911/402/2298 1910/541/2298 1909/423/2298
f 1945/448/2299 1951/628/2299 1763/443/2299
f 1970/663/2300 1736/664/2300 1921/562/2300 1992/563/2300
f 1730/559/2301 1972/288/2301 1992/563/2301
f 1984/519/2302 1872/519/2302 1873/662/2302 1985/662/2302
f 1991/638/2303 1920/558/2303 1728/554/2303 1969/612/2303
f 1725/270/2304 1918/551/2304 1722/271/2304 1775/565/2304
f 1731/564/2305 1919/276/2305 1725/270/2305 1775/565/2305
f 1853/270/2306 1918/551/2306 1968/632/2306
f 1918/551/2307 1724/552/2307 1968/632/2307
f 1968/632/2308 1723/624/2308 1575/625/2308
f 1723/624/2309 1968/632/2309 1724/552/2309
f 1724/552/2310 1726/553/2310 1567/474/2310 1723/624/2310
f 1986/545/2311 1985/662/2311 1873/662/2311 1642/426/2311
f 1669/555/2312 1727/620/2312 1728/554/2312
f 1953/634/2313 1705/518/2313 1873/662/2313 1985/662/2313
f 1730/559/2314 1921/562/2314 1736/664/2314 1738/459/2314
f 1772/556/2315 1728/554/2315 1920/558/2315
f 1848/270/2316 1849/278/2316 1724/552/2316 1725/270/2316
f 1849/278/2317 1781/276/2317 1919/276/2317 1724/552/2317
f 1780/272/2318 1948/272/2318 1722/271/2318 1850/271/2318
f 1846/274/2319 1781/276/2319 1919/276/2319 1731/564/2319
f 1922/561/2320 1949/475/2320 1734/666/2320 1923/665/2320
f 1949/475/2321 1732/560/2321 1567/474/2321
f 1732/560/2322 1733/630/2322 1567/474/2322
f 1732/560/2323 1922/561/2323 1923/665/2323
f 1963/667/2324 1959/635/2324 1943/435/2324 1766/447/2324
f 1944/549/2325 1964/550/2325 1945/448/2325
f 1781/276/2326 1848/270/2326 1725/270/2326 1919/276/2326
f 1722/271/2327 1853/270/2327 1850/271/2327
f 1674/269/2328 1846/274/2328 1731/564/2328 1737/269/2328
f 1673/273/2329 1779/268/2329 1950/268/2329 1679/473/2329
f 1726/553/2330 1847/277/2330 1845/275/2330
f 1860/488/2331 1928/488/2331 1683/488/2331 1865/488/2331
f 1736/664/2332 1975/633/2332 1738/459/2332
f 1856/569/2333 1930/571/2333 1747/476/2333
f 1929/481/2334 1863/492/2334 1864/490/2334
f 1864/490/2335 1865/488/2335 1683/488/2335 1684/480/2335
f 1927/489/2336 1862/487/2336 1926/264/2336 1577/570/2336
f 1553/265/2337 1868/495/2337 1866/491/2337
f 1928/488/2338 1861/489/2338 1927/489/2338
f 1746/479/2339 1928/488/2339 1927/489/2339 1577/570/2339
f 1928/488/2340 1746/479/2340 1683/488/2340
f 1858/477/2341 1859/295/2341 1799/295/2341 1800/477/2341
f 1551/267/2342 1866/491/2342 1863/492/2342
f 1551/267/2343 1929/481/2343 1686/483/2343
f 1551/267/2344 1863/492/2344 1929/481/2344
f 1576/263/2345 1867/566/2345 1868/495/2345
f 1931/294/2346 1857/478/2346 1855/659/2346
f 1746/479/2347 1930/571/2347 1856/569/2347
f 1686/483/2348 1931/294/2348 1855/659/2348
f 1577/570/2349 1930/571/2349 1746/479/2349
f 1778/567/2350 1747/476/2350 1930/571/2350
f 1936/328/2351 2025/587/2351 2002/512/2351
f 1686/483/2352 1855/659/2352 1747/476/2352
f 1632/377/2353 1802/300/2353 1934/378/2353
f 1589/642/2354 2004/608/2354 1647/607/2354
f 1688/486/2355 2022/583/2355 1999/575/2355
f 2017/651/2356 2019/661/2356 1760/655/2356 1869/508/2356
f 2013/649/2357 2011/499/2357 1939/500/2357 1758/362/2357
f 1550/297/2358 1932/332/2358 1933/348/2358
f 1743/310/2359 2022/583/2359 1742/311/2359
f 1752/315/2360 2006/576/2360 1751/324/2360
f 2021/593/2361 1703/594/2361 1941/376/2361 2034/653/2361
f 2036/301/2362 1804/302/2362 1933/348/2362 1835/349/2362
f 1758/362/2363 2014/590/2363 2013/649/2363
f 1759/496/2364 2012/605/2364 1691/494/2364
f 1691/494/2365 2012/605/2365 2009/648/2365
f 1999/575/2366 1582/585/2366 1740/308/2366 1741/309/2366
f 1745/306/2367 2024/580/2367 1744/604/2367
f 2003/602/2368 2030/598/2368 1754/321/2368 1755/323/2368
f 1744/604/2369 2023/584/2369 1743/310/2369
f 2035/303/2370 1686/483/2370 1570/304/2370 1810/304/2370
f 1694/506/2371 2015/660/2371 2038/501/2371
f 1694/506/2372 2038/501/2372 2014/590/2372
f 1751/324/2373 2007/577/2373 1937/654/2373
f 1748/314/2374 2037/578/2374 2000/574/2374
f 1599/338/2375 2028/502/2375 1598/340/2375
f 1941/376/2376 1761/325/2376 2034/653/2376
f 1584/586/2377 1742/311/2377 1688/486/2377
f 1583/312/2378 1689/484/2378 1687/485/2378
f 1742/311/2379 2022/583/2379 1688/486/2379
f 1587/589/2380 1750/511/2380 2002/512/2380
f 1581/298/2381 1802/300/2381 1632/377/2381
f 1555/329/2382 1936/328/2382 1750/511/2382
f 1691/494/2383 2009/648/2383 2008/579/2383
f 1686/483/2384 2035/303/2384 1931/294/2384
f 1805/482/2385 1810/304/2385 1570/304/2385 1685/482/2385
f 1802/300/2386 1581/298/2386 1931/294/2386 2035/303/2386
f 1746/479/2387 1810/304/2387 1570/304/2387
f 1757/582/2388 2011/499/2388 2005/603/2388
f 1753/313/2389 2029/573/2389 1752/315/2389
f 1756/595/2390 1755/323/2390 1590/337/2390 1591/336/2390
f 2039/652/2391 1870/514/2391 1940/610/2391 2033/609/2391
f 2031/600/2392 2010/606/2392 1938/356/2392
f 1739/305/2393 1582/585/2393 1801/572/2393
f 1557/320/2394 2032/597/2394 1588/643/2394
f 1756/595/2395 2005/603/2395 2003/602/2395
f 1937/654/2396 2007/577/2396 1599/338/2396
f 2004/608/2397 1589/642/2397 1588/643/2397 2032/597/2397
f 1571/507/2398 2027/504/2398 1807/507/2398
f 2040/668/2399 2020/591/2399 1700/515/2399 1871/516/2399
f 2040/668/2400 1871/516/2400 1701/592/2400 2021/593/2400
f 1754/321/2401 2030/598/2401 1557/320/2401
f 2018/650/2402 1697/509/2402 1870/514/2402 2039/652/2402
f 1938/356/2403 2012/605/2403 1759/496/2403
f 1604/359/2404 1759/496/2404 1693/497/2404
f 1600/360/2405 1692/403/2405 1556/358/2405
f 1807/507/2406 2016/505/2406 1696/505/2406 1571/507/2406
f 1604/359/2407 1693/497/2407 1695/503/2407
f 1607/367/2408 1604/359/2408 1695/503/2408
f 1698/510/2409 1869/508/2409 1616/270/2409 1617/370/2409
f 1605/422/2410 1695/503/2410 1694/506/2410
f 1559/371/2411 1698/510/2411 1617/370/2411
f 1869/508/2412 1760/655/2412 1615/342/2412 1616/270/2412
f 1976/517/2413 1700/515/2413 1622/342/2413 1623/270/2413
f 1699/513/2414 1698/510/2414 1559/371/2414
f 1621/409/2415 1870/514/2415 1699/513/2415
f 1620/351/2416 2033/609/2416 1940/610/2416
f 1700/515/2417 1761/325/2417 1560/325/2417 1622/342/2417
f 1761/325/2418 1941/376/2418 1627/351/2418 1560/325/2418
f 1971/639/2419 1729/557/2419 1920/558/2419 1991/638/2419
f 1561/371/2420 1762/379/2420 1976/517/2420
f 1708/521/2421 1710/611/2421 1653/393/2421 1654/389/2421
f 1703/594/2422 1702/548/2422 1629/382/2422
f 1941/376/2423 1703/594/2423 1628/351/2423
f 1629/382/2424 1702/548/2424 1630/288/2424
f 1651/406/2425 1704/412/2425 1708/521/2425
f 1891/411/2426 1709/523/2426 1646/410/2426
f 1650/407/2427 1651/406/2427 1708/521/2427
f 1988/636/2428 1842/432/2428 1771/431/2428 1956/614/2428
f 1889/535/2429 1655/524/2429 1709/523/2429
f 1947/446/2430 1981/547/2430 1965/623/2430
f 1942/542/2431 1962/543/2431 1944/549/2431
f 1955/520/2432 1954/522/2432 1706/522/2432 1707/520/2432
f 1763/443/2433 1978/627/2433 1946/445/2433
f 1711/669/2434 1712/395/2434 1658/436/2434 1842/432/2434
f 1657/400/2435 1714/534/2435 1563/528/2435
f 1886/394/2436 1712/395/2436 1655/524/2436
f 1714/534/2437 1713/616/2437 1764/440/2437 1660/441/2437
f 1658/436/2438 1712/395/2438 1565/282/2438
f 1710/611/2439 1956/614/2439 1771/431/2439
f 1946/445/2440 1966/617/2440 1770/444/2440
f 1987/615/2441 1708/521/2441 1706/522/2441 1954/522/2441
f 1773/467/2442 1982/629/2442 1990/613/2442
f 1727/620/2443 1990/613/2443 1728/554/2443
f 1983/670/2444 1974/671/2444 1734/666/2444 1776/472/2444
f 1764/440/2445 1961/544/2445 1942/542/2445
f 1885/536/2446 1989/672/2446 1961/544/2446
f 1959/635/2447 1980/673/2447 1765/424/2447 1943/435/2447
f 1958/637/2448 1989/672/2448 1885/536/2448 1712/395/2448
f 1957/674/2449 1711/669/2449 1842/432/2449 1988/636/2449
f 1994/665/2450 1993/561/2450 1922/561/2450 1923/665/2450
f 1766/447/2451 1965/623/2451 1963/667/2451
f 1765/424/2452 1952/546/2452 1642/426/2452
f 1960/619/2453 1961/544/2453 1764/440/2453 1713/616/2453
f 1970/663/2454 1983/670/2454 1975/633/2454 1736/664/2454
f 1994/665/2455 1923/665/2455 1734/666/2455 1974/671/2455
f 1994/665/2456 1973/631/2456 1732/560/2456 1923/665/2456
f 1953/634/2457 1954/522/2457 1706/522/2457 1705/518/2457
f 1958/637/2458 1712/395/2458 1711/669/2458 1988/636/2458
f 1782/551/2459 1848/270/2459 1725/270/2459 1918/551/2459
f 1765/424/2460 1980/673/2460 1979/626/2460
f 1776/472/2461 1975/633/2461 1983/670/2461
f 1768/450/2462 1967/621/2462 1981/547/2462
f 1769/622/2463 1966/617/2463 1967/621/2463
f 1853/270/2464 1968/632/2464 1661/460/2464
f 1661/460/2465 1968/632/2465 1665/457/2465
f 1948/272/2466 1662/454/2466 1568/455/2466 1775/565/2466
f 1948/272/2467 1775/565/2467 1722/271/2467
f 1772/556/2468 1729/557/2468 1672/465/2468 1671/351/2468
f 1667/418/2469 1727/620/2469 1669/555/2469
f 1711/669/2470 1957/674/2470 1988/636/2470
f 1566/527/2471 1669/555/2471 1772/556/2471
f 1730/559/2472 1777/456/2472 1569/282/2472 1672/465/2472
f 1672/465/2473 1729/557/2473 1730/559/2473
f 1734/666/2474 1949/475/2474 1678/470/2474 1776/472/2474
f 1676/468/2475 1733/630/2475 1773/467/2475
f 1775/565/2476 1568/455/2476 1679/473/2476 1950/268/2476
f 1781/276/2477 1847/277/2477 1726/553/2477 1919/276/2477
f 1850/271/2478 1782/551/2478 1918/551/2478 1722/271/2478
f 1989/672/2479 1958/637/2479 1959/635/2479 1961/544/2479
f 1776/472/2480 1682/461/2480 1975/633/2480
f 1952/546/2481 1953/634/2481 1985/662/2481
f 1952/546/2482 1985/662/2482 1986/545/2482
f 1980/673/861 1959/635/861 1979/626/861
f 1988/636/2483 1987/615/2483 1959/635/2483
f 1971/639/2484 1969/612/2484 1982/629/2484 1992/563/2484
f 1962/543/2485 1959/635/2485 1964/550/2485
f 1965/623/1877 1959/635/1877 1963/667/1877
f 1964/550/2486 1965/623/2486 1951/628/2486
f 1966/617/2487 1951/628/2487 1965/623/2487
f 1981/547/2488 1966/617/2488 1965/623/2488
f 1994/665/2489 1974/671/2489 1983/670/2489 1982/629/2489
f 1982/629/2490 1973/631/2490 1994/665/2490
f 1992/563/2491 1982/629/2491 1983/670/2491 1970/663/2491
f 1840/329/2492 1830/644/2492 1936/328/2492
f 1812/647/2493 1937/654/2493 1599/338/2493
f 1757/582/2494 1599/338/2494 1644/498/2494
f 1582/585/2495 2024/580/2495 1801/572/2495
f 2023/584/2496 1999/575/2496 2022/583/2496
f 2029/573/104 2037/578/104 2006/576/104
f 2032/597/2497 2037/578/2497 2025/587/2497
f 2031/600/2498 2026/581/2498 2010/606/2498
f 2010/606/2499 2026/581/2499 2009/648/2499
f 2010/606/2500 2009/648/2500 2012/605/2500
f 2013/649/2501 2014/590/2501 2038/501/2501
f 1807/507/2502 2038/501/2502 2015/660/2502
f 2019/661/2503 2017/651/2503 2033/609/2503
f 2020/591/2504 2040/668/2504 2021/593/2504
f 1761/325/2505 2020/591/2505 2034/653/2505
f 1746/479/2506 1804/302/2506 1810/304/2506
f 2027/504/2507 2038/501/2507 1807/507/2507
f 650/466/2508 772/466/2508 1792/466/2508 1670/466/2508
f 769/470/2509 658/470/2509 1678/470/2509 1789/470/2509
f 838/477/2510 839/295/2510 1859/295/2510 1858/477/2510
f 553/439/2511 554/438/2511 1574/438/2511 1573/439/2511
f 762/551/2512 828/270/2512 1848/270/2512 1782/551/2512
f 830/271/6 762/551/6 1782/551/6 1850/271/6
f 770/288/2513 769/470/2513 1789/470/2513 1790/288/2513
f 772/466/2514 777/282/2514 1797/282/2514 1792/466/2514
f 785/482/2515 790/304/2515 1810/304/2515 1805/482/2515
f 616/372/2516 605/372/2516 1625/372/2516 1636/372/2516
f 617/351/2517 600/351/2517 1620/351/2517 1637/351/2517
f 598/372/2518 618/372/2518 1638/372/2518 1618/372/2518
f 595/342/2519 619/341/2519 1639/341/2519 1615/342/2519
f 560/299/2520 817/299/2520 1837/299/2520 1580/299/2520
f 565/318/2521 814/334/2521 1834/334/2521 1585/318/2521
f 798/346/2522 976/345/2522 1996/345/2522 1818/346/2522
f 570/337/2523 795/337/2523 1815/337/2523 1590/337/2523
f 573/599/2524 629/599/2524 1649/599/2524 1593/599/2524
f 629/599/2525 628/601/2525 1648/601/2525 1649/599/2525
f 795/337/2526 794/335/2526 1814/335/2526 1815/337/2526
f 814/334/2527 813/589/2527 1833/589/2527 1834/334/2527
f 817/299/2528 821/297/2528 1841/297/2528 1837/299/2528
f 633/393/2529 867/388/2529 1887/388/2529 1653/393/2529
f 536/358/2530 904/358/2530 1924/358/2530 1556/358/2530
f 887/364/2531 583/364/2531 1603/364/2531 1907/364/2531
f 640/441/2532 857/441/2532 1877/441/2532 1660/441/2532
f 651/351/2533 854/351/2533 1874/351/2533 1671/351/2533
f 554/438/2534 823/438/2534 1843/438/2534 1574/438/2534
f 603/270/2535 878/270/2535 1898/270/2535 1623/270/2535
f 597/370/2536 882/370/2536 1902/370/2536 1617/370/2536
f 610/288/2537 876/288/2537 1896/288/2537 1630/288/2537
f 861/436/2538 638/436/2538 1658/436/2538 1881/436/2538
f 876/288/2539 696/383/2539 1716/383/2539 1896/288/2539
f 698/381/2540 877/404/2540 1897/404/2540 1718/381/2540
f 854/351/2541 893/527/2541 1913/527/2541 1874/351/2541
f 857/441/2542 896/442/2542 1916/442/2542 1877/441/2542
f 894/282/2543 861/436/2543 1881/436/2543 1914/282/2543
f 867/388/2544 868/407/2544 1888/407/2544 1887/388/2544
f 878/270/2545 877/404/2545 1897/404/2545 1898/270/2545
f 882/370/2546 897/371/2546 1917/371/2546 1902/370/2546
f 888/365/2547 887/364/2547 1907/364/2547 1908/365/2547
f 904/358/2548 892/361/2548 1912/361/2548 1924/358/2548
f 964/519/2549 852/519/2549 1872/519/2549 1984/519/2549
f 687/520/2550 935/520/2550 1955/520/2550 1707/520/2550
f 839/295/2551 779/295/2551 1799/295/2551 1859/295/2551
f 665/482/2552 785/482/2552 1805/482/2552 1685/482/2552
f 996/505/2553 676/505/2553 1696/505/2553 2016/505/2553
f 973/561/2554 902/561/2554 1922/561/2554 1993/561/2554
f 935/520/2555 934/522/2555 1954/522/2555 1955/520/2555
f 965/662/2556 964/519/2556 1984/519/2556 1985/662/2556
f 974/665/2557 973/561/2557 1993/561/2557 1994/665/2557
f 619/341/2558 976/345/2558 1996/345/2558 1639/341/2558
f 618/372/104 977/373/104 1997/373/104 1638/372/104
f 977/373/104 617/351/104 1637/351/104 1997/373/104
f 978/326/2559 616/372/2559 1636/372/2559 1998/326/2559
f 978/326/2560 615/350/2560 1635/350/2560 1998/326/2560
f 787/507/2561 996/505/2561 2016/505/2561 1807/507/2561
f 615/350/2562 540/325/2562 1560/325/2562 1635/350/2562
l 608 614
l 1628 1634
