# Blender 5.0.1
# www.blender.org
mtllib SmileBL.mtl
o BrokeOff2.001
v -0.950496 -0.884856 0.190145
v -1.305386 0.037483 0.005709
v -0.000000 -0.012984 0.082207
v -0.534877 -1.186994 0.354836
v -0.909512 0.079752 -0.084430
v -0.330829 -1.255684 0.312303
v -0.307968 0.113800 0.029425
v 0.000000 -0.495772 0.042609
v -1.279016 -0.269665 -0.038683
v -0.568532 -0.587701 0.046736
v -1.161333 -0.578196 0.026519
v -0.655438 -0.122163 -0.062924
v -0.402862 -0.358762 -0.016045
v -0.367796 -0.756380 0.191213
v -0.573623 -0.084406 -0.105876
v -0.669442 -0.332006 -0.053926
v -0.882298 -0.631349 -0.004512
v -0.952208 -0.290621 0.021908
v -0.761145 -1.056461 0.337388
v 0.000000 0.328460 0.172509
v 0.330829 -1.255684 0.078129
v 0.307968 0.113800 0.151985
v 0.402862 -0.358762 0.014643
v 0.367796 -0.756380 -0.035626
v 0.347655 0.318595 0.181544
v -0.260092 -1.268492 0.311730
v -1.293608 -0.196821 -0.034410
v -1.303084 -0.123027 -0.024312
v -1.307119 -0.045765 -0.011139
v -0.000000 0.263151 0.163845
v 0.000000 0.188627 0.145017
v 0.000000 0.102245 0.117565
v -1.017302 0.072528 -0.081618
v -1.114086 0.062131 -0.063912
v -1.209840 0.050167 -0.031635
v -0.705958 -1.092009 0.356821
v -0.647537 -1.126783 0.371200
v -0.589352 -1.159028 0.376318
v -0.575317 -0.762102 0.160940
v -0.565759 -0.908792 0.286149
v -0.551375 -1.049180 0.357727
v -0.486133 -1.209470 0.351690
v -0.439354 -1.227412 0.355978
v -0.389324 -1.242317 0.310990
v -0.117083 0.028410 0.065874
v -0.199338 0.063717 0.054781
v -0.264298 0.093758 0.041799
v -0.320409 0.208717 0.053659
v -0.311469 0.154783 0.040057
v -0.358554 -0.881206 0.260386
v -0.349312 -1.006032 0.313362
v -0.340071 -1.130858 0.341004
v -1.297790 0.127958 0.027096
v -1.285149 0.221796 0.052269
v -1.201610 -0.497675 -0.002439
v -1.233950 -0.419611 -0.023467
v -1.259403 -0.343706 -0.035271
v -1.030297 -0.283707 -0.006394
v -1.111483 -0.278228 -0.051080
v -1.194733 -0.273707 -0.069497
v -1.003851 -0.817852 0.137674
v -1.059132 -0.741981 0.092154
v -1.112865 -0.660743 0.056559
v -0.953423 -0.619836 -0.002611
v -1.023377 -0.606801 0.005094
v -1.092550 -0.592752 0.015781
v -0.834597 0.018601 -0.059179
v -0.772387 -0.030788 -0.041740
v -0.713276 -0.077112 -0.043672
v -0.657452 -0.633997 0.036367
v -0.734964 -0.642949 0.016223
v -0.809610 -0.640229 0.001697
v -0.351064 0.089601 0.004747
v -0.415215 0.050908 -0.032790
v -0.490067 -0.001213 -0.075558
v -0.594870 0.116365 -0.069728
v -0.576990 0.037096 -0.094170
v -0.654241 -0.397677 -0.062691
v -0.631417 -0.464653 -0.034523
v -0.602378 -0.529229 0.005193
v -0.288808 -0.794017 0.200382
v -0.113981 -0.486439 0.049523
v -0.222655 -0.460728 0.042182
v -0.320718 -0.418107 0.020441
v -0.667703 -0.165396 -0.044048
v -0.675036 -0.215108 -0.033851
v -0.676072 -0.270807 -0.038009
v -0.598178 -0.061795 -0.104016
v -0.620236 -0.064664 -0.096965
v -0.639441 -0.086844 -0.082701
v -0.465462 -0.284858 -0.056796
v -0.511608 -0.206467 -0.091031
v -0.546072 -0.135634 -0.103733
v -0.530579 -0.637456 0.089726
v -0.486374 -0.680254 0.132228
v -0.433064 -0.718944 0.169187
v -0.094009 -0.114426 0.070863
v -0.191145 -0.199614 0.055499
v -0.295157 -0.280203 -0.008025
v -0.737553 -0.320463 -0.019944
v -0.806696 -0.309399 0.007964
v -0.877903 -0.299292 0.023805
v -0.902379 -0.938528 0.238415
v -0.856758 -0.982889 0.279379
v -0.810729 -1.020994 0.312338
v -0.942006 -0.372327 -0.021317
v -0.926516 -0.454606 -0.054020
v -0.906394 -0.540075 -0.042474
v -0.940113 -0.028852 -0.028512
v -0.952977 -0.120466 0.025790
v -0.956322 -0.207123 0.046597
v -0.854913 -0.730258 0.055118
v -0.825039 -0.835483 0.149108
v -0.793507 -0.944919 0.259720
v -0.919309 0.186144 -0.059047
v -0.090775 0.328693 0.155276
v -0.823781 0.139736 -0.086933
v -0.754597 0.180812 -0.066378
v 0.439354 -1.227412 0.058221
v 0.389324 -1.242317 0.065961
v 0.117083 0.028410 0.121615
v 0.199338 0.063717 0.143378
v 0.264298 0.093758 0.149278
v 0.333475 0.264550 0.176931
v 0.320409 0.208717 0.169614
v 0.311469 0.154783 0.160347
v 0.358554 -0.881206 -0.019097
v 0.349312 -1.006032 0.008520
v 0.340071 -1.130858 0.042315
v 0.351064 0.089601 0.145235
v 0.415215 0.050908 0.134636
v 0.113981 -0.486439 0.026259
v 0.222655 -0.460728 0.010100
v 0.320718 -0.418107 0.004017
v 0.465462 -0.284858 0.035631
v 0.433064 -0.718944 -0.042421
v 0.094009 -0.114426 0.162223
v 0.191145 -0.199614 0.224160
v 0.295157 -0.280203 0.042949
v 0.423449 0.306368 0.180442
v 0.266147 0.325461 0.182443
v 0.180006 0.328261 0.183138
v 0.090775 0.328693 0.182190
v -0.090463 0.113495 0.098957
v -0.084630 0.193220 0.125842
v -0.086306 0.264901 0.144262
v -0.173031 0.133233 0.083255
v -0.167016 0.202318 0.105307
v -0.171382 0.267905 0.121055
v -0.245864 0.149602 0.064093
v -0.245455 0.209246 0.080858
v -0.375394 0.141495 0.011179
v -0.392813 0.197023 0.023961
v -0.442531 0.113403 -0.023402
v -0.463328 0.175360 -0.007967
v -0.512633 0.075016 -0.061237
v -0.531773 0.146719 -0.040447
v -0.680719 -0.542154 -0.015892
v -0.704854 -0.465206 -0.053860
v -0.724494 -0.391732 -0.051804
v -0.757283 -0.548033 -0.031898
v -0.778351 -0.464220 -0.059387
v -0.795413 -0.385590 -0.036180
v -0.832264 -0.546496 -0.040923
v -0.852061 -0.460547 -0.057565
v -0.867675 -0.379106 -0.024579
v -0.608640 -1.025290 0.346831
v -0.626382 -0.890899 0.256401
v -0.641609 -0.756716 0.129102
v -0.670357 -0.999727 0.326985
v -0.692492 -0.874378 0.219345
v -0.713633 -0.753357 0.098636
v -0.733066 -0.972718 0.295755
v -0.759659 -0.855874 0.181630
v -0.785267 -0.744038 0.072677
v -0.400380 -1.111652 0.354938
v -0.411370 -0.980890 0.317943
v -0.422250 -0.849966 0.252846
v -0.452076 -1.092047 0.361264
v -0.464270 -0.955905 0.314602
v -0.475586 -0.818468 0.233079
v -0.500551 -1.071352 0.362071
v -0.513452 -0.931067 0.305435
v -0.523475 -0.786561 0.198888
v -0.267271 -1.149873 0.315924
v -0.274450 -1.031254 0.297343
v -0.281629 -0.912635 0.226130
v -0.742789 -0.251984 0.009102
v -0.740263 -0.187558 0.013254
v -0.730338 -0.128681 -0.009111
v -0.810835 -0.234263 0.044277
v -0.807121 -0.161095 0.045845
v -0.794813 -0.091902 0.007872
v -0.881550 -0.218820 0.059689
v -0.877330 -0.137392 0.050863
v -0.863364 -0.056058 -0.001017
v -0.180748 -0.054625 0.079184
v -0.253396 -0.003765 0.029977
v -0.310409 0.043055 0.009406
v -0.267046 -0.133710 -0.005535
v -0.329047 -0.070473 -0.020862
v -0.377996 -0.009744 -0.031633
v -0.363862 -0.209983 -0.035882
v -0.417320 -0.138116 -0.059167
v -0.458702 -0.069513 -0.074031
v -0.980295 -0.531242 -0.037182
v -1.002177 -0.447133 -0.052750
v -1.018901 -0.365344 -0.032180
v -1.054112 -0.520894 -0.026976
v -1.078865 -0.438567 -0.053773
v -1.097900 -0.358213 -0.056204
v -1.127875 -0.509537 -0.014601
v -1.156237 -0.429271 -0.043700
v -1.178301 -0.350984 -0.062208
v -1.036069 -0.200210 -0.000169
v -1.035414 -0.113469 -0.020570
v -1.027965 -0.022415 -0.058291
v -1.119798 -0.197106 -0.053294
v -1.122703 -0.113742 -0.065226
v -1.120312 -0.027332 -0.076261
v -1.206075 -0.196382 -0.071706
v -1.212371 -0.117595 -0.066666
v -1.213582 -0.035871 -0.051882
v -0.849358 -0.916676 0.224730
v -0.886814 -0.813950 0.124812
v -0.921910 -0.714433 0.047025
v -0.901868 -0.886657 0.192280
v -0.945661 -0.791159 0.108180
v -0.986739 -0.697317 0.046330
v -0.952997 -0.853510 0.162690
v -1.002802 -0.766967 0.097729
v -1.050153 -0.679268 0.050355
v -1.188999 0.233285 0.024319
v -1.010456 0.167454 -0.052066
v -1.105426 0.153924 -0.032976
v -1.201419 0.140957 -0.005727
v -0.672997 0.152529 -0.070287
v -0.730747 0.117952 -0.092786
v -0.786586 0.075232 -0.092518
v -0.649620 0.088081 -0.093326
v -0.697227 0.057436 -0.101418
v -0.738989 0.018711 -0.082104
v -0.623749 0.016782 -0.106511
v -0.659572 -0.003383 -0.098772
v -0.689427 -0.034699 -0.076767
v 0.090463 0.113495 0.141710
v 0.173030 0.133233 0.159046
v 0.245864 0.149602 0.161575
v 0.084630 0.193220 0.163072
v 0.167016 0.202318 0.172460
v 0.245455 0.209246 0.171519
v 0.086306 0.264901 0.176962
v 0.171382 0.267905 0.180089
v 0.254069 0.268839 0.178547
v 0.375394 0.141495 0.156346
v 0.442531 0.113403 0.149815
v 0.392813 0.197023 0.166718
v 0.463328 0.175360 0.162771
v 0.408959 0.252694 0.174948
v 0.480611 0.233982 0.172553
v 0.400380 -1.111652 0.027562
v 0.452076 -1.092047 0.018655
v 0.411370 -0.980890 -0.006807
v 0.464270 -0.955905 -0.014850
v 0.422250 -0.849966 -0.032109
v 0.475586 -0.818468 -0.036376
v 0.180748 -0.054625 0.246531
v 0.267046 -0.133710 0.088084
v 0.363862 -0.209983 0.059273
v 0.253396 -0.003765 0.137699
v 0.329047 -0.070473 0.102935
v 0.417320 -0.138116 0.080011
v 0.310409 0.043055 0.135088
v 0.377996 -0.009744 0.118737
v 0.458702 -0.069513 0.100908
v 0.209209 -0.343515 0.245509
v 0.101270 -0.267347 0.162578
v -0.000000 -0.189038 0.097250
v 0.109288 -0.398469 0.029975
v 0.000000 -0.334357 0.121629
v -0.101270 -0.267347 0.069114
v 0.000000 -0.445148 0.037497
v -0.109288 -0.398469 0.032022
v -0.209209 -0.343515 0.015530
v -0.950496 -0.884856 -0.135211
v 0.000000 -1.290503 -0.153804
v -1.305386 0.037483 -0.294817
v -0.000000 -0.012984 -0.213473
v -0.534877 -1.186994 0.004425
v -0.909512 0.079752 -0.196215
v -0.330829 -1.255684 -0.038174
v -0.307968 0.113800 -0.275563
v 0.000000 -0.495772 -0.264243
v -1.279016 -0.269665 -0.283020
v -0.568532 -0.587701 -0.266408
v -1.161333 -0.578196 -0.286416
v -0.655438 -0.122163 -0.145359
v -0.402862 -0.358762 -0.321478
v -0.367796 -0.756380 -0.152196
v -0.573623 -0.084406 -0.259788
v -0.000000 -0.861325 -0.214955
v -0.669442 -0.332006 -0.123053
v -0.882298 -0.631349 -0.257756
v -0.952208 -0.290621 0.034149
v -0.761145 -1.056461 -0.031798
v -0.000000 0.328460 -0.169054
v 0.330829 -1.255684 -0.245780
v 0.307968 0.113800 -0.184128
v 0.402862 -0.358762 -0.293928
v 0.367796 -0.756380 -0.335399
v 0.347655 0.318595 -0.166580
v -0.260092 -1.268492 -0.060657
v -0.179095 -1.279642 -0.088900
v -0.091258 -1.287518 -0.120874
v -0.000000 -0.968619 -0.198801
v 0.000000 -1.075914 -0.182058
v 0.000000 -1.183208 -0.166451
v -1.293608 -0.196821 -0.288910
v -1.303084 -0.123027 -0.296763
v -1.307119 -0.045765 -0.301556
v -0.000000 0.263151 -0.173066
v 0.000000 0.188627 -0.179515
v 0.000000 0.102245 -0.191840
v -1.017302 0.072528 -0.216741
v -1.114086 0.062131 -0.258197
v -1.209840 0.050167 -0.296187
v -0.705958 -1.092009 -0.014707
v -0.647537 -1.126783 -0.002217
v -0.589352 -1.159028 0.004170
v -0.575317 -0.762102 -0.159224
v -0.565759 -0.908792 -0.073020
v -0.551375 -1.049180 -0.014513
v -0.486133 -1.209470 -0.000749
v -0.439354 -1.227412 -0.009886
v -0.389324 -1.242317 -0.021864
v -0.117083 0.028410 -0.230068
v -0.199338 0.063717 -0.248606
v -0.264298 0.093758 -0.265230
v -0.320409 0.208717 -0.256030
v -0.311469 0.154783 -0.266972
v -0.358554 -0.881206 -0.095930
v -0.349312 -1.006032 -0.052773
v -0.340071 -1.130858 -0.032941
v -1.297790 0.127958 -0.277449
v -1.285149 0.221796 -0.257146
v -1.201610 -0.497675 -0.288820
v -1.233950 -0.419611 -0.284474
v -1.259403 -0.343706 -0.281720
v -1.030297 -0.283707 -0.013948
v -1.111483 -0.278228 -0.107136
v -1.194733 -0.273707 -0.207548
v -1.003851 -0.817852 -0.176475
v -1.059132 -0.741981 -0.220108
v -1.112865 -0.660742 -0.260551
v -0.953423 -0.619836 -0.259363
v -1.023377 -0.606801 -0.266298
v -1.092550 -0.592752 -0.277063
v -0.834597 0.018601 -0.126800
v -0.772387 -0.030788 -0.099705
v -0.713276 -0.077112 -0.108038
v -0.657452 -0.633997 -0.257373
v -0.734964 -0.642949 -0.259673
v -0.809610 -0.640229 -0.259279
v -0.351064 0.089601 -0.295600
v -0.415215 0.050908 -0.326211
v -0.490067 -0.001213 -0.343275
v -0.594870 0.116365 -0.333779
v -0.576990 0.037096 -0.313862
v -0.654241 -0.397677 -0.178290
v -0.631417 -0.464653 -0.239479
v -0.602378 -0.529229 -0.277944
v -0.288808 -0.794017 -0.143907
v -0.198710 -0.827732 -0.151127
v -0.101207 -0.852007 -0.175743
v -0.113981 -0.486439 -0.255579
v -0.222655 -0.460728 -0.261873
v -0.320718 -0.418107 -0.285112
v -0.667703 -0.165396 -0.110806
v -0.675036 -0.215108 -0.090177
v -0.676072 -0.270808 -0.092465
v -0.598178 -0.061795 -0.244924
v -0.620236 -0.064664 -0.219642
v -0.639441 -0.086844 -0.184584
v -0.465462 -0.284858 -0.322998
v -0.511608 -0.206467 -0.292356
v -0.546072 -0.135634 -0.270679
v -0.530579 -0.637456 -0.228325
v -0.486374 -0.680253 -0.196528
v -0.433064 -0.718944 -0.170821
v -0.094009 -0.114426 -0.250594
v -0.191145 -0.199614 -0.281975
v -0.295157 -0.280203 -0.305499
v -0.737553 -0.320463 -0.041867
v -0.806696 -0.309399 0.010058
v -0.877903 -0.299292 0.036460
v -0.902379 -0.938528 -0.101636
v -0.856758 -0.982889 -0.074294
v -0.810729 -1.020994 -0.051565
v -0.942006 -0.372327 -0.024650
v -0.926516 -0.454606 -0.103280
v -0.906394 -0.540075 -0.197115
v -0.940113 -0.028852 -0.064556
v -0.952977 -0.120466 0.024167
v -0.956322 -0.207123 0.060655
v -0.854913 -0.730258 -0.221269
v -0.825039 -0.835483 -0.150509
v -0.793507 -0.944919 -0.083655
v -0.919309 0.186144 -0.299377
v -0.090775 0.328694 -0.179073
v -0.823781 0.139736 -0.270241
v -0.754597 0.180812 -0.315189
v 0.260092 -1.268492 -0.231935
v 0.179095 -1.279642 -0.211471
v 0.091258 -1.287518 -0.184853
v 0.439354 -1.227412 -0.258893
v 0.389324 -1.242317 -0.254038
v 0.117083 0.028410 -0.193782
v 0.199338 0.063717 -0.188390
v 0.264298 0.093758 -0.186114
v 0.333475 0.264550 -0.168008
v 0.320409 0.208717 -0.172056
v 0.311469 0.154783 -0.178171
v 0.358554 -0.881206 -0.324043
v 0.349312 -1.006032 -0.302913
v 0.340071 -1.130858 -0.275573
v 0.351064 0.089601 -0.189119
v 0.415215 0.050908 -0.197176
v 0.288808 -0.794017 -0.322166
v 0.198710 -0.827732 -0.296499
v 0.101207 -0.852007 -0.259420
v 0.113981 -0.486439 -0.281547
v 0.222655 -0.460728 -0.298770
v 0.320718 -0.418107 -0.302486
v 0.465462 -0.284858 -0.276891
v 0.433064 -0.718944 -0.338420
v 0.094009 -0.114426 -0.224952
v 0.191145 -0.199614 -0.243847
v 0.295157 -0.280203 -0.270927
v 0.423449 0.306368 -0.166730
v 0.266147 0.325461 -0.166579
v 0.180006 0.328261 -0.166579
v 0.090775 0.328693 -0.166579
v -0.090463 0.113495 -0.208237
v -0.084630 0.193220 -0.195159
v -0.086306 0.264901 -0.186079
v -0.173031 0.133233 -0.228165
v -0.167016 0.202318 -0.214148
v -0.171382 0.267905 -0.203380
v -0.245864 0.149602 -0.247528
v -0.245455 0.209246 -0.234387
v -0.375394 0.141495 -0.290367
v -0.392813 0.197023 -0.279989
v -0.442531 0.113403 -0.318549
v -0.463328 0.175360 -0.305958
v -0.512633 0.075015 -0.343284
v -0.531773 0.146719 -0.332459
v -0.680719 -0.542154 -0.252738
v -0.704854 -0.465206 -0.185439
v -0.724494 -0.391732 -0.105179
v -0.757283 -0.548033 -0.226793
v -0.778351 -0.464220 -0.137877
v -0.795413 -0.385590 -0.052195
v -0.832264 -0.546496 -0.206107
v -0.852061 -0.460547 -0.108357
v -0.867675 -0.379106 -0.026957
v -0.608639 -1.025290 -0.025078
v -0.626382 -0.890899 -0.089289
v -0.641609 -0.756716 -0.174282
v -0.670357 -0.999727 -0.041424
v -0.692492 -0.874378 -0.108450
v -0.713633 -0.753357 -0.188635
v -0.733066 -0.972718 -0.061546
v -0.759659 -0.855874 -0.129332
v -0.785267 -0.744038 -0.204926
v -0.400380 -1.111652 -0.018373
v -0.411370 -0.980890 -0.048213
v -0.422250 -0.849966 -0.103085
v -0.452076 -1.092047 -0.011554
v -0.464270 -0.955905 -0.051504
v -0.475586 -0.818468 -0.117938
v -0.500551 -1.071352 -0.010402
v -0.513452 -0.931067 -0.060370
v -0.523475 -0.786561 -0.138295
v -0.093745 -1.178640 -0.128152
v -0.096232 -1.069763 -0.139494
v -0.098720 -0.960885 -0.153833
v -0.183999 -1.166664 -0.091030
v -0.188903 -1.053687 -0.098757
v -0.193807 -0.940709 -0.119077
v -0.267271 -1.149873 -0.058210
v -0.274450 -1.031254 -0.068754
v -0.281629 -0.912635 -0.099969
v -0.742789 -0.251984 -0.008905
v -0.740263 -0.187558 -0.014619
v -0.730338 -0.128681 -0.052517
v -0.810835 -0.234263 0.047923
v -0.807121 -0.161095 0.037455
v -0.794813 -0.091902 -0.021540
v -0.881550 -0.218820 0.075267
v -0.877330 -0.137391 0.052612
v -0.863364 -0.056058 -0.027169
v -0.180748 -0.054625 -0.262850
v -0.253396 -0.003765 -0.278961
v -0.310409 0.043055 -0.291606
v -0.267046 -0.133710 -0.300262
v -0.329047 -0.070473 -0.317489
v -0.377996 -0.009744 -0.326244
v -0.363862 -0.209983 -0.333900
v -0.417320 -0.138116 -0.349322
v -0.458702 -0.069513 -0.346059
v -0.980295 -0.531241 -0.204747
v -1.002177 -0.447133 -0.127092
v -1.018901 -0.365344 -0.057688
v -1.054112 -0.520894 -0.228037
v -1.078865 -0.438567 -0.175266
v -1.097900 -0.358213 -0.131011
v -1.127875 -0.509537 -0.260067
v -1.156236 -0.429271 -0.234185
v -1.178301 -0.350984 -0.214507
v -1.036069 -0.200210 -0.007737
v -1.035414 -0.113469 -0.044226
v -1.027965 -0.022415 -0.119983
v -1.119798 -0.197106 -0.109528
v -1.122703 -0.113742 -0.140141
v -1.120312 -0.027332 -0.194481
v -1.206075 -0.196382 -0.215149
v -1.212371 -0.117595 -0.236881
v -1.213582 -0.035871 -0.267430
v -0.849358 -0.916676 -0.106143
v -0.886814 -0.813950 -0.170519
v -0.921910 -0.714433 -0.235529
v -0.901868 -0.886657 -0.129077
v -0.945661 -0.791159 -0.189008
v -0.986739 -0.697317 -0.247027
v -0.952997 -0.853510 -0.152827
v -1.002802 -0.766967 -0.205763
v -1.050153 -0.679268 -0.255463
v -1.188999 0.233285 -0.279699
v -1.010456 0.167454 -0.295358
v -1.105426 0.153924 -0.304216
v -1.201419 0.140957 -0.303203
v -0.672997 0.152529 -0.323182
v -0.730747 0.117952 -0.280913
v -0.786586 0.075232 -0.214203
v -0.649620 0.088080 -0.299213
v -0.697227 0.057436 -0.246267
v -0.738989 0.018711 -0.178182
v -0.623749 0.016782 -0.269343
v -0.659572 -0.003383 -0.223289
v -0.689427 -0.034699 -0.168290
v 0.090463 0.113495 -0.180225
v 0.173031 0.133233 -0.177002
v 0.245864 0.149602 -0.177324
v 0.084630 0.193220 -0.170687
v 0.167016 0.202318 -0.169922
v 0.245455 0.209246 -0.170906
v 0.086306 0.264901 -0.166792
v 0.171382 0.267905 -0.166816
v 0.254069 0.268839 -0.167322
v 0.375394 0.141495 -0.180983
v 0.442531 0.113403 -0.185718
v 0.392813 0.197023 -0.173890
v 0.463328 0.175360 -0.176508
v 0.408959 0.252694 -0.168987
v 0.480611 0.233982 -0.170303
v 0.400380 -1.111652 -0.285644
v 0.452076 -1.092047 -0.291236
v 0.411370 -0.980890 -0.313009
v 0.464270 -0.955905 -0.317713
v 0.422250 -0.849966 -0.331833
v 0.475586 -0.818468 -0.333997
v 0.093745 -1.178640 -0.202821
v 0.183999 -1.166664 -0.234307
v 0.267271 -1.149873 -0.258794
v 0.096232 -1.069763 -0.222704
v 0.188903 -1.053687 -0.257857
v 0.274450 -1.031254 -0.284901
v 0.098720 -0.960885 -0.242330
v 0.193807 -0.940709 -0.279485
v 0.281629 -0.912635 -0.307074
v 0.180748 -0.054625 -0.210637
v 0.267046 -0.133710 -0.233943
v 0.363862 -0.209983 -0.257607
v 0.253396 -0.003765 -0.203915
v 0.329047 -0.070473 -0.222188
v 0.417320 -0.138116 -0.240715
v 0.310409 0.043055 -0.196828
v 0.377996 -0.009744 -0.209595
v 0.458702 -0.069513 -0.223817
v 0.209209 -0.343515 -0.276646
v 0.101270 -0.267347 -0.256445
v -0.000000 -0.189038 -0.248192
v 0.109288 -0.398469 -0.274883
v 0.000000 -0.334357 -0.264686
v -0.101270 -0.267347 -0.268191
v 0.000000 -0.445148 -0.266352
v -0.109288 -0.398469 -0.265792
v -0.209209 -0.343515 -0.280199
v -0.950496 -0.884856 -0.082541
v 0.000000 -1.290503 -0.099628
v -1.305386 0.037483 -0.253917
v -0.534877 -1.186994 0.067540
v -0.330829 -1.255684 0.023402
v 0.000000 -0.495772 -0.221129
v -1.269446 -0.260615 -0.242547
v -0.568532 -0.587701 -0.220806
v -1.161333 -0.578196 -0.247368
v -0.655438 -0.122163 -0.118587
v -0.402862 -0.358762 -0.280752
v -0.367796 -0.756380 -0.102748
v -0.573623 -0.084406 -0.232865
v -0.000000 -0.861325 -0.164595
v -0.669442 -0.332006 -0.098260
v -0.761145 -1.056461 0.026914
v 0.330829 -1.255684 -0.198809
v 0.402862 -0.358762 -0.250885
v 0.367796 -0.756380 -0.294459
v -0.260092 -1.268492 -0.000531
v -0.179095 -1.279642 -0.030552
v -0.091258 -1.287518 -0.064549
v -1.293608 -0.196821 -0.259604
v -1.303084 -0.123027 -0.264915
v -1.307119 -0.045765 -0.265591
v -0.705958 -1.092009 0.045304
v -0.647537 -1.126783 0.059023
v -0.589352 -1.159028 0.066499
v -0.486133 -1.209470 0.062800
v -0.439354 -1.227412 0.053670
v -0.389324 -1.242317 0.040819
v -1.297790 0.127958 -0.235466
v -1.285149 0.221796 -0.213841
v -1.201610 -0.497675 -0.256055
v -1.233950 -0.419611 -0.254760
v -1.259403 -0.343706 -0.253396
v -1.003851 -0.817852 -0.126015
v -1.059132 -0.741981 -0.172027
v -1.112865 -0.660742 -0.214805
v -0.654241 -0.397677 -0.154716
v -0.631417 -0.464653 -0.214262
v -0.602378 -0.529229 -0.245250
v -0.288808 -0.794017 -0.093660
v -0.198710 -0.827732 -0.100315
v -0.101207 -0.852007 -0.124828
v -0.113981 -0.486439 -0.212857
v -0.222655 -0.460728 -0.219700
v -0.320718 -0.418107 -0.243621
v -0.667703 -0.165396 -0.083538
v -0.675036 -0.215108 -0.062902
v -0.676072 -0.270808 -0.066054
v -0.598178 -0.061795 -0.218563
v -0.620236 -0.064664 -0.193549
v -0.639441 -0.086844 -0.158325
v -0.465462 -0.284858 -0.290964
v -0.511608 -0.206467 -0.263701
v -0.546072 -0.135634 -0.243062
v -0.530579 -0.637456 -0.181588
v -0.486374 -0.680253 -0.148812
v -0.433064 -0.718944 -0.122219
v -0.902379 -0.938528 -0.047140
v -0.856758 -0.982889 -0.018251
v -0.810729 -1.020994 0.005846
v 0.260092 -1.268492 -0.183598
v 0.179095 -1.279642 -0.161421
v 0.091258 -1.287518 -0.132816
v 0.439354 -1.227412 -0.213738
v 0.389324 -1.242317 -0.208091
v 0.288808 -0.794017 -0.279578
v 0.198710 -0.827732 -0.251524
v 0.101207 -0.852007 -0.211512
v 0.113981 -0.486439 -0.238200
v 0.222655 -0.460728 -0.255358
v 0.320718 -0.418107 -0.259963
v 0.465462 -0.284858 -0.232832
v 0.433064 -0.718944 -0.298246
v -1.188999 0.233285 -0.237859
v -1.201419 0.140957 -0.263800
v -1.105426 0.153924 -0.272302
v -1.010456 0.167454 -0.266660
v -0.919309 0.186144 -0.270682
v -0.919081 0.070703 -0.158141
v -0.823781 0.139736 -0.244419
v -0.754597 0.180812 -0.285289
v -0.730747 0.117952 -0.254399
v -0.672997 0.152529 -0.292700
v -0.649620 0.088081 -0.271595
v -0.594870 0.116365 -0.301963
v -0.531773 0.146719 -0.293825
v -0.463328 0.175360 -0.265738
v -0.442531 0.113403 -0.279086
v -0.375394 0.141495 -0.249193
v -0.392813 0.197023 -0.238167
v -0.320409 0.208717 -0.212651
v -0.245455 0.209246 -0.189490
v -0.167016 0.202318 -0.167670
v -0.171382 0.267905 -0.155955
v -0.086306 0.264901 -0.136843
v -0.090775 0.328694 -0.128903
v -0.000000 0.328460 -0.116877
v 0.363862 -0.209983 -0.212400
v 0.417320 -0.138116 -0.194479
v 0.458702 -0.069513 -0.176498
v 0.377996 -0.009744 -0.161292
v 0.415215 0.050908 -0.147917
v 0.442531 0.113403 -0.135434
v 0.463328 0.175360 -0.125187
v 0.480611 0.233982 -0.117988
v 0.408959 0.252694 -0.116371
v 0.423449 0.306368 -0.113213
v 0.347655 0.318595 -0.112797
v 0.266147 0.325461 -0.112626
v 0.180006 0.328261 -0.112625
v 0.090775 0.328693 -0.112625
v 0.452076 -1.092047 -0.247972
v 0.464270 -0.955905 -0.276141
v 0.475586 -0.818468 -0.293509
v 0.422250 -0.849966 -0.290962
v 0.363862 -0.209983 -0.011248
v 0.417320 -0.138116 0.009311
v 0.458702 -0.069513 0.030026
v 0.377996 -0.009744 0.047693
v 0.415215 0.050908 0.063437
v 0.442531 0.113403 0.078451
v 0.463328 0.175360 0.091242
v 0.480611 0.233982 0.100867
v 0.408959 0.252694 0.103214
v 0.423449 0.306368 0.108567
v 0.347655 0.318595 0.109628
v 0.266147 0.325461 0.110482
v 0.180006 0.328261 0.111125
v 0.090775 0.328693 0.110275
v 0.452076 -1.092047 -0.051471
v 0.464270 -0.955905 -0.084628
v 0.475586 -0.818468 -0.105846
v 0.422250 -0.849966 -0.101648
v -0.950496 -0.884856 0.129082
v 0.000000 -1.290503 0.126126
v -1.305386 0.037483 -0.064051
v -0.534877 -1.186994 0.191606
v -0.330829 -1.255684 0.194258
v 0.000000 -0.495772 -0.026892
v -1.269446 -0.260615 -0.125525
v -0.568532 -0.587701 -0.012470
v -1.161333 -0.578196 -0.045515
v -0.655438 -0.122163 -0.067477
v -0.402862 -0.358762 -0.088119
v -0.367796 -0.756380 0.115922
v -0.573623 -0.084406 -0.143484
v -0.669442 -0.332006 -0.060969
v -0.761145 -1.056461 0.264312
v 0.330829 -1.255684 0.007399
v 0.402862 -0.358762 -0.055478
v 0.367796 -0.756380 -0.105154
v -0.260092 -1.268492 0.239195
v -1.293608 -0.196821 -0.103926
v -1.303084 -0.123027 -0.093815
v -1.307119 -0.045765 -0.080755
v -0.705958 -1.092009 0.284490
v -0.647537 -1.126783 0.299629
v -0.589352 -1.159028 0.267024
v -0.486133 -1.209470 0.187870
v -0.439354 -1.227412 0.197004
v -0.389324 -1.242317 0.062702
v -1.297790 0.127958 -0.042847
v -1.285149 0.221796 -0.017895
v -1.201610 -0.497675 -0.075706
v -1.233950 -0.419611 -0.095706
v -1.259403 -0.343706 -0.106515
v -1.003851 -0.817852 0.080740
v -1.059132 -0.741981 0.035485
v -1.112865 -0.660743 -0.005961
v -0.654241 -0.397677 -0.095423
v -0.631417 -0.464653 -0.101889
v -0.602378 -0.529229 -0.057434
v -0.288808 -0.794017 0.125843
v -0.113981 -0.486439 -0.019181
v -0.222655 -0.460728 -0.026410
v -0.320718 -0.418107 -0.050621
v -0.667703 -0.165396 -0.041072
v -0.675036 -0.215108 -0.027074
v -0.676072 -0.270807 -0.033412
v -0.598178 -0.061795 -0.136229
v -0.620236 -0.064664 -0.121064
v -0.639441 -0.086844 -0.096903
v -0.465462 -0.284858 -0.129680
v -0.511608 -0.206467 -0.149742
v -0.546072 -0.135634 -0.146959
v -0.530579 -0.637456 0.028428
v -0.486374 -0.680254 0.065582
v -0.433064 -0.718944 0.095388
v -0.902379 -0.938528 0.172792
v -0.856758 -0.982889 0.210081
v -0.810729 -1.020994 0.240444
v 0.260092 -1.268492 0.026342
v 0.179095 -1.279642 0.053253
v 0.091258 -1.287518 0.087282
v 0.439354 -1.227412 -0.012254
v 0.389324 -1.242317 -0.004587
v 0.113981 -0.486439 -0.043377
v 0.222655 -0.460728 -0.059794
v 0.320718 -0.418107 -0.065998
v 0.465462 -0.284858 -0.034684
v 0.433064 -0.718944 -0.111685
v -1.188999 0.233285 -0.045601
v -1.201419 0.140957 -0.075389
v -1.105426 0.153924 -0.102404
v -1.010456 0.167454 -0.121328
v -0.919309 0.186144 -0.128247
v -0.919081 0.070703 -0.108053
v -0.823781 0.139736 -0.141342
v -0.754597 0.180812 -0.135512
v -0.730747 0.117952 -0.147716
v -0.672997 0.152529 -0.139385
v -0.649620 0.088081 -0.154051
v -0.594870 0.116365 -0.138831
v -0.531773 0.146719 -0.109810
v -0.463328 0.175360 -0.077610
v -0.442531 0.113403 -0.092912
v -0.375394 0.141495 -0.058627
v -0.392813 0.197023 -0.045955
v -0.320409 0.208717 -0.016518
v -0.245455 0.209246 0.010432
v -0.167016 0.202318 0.036172
v -0.171382 0.267905 0.050221
v -0.086306 0.264901 0.073782
v -0.090775 0.328693 0.084006
v -0.000000 0.328460 0.100923
v -1.279016 -0.269665 -0.109010
v -1.279016 -0.269665 -0.255045
v -0.909512 0.079752 -0.173133
v -0.909512 0.079752 -0.110794
v -1.094499 -0.445620 -0.105269
v -1.094499 -0.445620 -0.167211
v -0.744134 -0.114302 -0.014843
v -0.744134 -0.114302 0.010975
v -1.244100 0.072575 -0.266790
v -1.244675 -0.116617 -0.239606
v -1.000694 0.064799 -0.178639
v -1.002650 0.130859 -0.242091
v -1.244100 0.072575 -0.211921
v -1.244675 -0.116617 -0.206430
v -1.000694 0.064799 -0.154283
v -1.002650 0.130859 -0.209912
v -0.399096 -0.850785 -0.051907
v -0.349511 -0.886252 -0.041831
v -0.445124 -0.812680 -0.069435
v -0.490745 -0.768319 -0.096005
v -0.538862 -0.714647 -0.134142
v -0.749699 -0.407987 -0.078552
v -0.701232 -0.490534 -0.185839
v -0.647498 -0.571772 -0.236946
v -0.592217 -0.647643 -0.187787
v -0.789976 -0.327466 0.007733
v 0.022309 -1.072108 -0.140095
v -0.027720 -1.057203 -0.119079
v -0.074500 -1.039261 -0.098942
v -0.123243 -1.016786 -0.078012
v -0.177719 -0.988819 -0.058835
v -0.235903 -0.956574 -0.045148
v -0.294324 -0.921800 -0.039279
v -0.349511 -0.886252 0.186117
v -0.294324 -0.921800 0.116908
v -0.235903 -0.956574 0.037137
v -0.177719 -0.988819 0.014355
v -0.123243 -1.016786 0.015305
v -0.074499 -1.039261 -0.002353
v -0.027720 -1.057203 0.052190
v 0.022309 -1.072108 0.082981
v -0.789976 -0.327466 0.009613
v -0.749699 -0.407987 -0.058226
v -0.592217 -0.647643 0.017082
v -0.538863 -0.714647 0.077145
v -0.647498 -0.571772 -0.045275
v -0.701232 -0.490534 -0.096088
v -0.490745 -0.768319 0.124683
v -0.445124 -0.812680 0.155942
v -0.399096 -0.850785 0.174959
v -0.926516 -0.454606 0.148094
v -0.906394 -0.540075 0.172534
v -0.832264 -0.546496 0.168330
v -0.852061 -0.460547 0.133083
v -0.980295 -0.531242 0.200093
v -0.094009 -0.114426 0.192415
v -0.191145 -0.199614 0.109921
v 0.094009 -0.114426 0.397274
v 0.191145 -0.199614 0.479184
v -0.180748 -0.054625 0.189565
v 0.180748 -0.054625 0.551964
v 0.209209 -0.343515 0.491299
v 0.101270 -0.267347 0.354518
v -0.000000 -0.189038 0.246290
v 0.000000 -0.334357 0.268313
v -0.101270 -0.267347 0.160718
v -0.949793 -0.884842 0.189435
v -1.304809 0.037642 0.004907
v 0.000318 -0.012947 0.081259
v -0.534565 -1.186327 0.354159
v -0.909691 0.079319 -0.085314
v -0.330762 -1.254918 0.311664
v -0.307607 0.114053 0.028528
v -0.000070 -0.495088 0.041882
v -1.278443 -0.269539 -0.039493
v -0.568877 -0.588441 0.046158
v -1.160726 -0.578140 0.025726
v -0.656304 -0.122159 -0.063424
v -0.402223 -0.358360 -0.016701
v -0.368142 -0.757155 0.190685
v -0.572990 -0.083965 -0.106511
v -0.670272 -0.331963 -0.054482
v -0.882323 -0.631806 -0.005401
v -0.951982 -0.290259 0.021004
v -0.760537 -1.056177 0.336646
v 0.000126 0.327810 0.171760
v 0.330532 -1.255062 0.077404
v 0.307938 0.114015 0.151009
v 0.402200 -0.358185 0.014164
v 0.367990 -0.756940 -0.036432
v 0.347559 0.317916 0.180816
v -0.260413 -1.267863 0.311022
v -1.293049 -0.196670 -0.035225
v -1.302533 -0.122857 -0.025128
v -1.306558 -0.045595 -0.011949
v 0.000180 0.263330 0.162878
v 0.000205 0.188887 0.144073
v 0.000218 0.102533 0.116632
v -1.017345 0.072556 -0.082617
v -1.114293 0.062318 -0.064872
v -1.210184 0.050409 -0.032542
v -0.705400 -1.091634 0.356080
v -0.647068 -1.126332 0.370439
v -0.589063 -1.158499 0.375521
v -0.575058 -0.762684 0.160169
v -0.565620 -0.909340 0.285324
v -0.551387 -1.049436 0.356761
v -0.485824 -1.208781 0.351035
v -0.439335 -1.226743 0.355235
v -0.389226 -1.241475 0.310460
v -0.116894 0.028511 0.064897
v -0.199040 0.063842 0.053835
v -0.263954 0.093980 0.040887
v -0.320085 0.208111 0.052933
v -0.311124 0.155054 0.039158
v -0.358803 -0.881635 0.259517
v -0.349611 -1.006364 0.312467
v -0.340253 -1.130857 0.340021
v -1.297197 0.128109 0.026305
v -1.284704 0.221339 0.051499
v -1.200991 -0.497636 -0.003224
v -1.233344 -0.419560 -0.024261
v -1.258816 -0.343615 -0.036076
v -1.029890 -0.283483 -0.007280
v -1.111160 -0.278154 -0.052024
v -1.194824 -0.273759 -0.070491
v -1.003181 -0.817838 0.136931
v -1.058505 -0.741933 0.091377
v -1.112263 -0.660672 0.055764
v -0.953547 -0.620281 -0.003498
v -1.023567 -0.607238 0.004215
v -1.092768 -0.593187 0.014907
v -0.834712 0.018156 -0.060067
v -0.772681 -0.031268 -0.042567
v -0.713729 -0.077485 -0.044482
v -0.657150 -0.634482 0.035546
v -0.734750 -0.643431 0.015374
v -0.809515 -0.640701 0.000821
v -0.350701 0.089856 0.003851
v -0.414858 0.051148 -0.033693
v -0.489758 -0.001038 -0.076493
v -0.594339 0.115905 -0.070439
v -0.576765 0.037311 -0.095121
v -0.655002 -0.397891 -0.063304
v -0.631961 -0.465155 -0.035195
v -0.602802 -0.529871 0.004553
v -0.289396 -0.794677 0.199914
v -0.113874 -0.485802 0.048759
v -0.222368 -0.460144 0.041422
v -0.320245 -0.417603 0.019718
v -0.668375 -0.165494 -0.044782
v -0.674575 -0.215223 -0.034730
v -0.676644 -0.270695 -0.038822
v -0.598001 -0.061202 -0.104802
v -0.620805 -0.064285 -0.097695
v -0.640257 -0.086729 -0.083268
v -0.464718 -0.284557 -0.057393
v -0.510826 -0.206192 -0.091590
v -0.545324 -0.135320 -0.104318
v -0.530875 -0.638255 0.089202
v -0.486631 -0.681074 0.131718
v -0.433337 -0.719753 0.168665
v -0.093542 -0.114649 0.070007
v -0.190497 -0.199513 0.054744
v -0.294836 -0.280298 -0.008968
v -0.737879 -0.320136 -0.020831
v -0.806894 -0.308969 0.007083
v -0.877916 -0.298850 0.022908
v -0.901680 -0.938483 0.237701
v -0.856075 -0.982778 0.278658
v -0.810082 -1.020803 0.311600
v -0.941910 -0.371923 -0.022227
v -0.926264 -0.454709 -0.054982
v -0.906088 -0.540304 -0.043398
v -0.939966 -0.029328 -0.029379
v -0.952682 -0.120825 0.024905
v -0.955998 -0.207093 0.045651
v -0.854884 -0.730845 0.054309
v -0.824956 -0.836157 0.148374
v -0.793388 -0.945542 0.258946
v -0.919806 0.185548 -0.059678
v -0.090137 0.328160 0.154721
v -0.823393 0.139106 -0.087606
v -0.754842 0.180138 -0.067075
v 0.438710 -1.226997 0.057578
v 0.389029 -1.241737 0.065201
v 0.117382 0.028311 0.120666
v 0.199342 0.063672 0.142379
v 0.264265 0.093947 0.148296
v 0.333464 0.264660 0.175937
v 0.320391 0.208871 0.168626
v 0.311443 0.154972 0.159365
v 0.358431 -0.881366 -0.020077
v 0.349170 -1.006258 0.007557
v 0.339926 -1.131116 0.041359
v 0.351041 0.089833 0.144262
v 0.414598 0.051374 0.134003
v 0.113795 -0.485725 0.025585
v 0.222468 -0.459797 0.009786
v 0.320169 -0.417330 0.003706
v 0.464642 -0.284899 0.035060
v 0.432589 -0.719671 -0.042917
v 0.094311 -0.114938 0.161419
v 0.190311 -0.199593 0.223609
v 0.294601 -0.280106 0.042124
v 0.422765 0.305944 0.179847
v 0.266096 0.324775 0.181717
v 0.179995 0.327575 0.182410
v 0.090828 0.328026 0.181447
v -0.090225 0.113783 0.098030
v -0.084390 0.193487 0.124909
v -0.085782 0.264869 0.143411
v -0.172756 0.133508 0.082333
v -0.166457 0.202339 0.104479
v -0.170739 0.267376 0.120502
v -0.245541 0.149863 0.063183
v -0.245233 0.208625 0.080106
v -0.374727 0.141635 0.010447
v -0.392042 0.196630 0.023462
v -0.442388 0.113186 -0.024368
v -0.463569 0.174749 -0.008721
v -0.512341 0.075297 -0.062151
v -0.531233 0.146252 -0.041147
v -0.680473 -0.542544 -0.016779
v -0.704753 -0.465406 -0.054835
v -0.724634 -0.391566 -0.052781
v -0.757142 -0.548389 -0.032822
v -0.778340 -0.464254 -0.060386
v -0.795534 -0.385235 -0.037107
v -0.832536 -0.546602 -0.041880
v -0.852399 -0.460784 -0.058476
v -0.867714 -0.378679 -0.025482
v -0.608569 -1.025663 0.345906
v -0.626184 -0.891500 0.255626
v -0.641320 -0.757309 0.128351
v -0.670205 -1.000196 0.326115
v -0.692291 -0.875023 0.218607
v -0.713400 -0.753965 0.097877
v -0.732908 -0.973274 0.294939
v -0.759503 -0.856544 0.180904
v -0.785129 -0.744644 0.071894
v -0.400630 -1.111697 0.353971
v -0.411531 -0.981256 0.317026
v -0.422319 -0.850462 0.251981
v -0.452197 -1.092167 0.360279
v -0.464340 -0.956329 0.313699
v -0.475527 -0.819017 0.232245
v -0.500551 -1.071515 0.361084
v -0.513413 -0.931553 0.304562
v -0.523300 -0.787141 0.198093
v -0.267654 -1.150155 0.315045
v -0.274972 -1.031666 0.296596
v -0.282213 -0.913172 0.225520
v -0.743233 -0.251783 0.008229
v -0.740775 -0.187640 0.012399
v -0.730841 -0.128981 -0.009921
v -0.811097 -0.234055 0.043335
v -0.807427 -0.161295 0.044914
v -0.795125 -0.092359 0.007039
v -0.881529 -0.218686 0.058699
v -0.877322 -0.137714 0.049917
v -0.863419 -0.056592 -0.001860
v -0.180320 -0.054389 0.078312
v -0.252978 -0.003670 0.029073
v -0.310022 0.043250 0.008504
v -0.266600 -0.133659 -0.006428
v -0.328627 -0.070367 -0.021763
v -0.377607 -0.009582 -0.032540
v -0.363509 -0.210082 -0.036812
v -0.416972 -0.138127 -0.060105
v -0.458371 -0.069427 -0.074971
v -0.980423 -0.531753 -0.038032
v -1.002155 -0.447124 -0.053750
v -1.018668 -0.365065 -0.033112
v -1.054278 -0.521254 -0.027894
v -1.078896 -0.438720 -0.054761
v -1.097727 -0.358155 -0.057188
v -1.128088 -0.509933 -0.015494
v -1.156421 -0.429557 -0.044640
v -1.178427 -0.351122 -0.063191
v -1.035585 -0.200245 -0.001043
v -1.035006 -0.113750 -0.021439
v -1.027770 -0.022706 -0.059228
v -1.119460 -0.197143 -0.054234
v -1.122503 -0.113854 -0.066199
v -1.120338 -0.027360 -0.077260
v -1.206199 -0.196394 -0.072699
v -1.212589 -0.117549 -0.067641
v -1.213894 -0.035729 -0.052821
v -0.849293 -0.917335 0.223980
v -0.886813 -0.814608 0.124059
v -0.921983 -0.714992 0.046198
v -0.901862 -0.887325 0.191536
v -0.945737 -0.791786 0.107405
v -0.986890 -0.697843 0.045493
v -0.953050 -0.854164 0.161936
v -1.002939 -0.767555 0.096932
v -1.050352 -0.679766 0.049510
v -1.189641 0.232753 0.023767
v -1.010432 0.166855 -0.052867
v -1.105534 0.153324 -0.033768
v -1.202023 0.141031 -0.006521
v -0.673231 0.151874 -0.071006
v -0.730917 0.117649 -0.093724
v -0.786687 0.075097 -0.093504
v -0.649706 0.087825 -0.094289
v -0.697307 0.057434 -0.102415
v -0.739229 0.018391 -0.083020
v -0.623716 0.016861 -0.107508
v -0.659791 -0.003533 -0.099736
v -0.689799 -0.035025 -0.077636
v 0.090633 0.113765 0.140762
v 0.173092 0.133460 0.158074
v 0.245842 0.149793 0.160593
v 0.084769 0.193443 0.162107
v 0.167053 0.202489 0.171476
v 0.245434 0.209392 0.170530
v 0.086401 0.265034 0.175975
v 0.171395 0.268004 0.179094
v 0.254053 0.268934 0.177551
v 0.375381 0.141699 0.155367
v 0.441884 0.113789 0.149157
v 0.392806 0.197191 0.165732
v 0.462670 0.175686 0.162093
v 0.408564 0.252608 0.174034
v 0.479908 0.233617 0.171943
v 0.400277 -1.111910 0.026601
v 0.451338 -1.092158 0.017989
v 0.411279 -0.981104 -0.007779
v 0.463537 -0.955978 -0.015527
v 0.422053 -0.850306 -0.033028
v 0.475117 -0.819207 -0.036860
v 0.180299 -0.054305 0.245697
v 0.266557 -0.133526 0.087231
v 0.363235 -0.209801 0.058516
v 0.253099 -0.003769 0.136744
v 0.328822 -0.070205 0.101999
v 0.416747 -0.137568 0.079401
v 0.310344 0.043271 0.134114
v 0.377494 -0.009549 0.117894
v 0.457903 -0.069600 0.100313
v 0.208580 -0.343718 0.244758
v 0.100775 -0.266665 0.162040
v 0.000127 -0.189849 0.096679
v 0.109338 -0.397935 0.029131
v 0.000239 -0.333534 0.121114
v -0.100693 -0.266759 0.068548
v -0.000061 -0.444971 0.036515
v -0.109126 -0.398398 0.031037
v -0.208959 -0.343531 0.014562
v -0.950048 -0.884147 -0.134667
v 0.000228 -1.289754 -0.153182
v -1.304692 0.037479 -0.294097
v -0.000143 -0.013172 -0.212501
v -0.534556 -1.186298 0.005066
v -0.909836 0.080213 -0.195389
v -0.330496 -1.255004 -0.037520
v -0.308273 0.113589 -0.274634
v 0.000071 -0.495024 -0.263583
v -1.278605 -0.269513 -0.282121
v -0.569153 -0.587822 -0.265633
v -1.160815 -0.577892 -0.285617
v -0.655660 -0.121399 -0.144752
v -0.402490 -0.358155 -0.320775
v -0.368151 -0.756811 -0.151366
v -0.572877 -0.083949 -0.259304
v 0.000322 -0.861954 -0.214248
v -0.669783 -0.332620 -0.122341
v -0.882350 -0.631462 -0.256764
v -0.952534 -0.291049 0.034993
v -0.760850 -1.055695 -0.031226
v -0.000061 0.327723 -0.168380
v 0.330783 -1.254908 -0.245151
v 0.307991 0.113640 -0.183141
v 0.402356 -0.358334 -0.293179
v 0.368180 -0.756940 -0.334665
v 0.347571 0.317874 -0.165892
v -0.259758 -1.267800 -0.060016
v -0.178778 -1.278933 -0.088270
v -0.090976 -1.286789 -0.120251
v 0.000395 -0.968474 -0.197894
v 0.000389 -1.075777 -0.181147
v 0.000364 -1.183088 -0.165527
v -1.293177 -0.196602 -0.288035
v -1.302596 -0.122798 -0.295920
v -1.306541 -0.045614 -0.300754
v -0.000108 0.263077 -0.172075
v -0.000137 0.188513 -0.178531
v -0.000149 0.102082 -0.190865
v -1.017588 0.073178 -0.216036
v -1.114451 0.062607 -0.257396
v -1.210025 0.050363 -0.295224
v -0.705675 -1.091252 -0.014117
v -0.647253 -1.126043 -0.001607
v -0.589055 -1.158311 0.004800
v -0.575442 -0.761590 -0.158374
v -0.565822 -0.908348 -0.072126
v -0.551380 -1.048915 -0.013549
v -0.485798 -1.208787 -0.000100
v -0.439024 -1.226735 -0.009227
v -0.388998 -1.241641 -0.021203
v -0.117328 0.028239 -0.229114
v -0.199639 0.063550 -0.247667
v -0.264611 0.093573 -0.264298
v -0.320519 0.207912 -0.255448
v -0.311757 0.154557 -0.266041
v -0.358408 -0.880834 -0.095013
v -0.349084 -1.005782 -0.051832
v -0.339797 -1.130783 -0.031982
v -1.297020 0.127793 -0.276832
v -1.284512 0.221153 -0.256720
v -1.201107 -0.497555 -0.287964
v -1.233485 -0.419554 -0.283591
v -1.258976 -0.343626 -0.280819
v -1.030925 -0.284003 -0.013228
v -1.112226 -0.278423 -0.106496
v -1.195442 -0.273844 -0.206856
v -1.003367 -0.817164 -0.175934
v -1.058605 -0.741327 -0.219566
v -1.112327 -0.660194 -0.259911
v -0.953563 -0.620009 -0.258388
v -1.023579 -0.606957 -0.265330
v -1.092748 -0.592813 -0.276085
v -0.834418 0.019353 -0.126166
v -0.771957 -0.030140 -0.099077
v -0.712651 -0.076631 -0.107424
v -0.657461 -0.633696 -0.256420
v -0.734934 -0.642790 -0.258686
v -0.809593 -0.640218 -0.258280
v -0.351371 0.089385 -0.294673
v -0.415457 0.050743 -0.325255
v -0.489886 -0.001130 -0.342295
v -0.594343 0.115923 -0.333053
v -0.576577 0.037399 -0.313004
v -0.654569 -0.398395 -0.177675
v -0.631743 -0.465344 -0.238834
v -0.602774 -0.529655 -0.277130
v -0.289001 -0.794535 -0.143074
v -0.198718 -0.828326 -0.150323
v -0.101032 -0.852644 -0.174993
v -0.113854 -0.485678 -0.254943
v -0.222475 -0.459965 -0.261252
v -0.320465 -0.417370 -0.284485
v -0.667988 -0.164778 -0.110073
v -0.675377 -0.214838 -0.089276
v -0.676433 -0.271094 -0.091578
v -0.597553 -0.061163 -0.244466
v -0.619952 -0.063813 -0.219202
v -0.639525 -0.085992 -0.184068
v -0.464880 -0.284411 -0.322319
v -0.510838 -0.206110 -0.291828
v -0.545255 -0.135283 -0.270221
v -0.531289 -0.637552 -0.227627
v -0.486995 -0.680468 -0.195774
v -0.433562 -0.719275 -0.170019
v -0.094204 -0.114572 -0.249624
v -0.191372 -0.199651 -0.281002
v -0.295365 -0.280110 -0.304525
v -0.736953 -0.320855 -0.041169
v -0.806325 -0.309875 0.010854
v -0.877839 -0.299796 0.037321
v -0.901968 -0.937798 -0.101089
v -0.856389 -0.982140 -0.073744
v -0.810404 -1.020231 -0.051007
v -0.942221 -0.372958 -0.023904
v -0.926657 -0.455320 -0.102594
v -0.906480 -0.540727 -0.196362
v -0.940308 -0.028124 -0.063899
v -0.953321 -0.119946 0.024948
v -0.956724 -0.207089 0.061570
v -0.854971 -0.729805 -0.220380
v -0.825135 -0.834966 -0.149659
v -0.793619 -0.944475 -0.082766
v -0.919807 0.185720 -0.298621
v -0.090200 0.328118 -0.178492
v -0.823074 0.139571 -0.269553
v -0.754791 0.180305 -0.314349
v 0.260119 -1.267715 -0.231305
v 0.179192 -1.278870 -0.210843
v 0.091422 -1.286755 -0.184228
v 0.438740 -1.226835 -0.258353
v 0.389199 -1.241546 -0.253413
v 0.117045 0.028224 -0.192800
v 0.199364 0.063547 -0.187405
v 0.264331 0.093595 -0.185128
v 0.333480 0.264500 -0.167009
v 0.320421 0.208623 -0.171061
v 0.311486 0.154650 -0.177180
v 0.358664 -0.881085 -0.323056
v 0.349436 -1.005852 -0.301937
v 0.340197 -1.130646 -0.274604
v 0.351081 0.089426 -0.188135
v 0.414553 0.051130 -0.196460
v 0.289217 -0.794576 -0.321446
v 0.199131 -0.828301 -0.295793
v 0.101606 -0.852601 -0.258722
v 0.113955 -0.485735 -0.280838
v 0.222494 -0.460095 -0.298014
v 0.320384 -0.417556 -0.301721
v 0.464650 -0.284998 -0.276324
v 0.432636 -0.719634 -0.337837
v 0.093957 -0.114631 -0.223975
v 0.191175 -0.199832 -0.242871
v 0.295213 -0.280425 -0.269953
v 0.422757 0.305915 -0.166167
v 0.266108 0.324744 -0.165883
v 0.179994 0.327548 -0.165877
v 0.090758 0.327977 -0.165882
v -0.090690 0.113334 -0.207277
v -0.084837 0.193083 -0.194190
v -0.086196 0.264475 -0.185181
v -0.173306 0.133064 -0.227218
v -0.167007 0.201840 -0.213269
v -0.170836 0.267307 -0.202793
v -0.246154 0.149407 -0.246592
v -0.245652 0.208464 -0.233795
v -0.375240 0.140999 -0.289513
v -0.392176 0.196548 -0.279383
v -0.442892 0.112952 -0.317732
v -0.463719 0.174540 -0.305540
v -0.512601 0.075022 -0.342285
v -0.531542 0.146050 -0.331751
v -0.680417 -0.542422 -0.251824
v -0.704392 -0.465745 -0.184735
v -0.723957 -0.392251 -0.104515
v -0.757055 -0.548509 -0.225943
v -0.778040 -0.464876 -0.137190
v -0.795079 -0.386201 -0.051476
v -0.832175 -0.547103 -0.205317
v -0.851961 -0.461260 -0.107663
v -0.867591 -0.379757 -0.026202
v -0.608704 -1.024972 -0.024132
v -0.626488 -0.890429 -0.088413
v -0.641744 -0.756191 -0.173442
v -0.670454 -0.999359 -0.040499
v -0.692610 -0.873886 -0.107588
v -0.713739 -0.752831 -0.187791
v -0.733177 -0.972307 -0.060642
v -0.759770 -0.855365 -0.128478
v -0.785342 -0.743536 -0.204064
v -0.400178 -1.111540 -0.017400
v -0.411225 -0.980579 -0.047274
v -0.422188 -0.849541 -0.102181
v -0.451941 -1.091889 -0.010576
v -0.464200 -0.955542 -0.050575
v -0.475595 -0.818005 -0.117052
v -0.500484 -1.071141 -0.009427
v -0.513450 -0.930659 -0.059457
v -0.523547 -0.786068 -0.137428
v -0.093364 -1.178553 -0.127232
v -0.095831 -1.069639 -0.138587
v -0.098333 -0.960715 -0.152926
v -0.183627 -1.166603 -0.090103
v -0.188529 -1.053550 -0.097839
v -0.193479 -0.940480 -0.118161
v -0.266936 -1.149817 -0.057269
v -0.274140 -1.031069 -0.067822
v -0.281389 -0.912331 -0.099047
v -0.742120 -0.252131 -0.008176
v -0.739564 -0.187381 -0.013926
v -0.729671 -0.128297 -0.051879
v -0.810388 -0.234403 0.048806
v -0.806643 -0.160768 0.038270
v -0.794360 -0.091325 -0.020860
v -0.881495 -0.218884 0.076264
v -0.877253 -0.136914 0.053487
v -0.863242 -0.055341 -0.026482
v -0.181026 -0.054765 -0.261899
v -0.253722 -0.003914 -0.278028
v -0.310737 0.042876 -0.290678
v -0.267346 -0.133768 -0.299310
v -0.329348 -0.070575 -0.316541
v -0.378253 -0.009884 -0.325287
v -0.363968 -0.209935 -0.332907
v -0.417238 -0.138093 -0.348325
v -0.458493 -0.069477 -0.345082
v -0.980550 -0.531859 -0.204002
v -1.002553 -0.447782 -0.126431
v -1.019405 -0.365878 -0.057009
v -1.054486 -0.521414 -0.227269
v -1.079386 -0.439100 -0.174600
v -1.098551 -0.358622 -0.130372
v -1.128275 -0.509904 -0.259227
v -1.156787 -0.429662 -0.233448
v -1.178955 -0.351277 -0.213810
v -1.036753 -0.200127 -0.007013
v -1.036009 -0.113031 -0.043552
v -1.028400 -0.021785 -0.119340
v -1.120558 -0.197032 -0.108883
v -1.123392 -0.113421 -0.139490
v -1.120867 -0.026856 -0.193798
v -1.206777 -0.196338 -0.214438
v -1.212993 -0.117392 -0.236125
v -1.214036 -0.035593 -0.266583
v -0.849461 -0.916208 -0.105265
v -0.886886 -0.813431 -0.169668
v -0.921967 -0.714036 -0.234613
v -0.901952 -0.886173 -0.128206
v -0.945705 -0.790644 -0.188151
v -0.986792 -0.696958 -0.246095
v -0.953057 -0.853016 -0.151960
v -1.002814 -0.766464 -0.204899
v -1.050183 -0.678917 -0.254527
v -1.189548 0.232662 -0.279142
v -1.010497 0.167012 -0.294461
v -1.105540 0.153396 -0.303375
v -1.201588 0.140670 -0.302260
v -0.673159 0.151979 -0.322362
v -0.730546 0.118082 -0.279942
v -0.786334 0.075934 -0.213537
v -0.649301 0.088047 -0.298265
v -0.696789 0.058016 -0.245579
v -0.738556 0.019354 -0.177551
v -0.623201 0.017215 -0.268627
v -0.658997 -0.002884 -0.222640
v -0.688831 -0.034184 -0.167673
v 0.090408 0.113346 -0.179237
v 0.173043 0.133103 -0.176010
v 0.245890 0.149476 -0.176333
v 0.084580 0.193128 -0.169692
v 0.167024 0.202238 -0.168926
v 0.245471 0.209162 -0.169909
v 0.086272 0.264862 -0.165793
v 0.171386 0.267876 -0.165816
v 0.254076 0.268802 -0.166323
v 0.375404 0.141349 -0.179994
v 0.441843 0.113561 -0.185010
v 0.392818 0.196914 -0.172896
v 0.462634 0.175496 -0.175801
v 0.408605 0.252416 -0.168094
v 0.479893 0.233558 -0.169751
v 0.400433 -1.111436 -0.284669
v 0.451388 -1.091835 -0.290542
v 0.411413 -0.980719 -0.312024
v 0.463578 -0.955738 -0.317012
v 0.422132 -0.850091 -0.330848
v 0.475162 -0.819149 -0.333399
v 0.094071 -1.178488 -0.201888
v 0.184269 -1.166484 -0.233361
v 0.267472 -1.149673 -0.257835
v 0.096579 -1.069605 -0.221780
v 0.189188 -1.053513 -0.256914
v 0.274658 -1.031073 -0.283940
v 0.099077 -0.960739 -0.241408
v 0.194096 -0.940562 -0.278539
v 0.281832 -0.912497 -0.306105
v 0.180759 -0.054834 -0.209659
v 0.267092 -0.133938 -0.232971
v 0.363491 -0.210300 -0.256735
v 0.253436 -0.003967 -0.202936
v 0.329081 -0.070699 -0.221215
v 0.416697 -0.137857 -0.239977
v 0.310438 0.042861 -0.195847
v 0.377593 -0.010056 -0.208735
v 0.457901 -0.069725 -0.223257
v 0.209286 -0.343701 -0.275666
v 0.101277 -0.267514 -0.255460
v -0.000097 -0.189191 -0.247209
v 0.109379 -0.398569 -0.273892
v -0.000009 -0.334418 -0.263688
v -0.101393 -0.267386 -0.267199
v 0.000078 -0.445132 -0.265355
v -0.109320 -0.398396 -0.264795
v -0.209357 -0.343410 -0.279216
v -0.949786 -0.884738 -0.083235
v 0.000220 -1.289579 -0.099940
v -1.304665 0.037325 -0.254593
v -0.534734 -1.186389 0.066757
v -0.330946 -1.255018 0.022665
v 0.000000 -0.494772 -0.221129
v -1.268909 -0.261424 -0.242786
v -0.569364 -0.588256 -0.220806
v -1.160687 -0.577613 -0.247862
v -0.656377 -0.121819 -0.118587
v -0.402183 -0.358028 -0.280752
v -0.368260 -0.757266 -0.102748
v -0.572833 -0.083793 -0.232865
v -0.000222 -0.862274 -0.164816
v -0.670428 -0.332173 -0.098260
v -0.760672 -1.056067 0.026125
v 0.330629 -1.254704 -0.198809
v 0.402183 -0.358028 -0.250885
v 0.368270 -0.757261 -0.294459
v -0.260242 -1.267826 -0.001262
v -0.179277 -1.278976 -0.031275
v -0.091476 -1.286852 -0.065262
v -1.292855 -0.196646 -0.260238
v -1.302331 -0.122986 -0.265571
v -1.306375 -0.045870 -0.266252
v -0.705565 -1.091560 0.044502
v -0.647227 -1.126279 0.058216
v -0.589127 -1.158472 0.065699
v -0.486069 -1.208823 0.062041
v -0.439360 -1.226742 0.052927
v -0.389165 -1.242050 0.039868
v -1.297083 0.127760 -0.236145
v -1.284633 0.221178 -0.214435
v -1.200863 -0.497044 -0.256264
v -1.233014 -0.419260 -0.254760
v -1.258445 -0.343419 -0.253396
v -1.003134 -0.817762 -0.126706
v -1.058491 -0.741698 -0.172741
v -1.112286 -0.660213 -0.215426
v -0.655203 -0.397952 -0.154716
v -0.632347 -0.465020 -0.214262
v -0.603268 -0.529686 -0.245250
v -0.289338 -0.794863 -0.093710
v -0.199266 -0.828541 -0.100504
v -0.101689 -0.852827 -0.125136
v -0.113824 -0.485452 -0.212857
v -0.222339 -0.459780 -0.219700
v -0.320223 -0.417238 -0.243621
v -0.668681 -0.165186 -0.083538
v -0.676033 -0.215025 -0.062902
v -0.677071 -0.270852 -0.066054
v -0.597876 -0.060841 -0.218563
v -0.620710 -0.063784 -0.193549
v -0.640284 -0.086305 -0.158325
v -0.464647 -0.284280 -0.290964
v -0.510727 -0.205994 -0.263701
v -0.545182 -0.135178 -0.243062
v -0.531326 -0.638120 -0.181588
v -0.487017 -0.681019 -0.148812
v -0.433608 -0.719784 -0.122219
v -0.901706 -0.938344 -0.047856
v -0.856139 -0.982629 -0.018993
v -0.810181 -1.020662 0.005078
v 0.259935 -1.267504 -0.183598
v 0.178982 -1.278648 -0.161421
v 0.091197 -1.286520 -0.132816
v 0.438581 -1.226777 -0.213738
v 0.389070 -1.241350 -0.208091
v 0.289193 -0.794940 -0.279578
v 0.198996 -0.828690 -0.251524
v 0.101355 -0.852996 -0.211512
v 0.113824 -0.485452 -0.238200
v 0.222339 -0.459780 -0.255358
v 0.320223 -0.417238 -0.259963
v 0.464469 -0.284975 -0.232832
v 0.432528 -0.719788 -0.298246
v -1.189416 0.232554 -0.238399
v -1.202056 0.140385 -0.264318
v -1.105329 0.153140 -0.272915
v -1.010341 0.166696 -0.267302
v -0.919928 0.185502 -0.271134
v -0.918257 0.070203 -0.158408
v -0.823239 0.138896 -0.244419
v -0.754927 0.179868 -0.285289
v -0.731076 0.117008 -0.254399
v -0.673332 0.151587 -0.292700
v -0.649985 0.087149 -0.271595
v -0.594424 0.115470 -0.301963
v -0.531363 0.145807 -0.293825
v -0.463741 0.174449 -0.265738
v -0.442943 0.112492 -0.279086
v -0.374487 0.141074 -0.249193
v -0.391963 0.196498 -0.238167
v -0.320326 0.207721 -0.212651
v -0.245496 0.208246 -0.189490
v -0.166317 0.201603 -0.167670
v -0.170664 0.267209 -0.155955
v -0.085586 0.264206 -0.136843
v -0.090045 0.328011 -0.128903
v -0.000000 0.327460 -0.116877
v 0.362873 -0.210131 -0.212400
v 0.416489 -0.137558 -0.194479
v 0.457721 -0.069707 -0.176498
v 0.377015 -0.009934 -0.161292
v 0.414329 0.051371 -0.147917
v 0.441598 0.113762 -0.135434
v 0.462374 0.175660 -0.125187
v 0.479741 0.233490 -0.117988
v 0.408094 0.252192 -0.116371
v 0.422609 0.305825 -0.113213
v 0.347534 0.317602 -0.112797
v 0.266089 0.324463 -0.112626
v 0.179987 0.327261 -0.112625
v 0.090774 0.327693 -0.112625
v 0.451080 -1.091956 -0.247972
v 0.463274 -0.955820 -0.276141
v 0.475055 -0.819315 -0.293509
v 0.421719 -0.850813 -0.290962
v 0.362873 -0.210131 -0.011248
v 0.416489 -0.137558 0.009311
v 0.457721 -0.069707 0.030026
v 0.377015 -0.009934 0.047693
v 0.414329 0.051371 0.063437
v 0.441598 0.113762 0.078451
v 0.462374 0.175660 0.091242
v 0.479741 0.233490 0.100867
v 0.408094 0.252192 0.103214
v 0.422609 0.305825 0.108567
v 0.347534 0.317602 0.109628
v 0.266089 0.324463 0.110482
v 0.179987 0.327261 0.111125
v 0.090774 0.327693 0.110275
v 0.451080 -1.091956 -0.051471
v 0.463274 -0.955820 -0.084628
v 0.475055 -0.819315 -0.105846
v 0.421719 -0.850813 -0.101648
v -0.950091 -0.884099 0.129594
v 0.000792 -1.289892 0.126126
v -1.304629 0.037401 -0.063403
v -0.534293 -1.186523 0.192266
v -0.330840 -1.254697 0.194418
v 0.000000 -0.494772 -0.026892
v -1.269122 -0.261510 -0.125218
v -0.569364 -0.588256 -0.012470
v -1.160672 -0.577924 -0.044815
v -0.656377 -0.121819 -0.067477
v -0.402183 -0.358028 -0.088119
v -0.368260 -0.757266 0.115922
v -0.572833 -0.083793 -0.143484
v -0.670428 -0.332173 -0.060969
v -0.760706 -1.055771 0.264889
v 0.330623 -1.254705 0.007399
v 0.402183 -0.358028 -0.055478
v 0.368293 -0.757248 -0.105154
v -0.260341 -1.267531 0.239322
v -1.292854 -0.196762 -0.103272
v -1.302324 -0.123015 -0.093165
v -1.306358 -0.045802 -0.080106
v -0.705347 -1.091489 0.285087
v -0.646924 -1.126141 0.300091
v -0.588757 -1.158398 0.267522
v -0.485789 -1.208690 0.188393
v -0.439086 -1.226502 0.197323
v -0.388794 -1.242790 0.063406
v -1.297037 0.127838 -0.042199
v -1.284517 0.221182 -0.017421
v -1.200904 -0.497031 -0.075410
v -1.233014 -0.419260 -0.095706
v -1.258445 -0.343419 -0.106515
v -1.003410 -0.817125 0.081267
v -1.058640 -0.741302 0.036029
v -1.112273 -0.660221 -0.005347
v -0.655203 -0.397952 -0.095423
v -0.632347 -0.465020 -0.101889
v -0.603268 -0.529686 -0.057434
v -0.289238 -0.794920 0.125843
v -0.113824 -0.485452 -0.019181
v -0.222339 -0.459779 -0.026410
v -0.320223 -0.417238 -0.050621
v -0.668665 -0.165123 -0.041072
v -0.675018 -0.215076 -0.026075
v -0.677066 -0.270915 -0.033412
v -0.597876 -0.060842 -0.136229
v -0.620710 -0.063784 -0.121064
v -0.640284 -0.086305 -0.096903
v -0.464647 -0.284280 -0.129680
v -0.510727 -0.205994 -0.149742
v -0.545182 -0.135178 -0.146959
v -0.531326 -0.638120 0.028428
v -0.487017 -0.681019 0.065582
v -0.433608 -0.719784 0.095388
v -0.901997 -0.937755 0.173299
v -0.856389 -0.982115 0.210597
v -0.810370 -1.020224 0.240971
v 0.259939 -1.267503 0.026342
v 0.178987 -1.278648 0.053253
v 0.091204 -1.286520 0.087282
v 0.438581 -1.226777 -0.012254
v 0.389070 -1.241350 -0.004587
v 0.113824 -0.485452 -0.043377
v 0.222339 -0.459779 -0.059794
v 0.320223 -0.417238 -0.065998
v 0.464469 -0.284975 -0.034684
v 0.432528 -0.719788 -0.111685
v -1.189638 0.232800 -0.045004
v -1.201755 0.140217 -0.074806
v -1.105236 0.153203 -0.101738
v -1.010243 0.166737 -0.120664
v -0.919682 0.185433 -0.127651
v -0.918206 0.070356 -0.107717
v -0.823239 0.138895 -0.141342
v -0.754927 0.179868 -0.135512
v -0.731076 0.117008 -0.147716
v -0.673332 0.151587 -0.139385
v -0.649985 0.087149 -0.154051
v -0.594424 0.115471 -0.138831
v -0.531363 0.145807 -0.109810
v -0.463741 0.174449 -0.077610
v -0.442943 0.112492 -0.092912
v -0.374487 0.141074 -0.058627
v -0.391963 0.196498 -0.045955
v -0.320326 0.207721 -0.016518
v -0.245496 0.208246 0.010432
v -0.166317 0.201603 0.036172
v -0.170664 0.267209 0.050221
v -0.085586 0.264206 0.073782
v -0.090045 0.328011 0.084006
v -0.000000 0.327460 0.100923
v -1.278031 -0.269685 -0.108838
v -1.278032 -0.269633 -0.255221
v -0.909073 0.078955 -0.173549
v -0.909173 0.078913 -0.110369
v -1.094604 -0.446436 -0.104700
v -1.094421 -0.446468 -0.167734
v -0.743198 -0.114333 -0.015193
v -0.743446 -0.114325 0.011700
v -1.243517 0.072005 -0.267368
v -1.244380 -0.116373 -0.240530
v -1.001259 0.065060 -0.179422
v -1.002817 0.130078 -0.242693
v -1.243427 0.072020 -0.212410
v -1.244243 -0.115899 -0.206977
v -1.001252 0.065087 -0.155061
v -1.003214 0.130184 -0.210389
v -0.398551 -0.850452 -0.052677
v -0.349048 -0.885842 -0.042617
v -0.444506 -0.812430 -0.070180
v -0.490071 -0.768147 -0.096723
v -0.538151 -0.714544 -0.134838
v -0.749079 -0.407398 -0.079071
v -0.700710 -0.490040 -0.186534
v -0.646955 -0.571648 -0.237776
v -0.591507 -0.647586 -0.188488
v -0.789594 -0.326578 0.007478
v 0.023016 -1.072255 -0.140787
v -0.027753 -1.056546 -0.119832
v -0.074461 -1.038614 -0.099704
v -0.123123 -1.016157 -0.078781
v -0.177513 -0.988233 -0.059619
v -0.235610 -0.956039 -0.045941
v -0.293945 -0.921324 -0.040073
v -0.349036 -0.885765 0.186850
v -0.293696 -0.921293 0.117498
v -0.235297 -0.955943 0.037623
v -0.177086 -0.988242 0.014870
v -0.122739 -1.016178 0.015918
v -0.074213 -1.038347 -0.002067
v -0.027267 -1.056529 0.052773
v 0.022932 -1.072802 0.082620
v -0.789823 -0.326799 0.010342
v -0.749020 -0.407694 -0.057553
v -0.591782 -0.646909 0.017603
v -0.538477 -0.713883 0.077661
v -0.647005 -0.571084 -0.044743
v -0.700584 -0.489976 -0.095569
v -0.490398 -0.767547 0.125216
v -0.444791 -0.811916 0.156494
v -0.398762 -0.850034 0.175528
v -0.925895 -0.455199 0.147581
v -0.905966 -0.540444 0.171709
v -0.832895 -0.546034 0.167706
v -0.852638 -0.461255 0.132674
v -0.980413 -0.532234 0.200093
v -0.093383 -0.114770 0.191715
v -0.190186 -0.199570 0.109642
v 0.093488 -0.114174 0.396459
v 0.190696 -0.199551 0.478293
v -0.180181 -0.053802 0.189565
v 0.180181 -0.053802 0.551964
v 0.208632 -0.344332 0.491299
v 0.100884 -0.266901 0.353710
v 0.000666 -0.189538 0.245737
v 0.000275 -0.333571 0.267759
v -0.100566 -0.266785 0.160283
vn -0.2528 -0.2840 0.9249
vn -0.2616 -0.2440 0.9338
vn -0.3043 -0.2611 0.9161
vn -0.2294 -0.2873 0.9300
vn -0.2270 -0.2956 0.9280
vn -0.2231 -0.2431 0.9440
vn -0.2028 -0.1544 0.9670
vn -0.3378 -0.2667 0.9026
vn -0.3576 -0.2507 0.8996
vn -0.3023 -0.2631 0.9162
vn -0.2457 -0.2848 0.9266
vn -0.2948 -0.3310 0.8964
vn -0.3534 -0.2704 0.8955
vn -0.3309 -0.2957 0.8962
vn -0.2621 -0.3354 0.9049
vn -0.2739 -0.1607 0.9482
vn -0.3314 -0.2735 0.9030
vn -0.3483 -0.2809 0.8943
vn -0.1445 0.3380 0.9300
vn 0.0617 -0.1490 0.9869
vn -0.0385 0.2427 0.9693
vn 0.0648 -0.3187 0.9456
vn -0.3083 0.4166 0.8552
vn -0.2693 0.3837 0.8833
vn -0.0516 0.1674 0.9845
vn 0.2755 -0.2207 0.9356
vn 0.2226 -0.4174 0.8811
vn 0.1074 -0.4962 0.8616
vn -0.0437 -0.4970 0.8666
vn 0.0108 -0.3706 0.9287
vn -0.9734 -0.2292 -0.0000
vn -0.0070 0.3978 0.9174
vn -0.1310 0.4042 0.9052
vn -0.2455 0.4118 0.8776
vn -0.1628 0.5824 0.7965
vn -0.2535 0.6553 0.7115
vn -0.1680 0.6471 0.7436
vn -0.1952 0.6686 0.7176
vn 0.1467 0.1155 0.9824
vn -0.1220 0.4935 0.8612
vn -0.2385 0.6375 0.7326
vn -0.3496 0.5283 0.7738
vn -0.2869 0.5458 0.7873
vn -0.1813 0.5467 0.8175
vn -0.0568 0.5305 0.8458
vn -0.1062 0.6645 0.7397
vn -0.1314 0.6814 0.7200
vn -0.1513 0.4803 0.8640
vn -0.1625 0.3597 0.9188
vn -0.0751 0.2599 0.9627
vn 0.1580 0.3078 0.9382
vn 0.0666 0.4826 0.8733
vn 0.0861 0.3556 0.9307
vn -0.0494 0.5517 0.8326
vn 0.0278 -0.2714 0.9621
vn 0.2346 0.2558 0.9378
vn 0.1692 0.4241 0.8897
vn 0.0791 0.5158 0.8531
vn -0.0705 0.5600 0.8255
vn -0.2013 0.5698 0.7967
vn -0.2628 0.5480 0.7941
vn -0.1544 0.6089 0.7781
vn -0.0306 0.4128 0.9103
vn -0.0353 -0.0520 0.9980
vn -0.0620 -0.0632 0.9961
vn 0.4110 -0.1303 0.9023
vn 0.3029 0.3639 0.8808
vn 0.4251 0.4339 0.7944
vn 0.3173 0.1975 0.9275
vn 0.1482 -0.1226 0.9813
vn 0.4332 -0.0570 0.8995
vn 0.4630 0.3107 0.8301
vn 0.1538 0.0385 0.9873
vn 0.1822 0.4803 0.8580
vn 0.4558 -0.2541 0.8530
vn 0.5623 -0.0737 0.8237
vn 0.5852 0.1462 0.7976
vn 0.5445 0.2777 0.7915
vn 0.4198 0.4441 0.7915
vn 0.2037 0.5604 0.8028
vn 0.0106 0.5260 0.8504
vn -0.1336 0.5335 0.8352
vn -0.2098 0.1789 0.9612
vn -0.1408 -0.3489 0.9265
vn 0.1245 -0.4125 0.9024
vn 0.3212 -0.3748 0.8697
vn -0.5387 -0.1690 0.8254
vn -0.4307 -0.1658 0.8871
vn -0.3356 -0.0176 0.9418
vn -0.3787 -0.0817 0.9219
vn -0.0239 0.0310 0.9992
vn -0.2848 0.1505 0.9467
vn -0.3496 -0.1512 0.9246
vn -0.3714 -0.2409 0.8967
vn -0.3783 -0.2261 0.8976
vn -0.3708 -0.1782 0.9114
vn -0.2543 -0.0958 0.9624
vn -0.3269 0.0090 0.9450
vn -0.3442 0.1279 0.9302
vn -0.2749 0.1975 0.9410
vn -0.4699 0.0752 0.8795
vn -0.3896 -0.1212 0.9130
vn 0.0924 0.2699 0.9585
vn -0.1715 -0.1468 0.9742
vn 0.1860 0.3732 0.9089
vn 0.0403 0.1410 0.9892
vn 0.1009 0.3965 0.9125
vn 0.0619 0.1725 0.9831
vn -0.0899 -0.3235 0.9420
vn -0.2580 -0.4048 0.8773
vn -0.3988 -0.2313 0.8874
vn -0.1486 -0.0148 0.9888
vn 0.3350 0.1456 0.9309
vn 0.3005 0.2723 0.9141
vn 0.2446 0.3767 0.8935
vn 0.2194 0.4204 0.8804
vn 0.2160 0.4114 0.8855
vn 0.1773 0.4016 0.8985
vn -0.4883 0.1567 0.8585
vn -0.3241 0.2673 0.9075
vn -0.1127 0.0358 0.9930
vn 0.1259 -0.0230 0.9918
vn -0.4352 -0.1887 0.8803
vn -0.4725 0.2141 0.8549
vn -0.3337 0.4535 0.8264
vn -0.1277 0.3822 0.9152
vn -0.0062 0.0600 0.9982
vn 0.3008 -0.1906 0.9344
vn 0.3945 -0.2088 0.8949
vn 0.4168 -0.1441 0.8975
vn 0.4088 -0.0482 0.9113
vn 0.3690 0.0510 0.9280
vn -0.2123 0.0009 0.9772
vn -0.5115 -0.0647 0.8568
vn -0.0005 0.6803 0.7330
vn 0.0843 0.6050 0.7918
vn 0.0662 0.6523 0.7551
vn 0.1542 0.5634 0.8117
vn -0.1074 0.5819 0.8061
vn -0.0702 0.6910 0.7194
vn -0.0069 0.6414 0.7671
vn 0.0613 0.5049 0.8610
vn 0.1523 0.4802 0.8639
vn 0.2075 0.4619 0.8623
vn 0.2247 0.4509 0.8638
vn 0.1960 0.5243 0.8287
vn 0.1227 0.6112 0.7819
vn 0.0405 0.6602 0.7500
vn -0.0124 0.6646 0.7471
vn -0.0662 0.6395 0.7659
vn 0.3218 -0.3088 0.8950
vn 0.3622 -0.2652 0.8936
vn 0.3184 -0.3088 0.8962
vn 0.2167 -0.3171 0.9233
vn 0.0814 -0.2613 0.9618
vn -0.0992 -0.2867 0.9529
vn 0.1177 0.0966 0.9883
vn 0.0342 -0.0631 0.9974
vn 0.2692 0.2701 0.9244
vn 0.0045 -0.2416 0.9704
vn 0.0720 0.2166 0.9736
vn 0.2083 0.4450 0.8709
vn 0.3684 0.4295 0.8245
vn 0.4757 0.3148 0.8213
vn 0.3731 0.2614 0.8902
vn 0.1996 0.1226 0.9722
vn -0.1472 -0.0667 0.9869
vn -0.1929 -0.2903 0.9373
vn -0.1153 -0.2347 0.9652
vn 0.0170 -0.1777 0.9839
vn -0.0627 -0.1519 0.9864
vn 0.0211 -0.1184 0.9927
vn -0.2132 -0.2869 0.9339
vn -0.1369 -0.2675 0.9538
vn 0.0122 -0.2136 0.9769
vn 0.0337 -0.2036 0.9785
vn 0.0275 -0.1687 0.9853
vn 0.0187 -0.1268 0.9918
vn 0.0101 -0.0790 0.9968
vn 0.0125 -0.0615 0.9980
vn -0.0224 -0.0642 0.9977
vn -0.1259 -0.1018 0.9868
vn -0.1676 -0.2135 0.9625
vn -0.2005 -0.2827 0.9380
vn 0.0038 -0.1960 0.9806
vn -0.0001 -0.1556 0.9878
vn 0.0239 -0.2120 0.9770
vn 0.0107 -0.2286 0.9735
vn 0.0052 -0.0948 0.9955
vn 0.0103 -0.1407 0.9900
vn 0.0167 -0.1805 0.9834
vn 0.0540 0.2417 0.9689
vn 0.0238 0.1699 0.9852
vn 0.1432 0.2656 0.9534
vn 0.0635 0.2754 0.9592
vn 0.1010 0.0960 0.9902
vn 0.1336 0.1907 0.9725
vn 0.1472 0.2440 0.9585
vn 0.6700 -0.2023 0.7143
vn 0.0429 -0.2886 0.9565
vn 0.1340 -0.2496 0.9590
vn 0.0171 -0.2840 0.9587
vn -0.6005 0.3069 0.7383
vn 0.3805 -0.1143 0.9177
vn 0.6848 -0.0914 0.7230
vn 0.0336 -0.2791 0.9597
vn 0.0230 -0.2518 0.9675
vn 0.0342 -0.2311 0.9723
vn 0.0510 -0.1234 0.9910
vn 0.0641 0.6500 0.7572
vn -0.4027 -0.6629 0.6312
vn -0.5676 -0.8233 -0.0000
vn 0.0075 -0.6047 0.7964
vn -0.4335 -0.2207 0.8737
vn 0.7642 -0.0401 0.6437
vn 0.5247 0.1890 0.8301
vn 0.6217 0.7833 -0.0000
vn -0.4358 0.0766 0.8968
vn 0.5676 -0.8233 -0.0000
vn -0.3494 -0.2098 0.9132
vn -0.1742 0.2299 0.9575
vn -0.0744 0.2292 0.9705
vn 0.0070 0.1948 0.9808
vn 0.1010 0.1000 0.9899
vn 0.1196 -0.0355 0.9922
vn -0.0286 -0.8955 0.4442
vn 0.2523 0.1539 -0.9553
vn 0.2197 0.1491 -0.9641
vn 0.2755 0.1853 -0.9433
vn 0.1993 0.1824 -0.9628
vn 0.1906 0.1419 -0.9714
vn 0.1682 0.1060 -0.9800
vn 0.1294 0.0888 -0.9876
vn 0.2804 0.2192 -0.9345
vn 0.3013 0.2063 -0.9309
vn 0.3039 0.1764 -0.9362
vn 0.2759 0.1645 -0.9470
vn 0.2349 0.2354 -0.9431
vn 0.2969 0.2270 -0.9275
vn 0.2771 0.2476 -0.9284
vn -0.1633 -0.0992 -0.9816
vn -0.4190 -0.2903 -0.8603
vn 0.2014 0.1260 -0.9714
vn 0.2940 0.2371 -0.9259
vn -0.3701 0.5918 -0.7161
vn -0.4291 0.6166 -0.6601
vn -0.2059 0.7011 -0.6827
vn -0.2140 0.6841 -0.6973
vn -0.1629 -0.1069 -0.9808
vn -0.4490 0.4205 -0.7884
vn -0.5657 0.4939 -0.6603
vn -0.6541 0.4134 -0.6334
vn -0.4669 0.5274 -0.7098
vn -0.2102 0.5956 -0.7753
vn 0.0631 0.6073 -0.7920
vn 0.0246 0.7012 -0.7126
vn -0.0012 0.7451 -0.6669
vn -0.0066 0.5228 -0.8525
vn -0.1177 0.3888 -0.9138
vn -0.1645 0.1555 -0.9740
vn 0.1049 -0.4356 -0.8940
vn 0.1283 -0.5259 -0.8408
vn 0.1139 -0.4656 -0.8776
vn 0.1165 -0.5360 -0.8362
vn 0.0152 -0.1728 -0.9848
vn 0.0661 -0.4004 -0.9139
vn 0.1170 -0.5093 -0.8526
vn 0.1714 -0.5276 -0.8320
vn 0.1132 -0.5353 -0.8370
vn 0.0534 -0.4959 -0.8667
vn 0.0313 -0.4021 -0.9151
vn 0.0959 -0.5395 -0.8365
vn 0.1116 -0.4868 -0.8663
vn 0.1127 -0.3660 -0.9238
vn 0.0961 -0.3108 -0.9456
vn 0.0662 -0.2433 -0.9677
vn -0.1439 -0.2620 -0.9543
vn -0.0660 -0.4155 -0.9072
vn -0.0718 -0.3144 -0.9466
vn 0.0016 -0.4557 -0.8902
vn -0.2481 0.0134 -0.9686
vn -0.2226 -0.2029 -0.9536
vn -0.1442 -0.3640 -0.9201
vn -0.0545 -0.4390 -0.8969
vn 0.0210 -0.4761 -0.8791
vn 0.0819 -0.5006 -0.8618
vn 0.1299 -0.5160 -0.8467
vn 0.0624 -0.4869 -0.8712
vn -0.0039 -0.3608 -0.9326
vn -0.0597 -0.1095 -0.9922
vn -0.1288 -0.0538 -0.9902
vn -0.1849 -0.0098 -0.9827
vn -0.4019 -0.0917 -0.9111
vn -0.3941 -0.1547 -0.9060
vn -0.3660 -0.0922 -0.9260
vn -0.3250 -0.2215 -0.9194
vn -0.3610 -0.0897 -0.9282
vn -0.3945 -0.1181 -0.9113
vn -0.4138 -0.1342 -0.9004
vn -0.3947 -0.1637 -0.9041
vn -0.3352 -0.2332 -0.9128
vn -0.2447 -0.3138 -0.9174
vn -0.1457 -0.3850 -0.9114
vn -0.2335 -0.2985 -0.9254
vn -0.3046 -0.1381 -0.9424
vn -0.3139 0.0088 -0.9494
vn -0.3509 -0.0170 -0.9362
vn -0.3662 -0.0516 -0.9291
vn -0.6390 -0.0612 -0.7668
vn -0.6198 -0.4022 -0.6738
vn -0.3298 -0.1816 -0.9264
vn -0.3131 -0.6136 -0.7249
vn -0.7270 0.2474 -0.6406
vn -0.7691 0.0046 -0.6391
vn -0.7556 -0.2137 -0.6192
vn -0.7166 -0.3510 -0.6027
vn -0.5631 -0.5424 -0.6235
vn -0.3060 -0.7121 -0.6319
vn -0.0163 -0.7816 -0.6235
vn 0.1011 -0.7023 -0.7047
vn 0.2003 -0.3332 -0.9213
vn 0.1547 0.3719 -0.9153
vn -0.2553 0.4170 -0.8723
vn -0.5378 0.3444 -0.7695
vn 0.3321 0.1185 -0.9358
vn 0.3440 0.1547 -0.9261
vn 0.3092 0.0346 -0.9504
vn 0.2147 0.1087 -0.9706
vn 0.2221 0.1737 -0.9594
vn 0.2995 0.1603 -0.9405
vn 0.3287 0.1676 -0.9295
vn 0.3152 0.1995 -0.9278
vn 0.3207 0.1987 -0.9261
vn 0.1572 0.1051 -0.9820
vn -0.5733 -0.1914 -0.7967
vn -0.5186 -0.1310 -0.8449
vn -0.2716 -0.0829 -0.9588
vn 0.1046 -0.1099 -0.9884
vn 0.2890 -0.0212 -0.9571
vn 0.2632 0.1076 -0.9587
vn 0.3956 0.6326 -0.6658
vn 0.5446 0.5586 -0.6256
vn 0.4948 0.5041 -0.7078
vn 0.6306 0.4251 -0.6493
vn 0.1308 0.5609 -0.8175
vn 0.2171 0.7202 -0.6590
vn 0.3143 0.6692 -0.6733
vn 0.4324 0.5197 -0.7369
vn 0.6836 0.3691 -0.6297
vn 0.7290 0.2630 -0.6319
vn 0.6494 0.1823 -0.7383
vn 0.5889 0.2912 -0.7540
vn 0.4728 0.3367 -0.8143
vn 0.2895 0.2167 -0.9323
vn 0.3276 0.4066 -0.8528
vn 0.2559 0.5187 -0.8158
vn 0.7322 -0.2415 -0.6368
vn 0.6068 -0.4916 -0.6246
vn 0.7454 -0.1661 -0.6456
vn 0.6506 -0.3459 -0.6761
vn 0.5938 0.1884 -0.7822
vn 0.5936 -0.3238 -0.7368
vn 0.4225 -0.6320 -0.6497
vn 0.2438 -0.7455 -0.6203
vn 0.4497 -0.6094 -0.6530
vn 0.4916 -0.4276 -0.7586
vn 0.1845 -0.1326 -0.9738
vn 0.4589 -0.1783 -0.8704
vn 0.5993 -0.0922 -0.7952
vn 0.6556 0.0455 -0.7537
vn 0.7717 0.0558 -0.6335
vn 0.7628 0.0802 -0.6417
vn 0.0795 -0.5060 -0.8589
vn 0.0361 -0.5263 -0.8495
vn 0.0541 -0.5059 -0.8609
vn 0.0011 -0.5099 -0.8602
vn 0.1162 -0.4082 -0.9054
vn 0.0993 -0.4999 -0.8604
vn 0.0683 -0.5362 -0.8413
vn 0.0542 -0.2821 -0.9579
vn 0.0901 -0.1943 -0.9768
vn 0.0976 -0.1823 -0.9784
vn 0.0438 -0.2481 -0.9677
vn -0.0355 -0.4869 -0.8727
vn 0.0247 -0.4991 -0.8662
vn 0.0667 -0.4848 -0.8721
vn 0.0910 -0.4664 -0.8799
vn 0.1082 -0.4407 -0.8911
vn -0.2657 0.2546 -0.9298
vn -0.1487 0.0695 -0.9864
vn 0.2175 -0.2910 -0.9317
vn 0.2755 -0.5494 -0.7888
vn 0.1472 -0.6617 -0.7352
vn -0.3669 -0.5267 -0.7668
vn -0.3675 -0.6540 -0.6612
vn -0.5039 -0.5186 -0.6908
vn -0.5187 -0.5775 -0.6304
vn -0.2331 -0.6344 -0.7371
vn -0.1222 -0.7537 -0.6457
vn -0.3316 -0.7124 -0.6185
vn -0.5314 -0.5886 -0.6092
vn -0.6789 -0.4215 -0.6012
vn -0.6501 -0.4431 -0.6173
vn -0.6317 -0.4235 -0.6493
vn -0.6026 -0.3655 -0.7095
vn -0.4397 -0.3946 -0.8068
vn 0.0046 0.1113 -0.9938
vn -0.0245 0.1030 -0.9944
vn 0.0007 0.0509 -0.9987
vn -0.0119 0.0546 -0.9984
vn 0.1005 0.1851 -0.9776
vn -0.0014 0.1588 -0.9873
vn -0.0353 0.1465 -0.9886
vn -0.0236 0.1470 -0.9889
vn -0.0178 0.1110 -0.9937
vn -0.0098 0.0678 -0.9977
vn -0.0029 0.0203 -0.9998
vn -0.0029 0.0089 -1.0000
vn -0.0002 0.0036 -1.0000
vn 0.0490 0.0310 -0.9983
vn 0.0852 0.0693 -0.9939
vn 0.1030 0.1334 -0.9857
vn -0.0029 0.1384 -0.9904
vn -0.0001 0.0968 -0.9953
vn -0.0177 0.1552 -0.9877
vn -0.0082 0.1724 -0.9850
vn -0.0019 0.0347 -0.9994
vn -0.0060 0.0816 -0.9966
vn -0.0114 0.1225 -0.9924
vn -0.0127 -0.1967 -0.9804
vn 0.0051 -0.1301 -0.9915
vn -0.0877 -0.2262 -0.9701
vn -0.0212 -0.2319 -0.9725
vn -0.0484 -0.0661 -0.9966
vn -0.0738 -0.1483 -0.9862
vn -0.0876 -0.2019 -0.9755
vn -0.3137 -0.1723 -0.9337
vn -0.2457 -0.1909 -0.9503
vn -0.3272 -0.1622 -0.9309
vn -0.2517 -0.1672 -0.9533
vn -0.3349 -0.1283 -0.9335
vn -0.2894 -0.1638 -0.9431
vn -0.2283 -0.1929 -0.9543
vn -0.1583 -0.2137 -0.9640
vn -0.1673 -0.2006 -0.9653
vn -0.1638 -0.1620 -0.9731
vn -0.1477 -0.0970 -0.9843
vn -0.2460 -0.1205 -0.9617
vn -0.3297 -0.1327 -0.9347
vn -0.3894 -0.1356 -0.9110
vn -0.3830 -0.1490 -0.9116
vn -0.3645 -0.1468 -0.9196
vn -0.0524 0.2196 -0.9742
vn -0.0368 0.2373 -0.9707
vn -0.0343 0.2125 -0.9766
vn -0.0139 0.2315 -0.9727
vn 0.0621 0.2032 -0.9772
vn -0.0260 0.2214 -0.9748
vn -0.0633 0.2328 -0.9704
vn -0.0278 0.2302 -0.9727
vn -0.0180 0.1971 -0.9802
vn -0.0257 0.1758 -0.9841
vn -0.0404 0.1838 -0.9821
vn -0.0284 0.1890 -0.9816
vn -0.0506 0.1360 -0.9894
vn 0.0575 0.1126 -0.9920
vn -0.0416 0.0150 -0.9990
vn 0.0749 -0.0228 -0.9969
vn -0.0705 0.2101 -0.9751
vn -0.0586 0.2149 -0.9749
vn 0.0335 0.2031 -0.9786
vn 0.1326 0.1918 -0.9724
vn 0.1675 0.1049 -0.9803
vn 0.1911 -0.0361 -0.9809
vn 0.2187 -0.1822 -0.9586
vn 0.1050 -0.1654 -0.9806
vn -0.0120 -0.1147 -0.9933
vn -0.1131 -0.0414 -0.9927
vn -0.1391 0.0674 -0.9880
vn -0.1118 0.1719 -0.9787
vn -0.1782 -0.9840 -0.0000
vn -0.1364 -0.9907 -0.0000
vn -0.0893 -0.9960 -0.0000
vn -0.0327 -0.9995 -0.0000
vn -0.9805 -0.1964 -0.0000
vn -0.9919 -0.1274 -0.0000
vn -0.9986 -0.0521 -0.0000
vn -0.9998 0.0208 -0.0000
vn -0.5415 -0.8407 -0.0000
vn -0.5115 -0.8593 -0.0000
vn -0.4847 -0.8747 -0.0000
vn -0.4567 -0.8896 -0.0000
vn -0.4187 -0.9081 -0.0000
vn -0.3581 -0.9337 -0.0000
vn -0.2855 -0.9584 -0.0000
vn -0.2228 -0.9749 -0.0000
vn -0.9965 0.0837 -0.0000
vn -0.9910 0.1335 -0.0000
vn -0.8944 -0.4474 -0.0000
vn -0.9239 -0.3827 -0.0000
vn -0.9481 -0.3179 -0.0000
vn -0.9667 -0.2561 -0.0000
vn -0.7823 -0.6229 -0.0000
vn -0.8082 -0.5889 -0.0000
vn -0.8341 -0.5517 -0.0000
vn -0.8623 -0.5063 -0.0000
vn 0.9742 0.2255 -0.0000
vn 0.9465 0.3226 -0.0000
vn 0.9120 0.4101 -0.0000
vn 0.8655 0.5010 -0.0000
vn 0.4302 0.9028 -0.0000
vn 0.3505 0.9366 -0.0000
vn 0.2416 0.9704 -0.0000
vn 0.0917 0.9958 -0.0000
vn -0.0816 -0.9967 -0.0000
vn -0.2302 -0.9731 -0.0000
vn -0.3986 -0.9171 -0.0000
vn -0.5856 -0.8106 -0.0000
vn 0.9620 -0.2729 -0.0000
vn 0.9893 -0.1459 -0.0000
vn 0.9998 -0.0186 -0.0000
vn 0.9942 0.1077 -0.0000
vn -0.6774 -0.7356 -0.0000
vn 0.1290 -0.9916 -0.0000
vn 0.7560 -0.6546 -0.0000
vn 0.9109 -0.4126 -0.0000
vn -0.7630 -0.6463 -0.0000
vn -0.8618 -0.5073 -0.0000
vn -0.8992 -0.4375 -0.0000
vn -0.8807 -0.4737 -0.0000
vn 0.7951 0.6065 -0.0000
vn 0.6956 0.7185 -0.0000
vn 0.5874 0.8093 -0.0000
vn 0.4975 0.8674 -0.0000
vn -0.7446 -0.6675 -0.0000
vn -0.6971 -0.7169 -0.0000
vn -0.6377 -0.7703 -0.0000
vn -0.5818 -0.8134 -0.0000
vn 0.1782 -0.9840 -0.0000
vn 0.1364 -0.9907 -0.0000
vn 0.0893 -0.9960 -0.0000
vn 0.0327 -0.9995 -0.0000
vn 0.2855 -0.9584 -0.0000
vn 0.2228 -0.9749 -0.0000
vn -0.4302 0.9028 -0.0000
vn -0.3505 0.9366 -0.0000
vn -0.2416 0.9704 -0.0000
vn -0.0917 0.9958 -0.0000
vn 0.0816 -0.9967 -0.0000
vn 0.2302 -0.9731 -0.0000
vn 0.3986 -0.9171 -0.0000
vn 0.5856 -0.8106 -0.0000
vn 0.7630 -0.6463 -0.0000
vn -0.4975 0.8674 -0.0000
vn -0.1186 0.9929 -0.0000
vn 0.9911 -0.1333 -0.0000
vn -0.1339 0.9910 -0.0000
vn -0.1410 0.9900 -0.0000
vn -0.2009 0.9796 -0.0000
vn 0.9958 0.0917 -0.0000
vn -0.5733 0.8194 -0.0000
vn -0.5105 0.8599 -0.0000
vn 0.9350 0.3547 -0.0000
vn -0.5137 0.8580 -0.0000
vn 0.9401 0.3410 -0.0000
vn -0.4590 0.8884 -0.0000
vn -0.4335 0.9012 -0.0000
vn -0.3860 0.9225 -0.0000
vn 0.9480 0.3182 -0.0000
vn -0.9542 -0.2993 -0.0000
vn -0.1594 0.9872 -0.0000
vn -0.0070 1.0000 -0.0000
vn 0.0880 0.9961 -0.0000
vn -0.9978 -0.0664 -0.0000
vn 0.0353 0.9994 -0.0000
vn -0.9976 -0.0699 -0.0000
vn 0.0026 1.0000 -0.0000
vn 0.5933 0.8050 -0.0000
vn 0.8024 -0.5968 -0.0000
vn 0.8563 -0.5165 -0.0000
vn 0.5951 0.8036 -0.0000
vn 0.8523 -0.5230 -0.0000
vn 0.9163 -0.4005 -0.0000
vn 0.9480 -0.3182 -0.0000
vn 0.9592 -0.2828 -0.0000
vn 0.2527 0.9675 -0.0000
vn 0.9654 -0.2606 -0.0000
vn 0.1593 0.9872 -0.0000
vn 0.0839 0.9965 -0.0000
vn 0.0325 0.9995 -0.0000
vn 0.0049 1.0000 -0.0000
vn -0.0026 1.0000 -0.0000
vn 0.9956 -0.0936 -0.0000
vn 0.9960 -0.0892 -0.0000
vn 0.9966 -0.0821 -0.0000
vn -0.5085 0.8611 -0.0000
vn 0.9966 -0.0823 -0.0000
vn 0.9620 -0.2729 -0.0001
vn -0.9893 0.1459 -0.0000
vn -0.9998 0.0186 -0.0000
vn 0.3349 0.1098 0.9359
vn -0.1013 0.4989 0.8607
vn 0.3500 0.1190 0.9292
vn -0.0847 0.4640 0.8818
vn -0.0068 0.2244 -0.9745
vn -0.0563 0.4253 0.9033
vn 0.0170 -0.4235 -0.9058
vn -0.0163 0.3827 0.9237
vn 0.0715 -0.4801 -0.8743
vn -0.2242 -0.5118 0.8294
vn 0.6493 0.6197 0.4409
vn 0.3821 -0.9241 -0.0000
vn 0.1151 -0.5305 -0.8398
vn 0.8178 0.5453 0.1839
vn -0.1615 -0.1048 0.9813
vn 0.2760 -0.0989 -0.9561
vn -0.1426 0.0769 -0.9868
vn -0.6871 0.7266 -0.0000
vn 0.7266 0.6871 -0.0000
vn -0.7266 -0.6871 -0.0000
vn -0.4243 0.1284 0.8964
vn -0.2176 0.2262 0.9495
vn -0.0049 0.1721 0.9851
vn -0.2347 0.9721 -0.0000
vn 0.5967 -0.8025 -0.0000
vn 0.9996 0.0296 -0.0000
vn -1.0000 0.0030 -0.0000
vn 0.3522 0.1512 0.9236
vn -0.9948 0.1016 -0.0000
vn 0.3330 -0.8663 -0.3723
vn 0.3037 0.1188 0.9453
vn -0.3322 0.1287 -0.9344
vn -0.0385 -0.4307 0.9017
vn 0.1192 -0.5654 -0.8162
vn 0.2450 0.1675 0.9550
vn -0.4716 0.0269 -0.8814
vn 0.0509 -0.0175 0.9986
vn 0.0759 -0.5394 -0.8386
vn 0.1750 0.2234 0.9589
vn -0.4854 -0.1337 -0.8640
vn -0.0703 0.4928 0.8673
vn 0.0187 -0.4843 -0.8747
vn 0.1028 0.2805 0.9543
vn -0.5047 0.1490 -0.8503
vn -0.1026 0.5288 0.8425
vn -0.0964 -0.0668 -0.9931
vn 0.0370 0.3347 0.9416
vn -0.3114 -0.2375 -0.9201
vn 0.0926 -0.8031 -0.5886
vn -0.3821 0.9241 -0.0000
vn 0.1362 -0.5679 -0.8117
vn -0.3848 0.7188 -0.5790
vn 0.6701 0.4730 0.5721
vn 0.5709 -0.8210 -0.0000
vn 0.4209 0.5631 0.7112
vn 0.1489 0.3559 0.9226
vn -0.0863 -0.9963 -0.0000
vn 0.1187 0.9929 -0.0000
vn 0.9745 0.2245 -0.0000
vn 0.0795 0.9968 -0.0000
vn -0.6872 0.1088 0.7182
vn -0.7607 -0.2080 0.6149
vn -0.5698 -0.1408 0.8096
vn -0.6019 -0.7986 -0.0000
vn 0.6594 0.7518 -0.0000
vn -0.5518 -0.8340 -0.0000
vn 0.6019 -0.7986 -0.0000
vn 0.5518 -0.8340 -0.0000
vn -0.6594 0.7518 -0.0000
vn 0.5766 0.8171 -0.0000
vn -0.6217 0.7833 -0.0000
vn 0.2524 0.2846 -0.9248
vn 0.2591 0.2471 -0.9337
vn 0.3025 0.2647 -0.9157
vn 0.2294 0.2870 -0.9300
vn 0.2270 0.2956 -0.9280
vn 0.2226 0.2437 -0.9440
vn 0.2019 0.1597 -0.9663
vn 0.3375 0.2734 -0.9008
vn 0.3576 0.2507 -0.8996
vn 0.3024 0.2630 -0.9162
vn 0.2457 0.2846 -0.9266
vn 0.2942 0.3364 -0.8946
vn 0.3526 0.2710 -0.8957
vn 0.3287 0.3018 -0.8949
vn 0.2595 0.3395 -0.9041
vn 0.2736 0.1600 -0.9484
vn 0.3315 0.2744 -0.9027
vn 0.3471 0.2823 -0.8943
vn 0.1442 -0.3378 -0.9301
vn -0.0614 0.1487 -0.9870
vn 0.0378 -0.2427 -0.9694
vn -0.0658 0.3171 -0.9461
vn 0.3114 -0.4150 -0.8548
vn 0.2732 -0.3814 -0.8831
vn 0.0560 -0.1648 -0.9847
vn -0.2721 0.2215 -0.9364
vn -0.2223 0.4172 -0.8812
vn -0.1074 0.4962 -0.8616
vn 0.0436 0.4971 -0.8666
vn -0.0104 0.3687 -0.9295
vn 0.9736 0.2284 -0.0008
vn 0.0073 -0.3972 -0.9177
vn 0.1302 -0.4039 -0.9055
vn 0.2455 -0.4118 -0.8776
vn 0.1629 -0.5824 -0.7964
vn 0.2535 -0.6553 -0.7115
vn 0.1681 -0.6472 -0.7436
vn 0.1952 -0.6685 -0.7176
vn -0.1470 -0.1181 -0.9821
vn 0.1221 -0.4936 -0.8611
vn 0.2386 -0.6375 -0.7325
vn 0.3512 -0.5273 -0.7737
vn 0.2868 -0.5458 -0.7873
vn 0.1812 -0.5467 -0.8175
vn 0.0568 -0.5305 -0.8458
vn 0.1062 -0.6644 -0.7398
vn 0.1314 -0.6814 -0.7200
vn 0.1492 -0.4836 -0.8625
vn 0.1607 -0.3627 -0.9180
vn 0.0735 -0.2626 -0.9621
vn -0.1580 -0.3080 -0.9382
vn -0.0667 -0.4826 -0.8733
vn -0.0863 -0.3557 -0.9306
vn 0.0494 -0.5517 -0.8326
vn -0.0291 0.2701 -0.9624
vn -0.2346 -0.2559 -0.9378
vn -0.1692 -0.4241 -0.8897
vn -0.0785 -0.5151 -0.8535
vn 0.0713 -0.5593 -0.8259
vn 0.2024 -0.5688 -0.7972
vn 0.2641 -0.5469 -0.7945
vn 0.1545 -0.6089 -0.7781
vn 0.0306 -0.4129 -0.9102
vn 0.0344 0.0500 -0.9982
vn 0.0607 0.0615 -0.9963
vn -0.4104 0.1282 -0.9028
vn -0.3020 -0.3631 -0.8814
vn -0.4250 -0.4338 -0.7945
vn -0.3171 -0.1974 -0.9276
vn -0.1486 0.1212 -0.9815
vn -0.4334 0.0572 -0.8994
vn -0.4631 -0.3109 -0.8300
vn -0.1539 -0.0384 -0.9873
vn -0.1822 -0.4806 -0.8578
vn -0.4553 0.2533 -0.8536
vn -0.5584 0.0782 -0.8259
vn -0.5837 -0.1514 -0.7977
vn -0.5434 -0.2773 -0.7924
vn -0.4198 -0.4442 -0.7915
vn -0.2037 -0.5604 -0.8028
vn -0.0107 -0.5259 -0.8505
vn 0.1336 -0.5337 -0.8351
vn 0.2101 -0.1792 -0.9611
vn 0.1407 0.3494 -0.9264
vn -0.1245 0.4129 -0.9022
vn -0.3212 0.3750 -0.8696
vn 0.5387 0.1690 -0.8254
vn 0.4307 0.1658 -0.8871
vn 0.3357 0.0176 -0.9418
vn 0.3787 0.0817 -0.9219
vn 0.0236 -0.0318 -0.9992
vn 0.2849 -0.1509 -0.9466
vn 0.3496 0.1512 -0.9246
vn 0.3714 0.2409 -0.8967
vn 0.3783 0.2261 -0.8976
vn 0.3708 0.1782 -0.9115
vn 0.2529 0.0949 -0.9628
vn 0.3255 -0.0099 -0.9455
vn 0.3426 -0.1290 -0.9306
vn 0.2733 -0.1990 -0.9411
vn 0.4700 -0.0753 -0.8795
vn 0.3899 0.1209 -0.9129
vn -0.0919 -0.2697 -0.9586
vn 0.1713 0.1463 -0.9743
vn -0.1858 -0.3729 -0.9091
vn -0.0402 -0.1408 -0.9892
vn -0.1002 -0.3959 -0.9128
vn -0.0617 -0.1729 -0.9830
vn 0.0901 0.3228 -0.9422
vn 0.2579 0.4048 -0.8773
vn 0.3986 0.2311 -0.8875
vn 0.1482 0.0147 -0.9888
vn -0.3397 -0.1465 -0.9291
vn -0.3058 -0.2734 -0.9120
vn -0.2505 -0.3782 -0.8912
vn -0.2259 -0.4224 -0.8778
vn -0.2160 -0.4113 -0.8855
vn -0.1772 -0.4016 -0.8985
vn 0.4880 -0.1566 -0.8587
vn 0.3236 -0.2669 -0.9078
vn 0.1124 -0.0358 -0.9930
vn -0.1257 0.0228 -0.9918
vn 0.4354 0.1888 -0.8802
vn 0.4728 -0.2142 -0.8548
vn 0.3337 -0.4534 -0.8265
vn 0.1275 -0.3816 -0.9155
vn 0.0062 -0.0599 -0.9982
vn -0.3004 0.1903 -0.9346
vn -0.3987 0.2086 -0.8930
vn -0.4209 0.1435 -0.8957
vn -0.4130 0.0473 -0.9095
vn -0.3733 -0.0518 -0.9263
vn 0.2118 -0.0010 -0.9773
vn 0.5114 0.0646 -0.8569
vn 0.0004 -0.6802 -0.7330
vn -0.0843 -0.6050 -0.7918
vn -0.0662 -0.6523 -0.7551
vn -0.1541 -0.5634 -0.8117
vn 0.1044 -0.5856 -0.8039
vn 0.0702 -0.6911 -0.7194
vn 0.0069 -0.6414 -0.7672
vn -0.0613 -0.5049 -0.8610
vn -0.1523 -0.4802 -0.8639
vn -0.2075 -0.4619 -0.8623
vn -0.2324 -0.4537 -0.8603
vn -0.2058 -0.5279 -0.8240
vn -0.1370 -0.6163 -0.7755
vn -0.0615 -0.6698 -0.7400
vn 0.0051 -0.6699 -0.7424
vn 0.0617 -0.6437 -0.7628
vn -0.3242 0.3115 -0.8932
vn -0.3662 0.2654 -0.8919
vn -0.3166 0.3113 -0.8960
vn -0.2166 0.3211 -0.9219
vn -0.0800 0.2642 -0.9611
vn 0.1002 0.2909 -0.9515
vn -0.1176 -0.0967 -0.9883
vn -0.0342 0.0632 -0.9974
vn -0.2690 -0.2696 -0.9246
vn -0.0070 0.2460 -0.9692
vn -0.0722 -0.2150 -0.9739
vn -0.2083 -0.4446 -0.8712
vn -0.3684 -0.4294 -0.8246
vn -0.4737 -0.3162 -0.8220
vn -0.3706 -0.2633 -0.8907
vn -0.1961 -0.1247 -0.9726
vn 0.1485 0.0650 -0.9868
vn 0.1925 0.2934 -0.9364
vn 0.1154 0.2348 -0.9652
vn -0.0171 0.1777 -0.9839
vn 0.0627 0.1518 -0.9864
vn -0.0211 0.1184 -0.9927
vn 0.2136 0.2864 -0.9340
vn 0.1371 0.2667 -0.9540
vn -0.0123 0.2133 -0.9769
vn -0.0337 0.2036 -0.9785
vn -0.0275 0.1687 -0.9853
vn -0.0187 0.1268 -0.9918
vn -0.0097 0.0849 -0.9963
vn -0.0125 0.0669 -0.9977
vn 0.0224 0.0691 -0.9974
vn 0.1259 0.1067 -0.9863
vn 0.1676 0.2135 -0.9625
vn 0.2005 0.2827 -0.9380
vn -0.0003 0.1948 -0.9808
vn 0.0049 0.1567 -0.9876
vn -0.0239 0.2120 -0.9770
vn -0.0074 0.2271 -0.9738
vn -0.0029 0.1006 -0.9949
vn -0.0094 0.1414 -0.9899
vn -0.0167 0.1805 -0.9834
vn -0.0482 -0.2422 -0.9690
vn -0.0175 -0.1701 -0.9853
vn -0.1426 -0.2686 -0.9526
vn -0.0594 -0.2779 -0.9588
vn -0.1000 -0.0940 -0.9905
vn -0.1336 -0.1907 -0.9725
vn -0.1472 -0.2440 -0.9585
vn -0.6695 0.2032 -0.7145
vn -0.0421 0.2876 -0.9568
vn -0.1337 0.2497 -0.9591
vn -0.0139 0.2840 -0.9587
vn 0.6026 -0.3067 -0.7367
vn -0.3827 0.1130 -0.9169
vn -0.6848 0.0915 -0.7230
vn -0.0320 0.2785 -0.9599
vn -0.0206 0.2513 -0.9677
vn -0.0342 0.2310 -0.9723
vn -0.0512 0.1230 -0.9911
vn -0.0645 -0.6515 -0.7559
vn 0.4057 0.6632 -0.6289
vn 0.5725 0.8199 -0.0024
vn -0.0082 0.6047 -0.7964
vn 0.4342 0.2210 -0.8733
vn -0.7641 0.0379 -0.6440
vn -0.5261 -0.1884 -0.8293
vn -0.6247 -0.7808 0.0022
vn 0.4361 -0.0786 -0.8965
vn -0.5712 0.8208 -0.0029
vn 0.3499 0.2099 -0.9130
vn 0.1727 -0.2319 -0.9573
vn 0.0731 -0.2318 -0.9700
vn -0.0081 -0.1983 -0.9801
vn -0.1007 -0.1059 -0.9893
vn -0.1169 0.0342 -0.9926
vn 0.0293 0.8969 -0.4413
vn -0.2527 -0.1532 0.9553
vn -0.2222 -0.1457 0.9641
vn -0.2762 -0.1827 0.9436
vn -0.1993 -0.1824 0.9628
vn -0.1906 -0.1419 0.9714
vn -0.1687 -0.1054 0.9800
vn -0.1310 -0.0840 0.9878
vn -0.2807 -0.2152 0.9353
vn -0.3013 -0.2063 0.9309
vn -0.3039 -0.1764 0.9362
vn -0.2759 -0.1645 0.9470
vn -0.2360 -0.2325 0.9435
vn -0.2985 -0.2259 0.9273
vn -0.2809 -0.2430 0.9285
vn 0.1620 0.1022 0.9815
vn 0.4195 0.2899 0.8602
vn -0.2018 -0.1260 0.9713
vn -0.2941 -0.2358 0.9262
vn 0.3703 -0.5920 0.7158
vn 0.4291 -0.6166 0.6601
vn 0.2061 -0.7012 0.6826
vn 0.2140 -0.6841 0.6973
vn 0.1657 0.1080 0.9802
vn 0.4527 -0.4185 0.7874
vn 0.5703 -0.4909 0.6586
vn 0.6589 -0.4101 0.6306
vn 0.4669 -0.5273 0.7099
vn 0.2102 -0.5955 0.7754
vn -0.0634 -0.6071 0.7921
vn -0.0247 -0.7011 0.7126
vn 0.0012 -0.7452 0.6669
vn 0.0068 -0.5236 0.8519
vn 0.1179 -0.3896 0.9134
vn 0.1646 -0.1560 0.9739
vn -0.1049 0.4356 0.8940
vn -0.1283 0.5259 0.8408
vn -0.1139 0.4656 0.8776
vn -0.1165 0.5360 0.8361
vn -0.0162 0.1708 0.9852
vn -0.0661 0.4004 0.9139
vn -0.1170 0.5093 0.8526
vn -0.1699 0.5286 0.8317
vn -0.1136 0.5357 0.8368
vn -0.0537 0.4966 0.8663
vn -0.0314 0.4029 0.9147
vn -0.0959 0.5395 0.8365
vn -0.1116 0.4868 0.8664
vn -0.1141 0.3640 0.9244
vn -0.0973 0.3089 0.9461
vn -0.0673 0.2414 0.9681
vn 0.1439 0.2620 0.9543
vn 0.0660 0.4155 0.9072
vn 0.0718 0.3144 0.9466
vn -0.0016 0.4556 0.8902
vn 0.2475 -0.0156 0.9688
vn 0.2226 0.2029 0.9536
vn 0.1442 0.3640 0.9202
vn 0.0565 0.4419 0.8953
vn -0.0185 0.4788 0.8777
vn -0.0792 0.5030 0.8607
vn -0.1276 0.5177 0.8460
vn -0.0624 0.4869 0.8712
vn 0.0039 0.3608 0.9326
vn 0.0587 0.1076 0.9925
vn 0.1278 0.0517 0.9905
vn 0.1841 0.0076 0.9829
vn 0.4019 0.0917 0.9111
vn 0.3941 0.1547 0.9060
vn 0.3660 0.0922 0.9260
vn 0.3250 0.2216 0.9194
vn 0.3611 0.0873 0.9284
vn 0.3945 0.1181 0.9113
vn 0.4138 0.1342 0.9004
vn 0.3946 0.1669 0.9036
vn 0.3357 0.2366 0.9118
vn 0.2458 0.3172 0.9160
vn 0.1473 0.3882 0.9097
vn 0.2335 0.2985 0.9254
vn 0.3046 0.1382 0.9424
vn 0.3135 -0.0112 0.9495
vn 0.3507 0.0146 0.9364
vn 0.3661 0.0491 0.9293
vn 0.6387 0.0612 0.7670
vn 0.6197 0.4022 0.6740
vn 0.3294 0.1815 0.9266
vn 0.3130 0.6134 0.7251
vn 0.7315 -0.2451 0.6363
vn 0.7733 -0.0050 0.6341
vn 0.7597 0.2108 0.6151
vn 0.7207 0.3471 0.6001
vn 0.5630 0.5424 0.6235
vn 0.3060 0.7120 0.6320
vn 0.0158 0.7819 0.6232
vn -0.1010 0.7021 0.7049
vn -0.2001 0.3327 0.9216
vn -0.1548 -0.3712 0.9156
vn 0.2552 -0.4165 0.8726
vn 0.5377 -0.3442 0.7696
vn -0.3321 -0.1185 0.9358
vn -0.3441 -0.1547 0.9261
vn -0.3097 -0.0346 0.9502
vn -0.2154 -0.1089 0.9704
vn -0.2221 -0.1737 0.9594
vn -0.2995 -0.1603 0.9405
vn -0.3286 -0.1676 0.9295
vn -0.3152 -0.1995 0.9278
vn -0.3207 -0.1988 0.9261
vn -0.1578 -0.1054 0.9818
vn 0.5732 0.1914 0.7967
vn 0.5184 0.1307 0.8451
vn 0.2704 0.0824 0.9592
vn -0.1065 0.1086 0.9884
vn -0.2891 0.0212 0.9571
vn -0.2632 -0.1076 0.9587
vn -0.3957 -0.6326 0.6657
vn -0.5445 -0.5586 0.6256
vn -0.4949 -0.5042 0.7077
vn -0.6306 -0.4251 0.6493
vn -0.1307 -0.5616 0.8170
vn -0.2171 -0.7202 0.6589
vn -0.3144 -0.6692 0.6733
vn -0.4324 -0.5196 0.7369
vn -0.6835 -0.3691 0.6297
vn -0.7290 -0.2631 0.6319
vn -0.6537 -0.1832 0.7343
vn -0.5936 -0.2922 0.7498
vn -0.4783 -0.3385 0.8103
vn -0.2951 -0.2197 0.9299
vn -0.3278 -0.4072 0.8525
vn -0.2559 -0.5193 0.8154
vn -0.7321 0.2416 0.6369
vn -0.6067 0.4916 0.6246
vn -0.7454 0.1662 0.6455
vn -0.6506 0.3461 0.6760
vn -0.5936 -0.1883 0.7825
vn -0.5933 0.3236 0.7370
vn -0.4225 0.6319 0.6497
vn -0.2436 0.7456 0.6202
vn -0.4497 0.6095 0.6529
vn -0.4919 0.4279 0.7582
vn -0.1881 0.1331 0.9731
vn -0.4631 0.1782 0.8682
vn -0.6034 0.0916 0.7922
vn -0.6597 -0.0463 0.7501
vn -0.7717 -0.0558 0.6335
vn -0.7627 -0.0802 0.6418
vn -0.0795 0.5060 0.8589
vn -0.0362 0.5264 0.8495
vn -0.0541 0.5059 0.8609
vn -0.0010 0.5100 0.8601
vn -0.1180 0.4061 0.9062
vn -0.0993 0.4999 0.8604
vn -0.0684 0.5363 0.8413
vn -0.0542 0.2829 0.9576
vn -0.0899 0.1949 0.9767
vn -0.0972 0.1828 0.9783
vn -0.0473 0.2461 0.9681
vn 0.0319 0.4852 0.8738
vn -0.0309 0.4961 0.8677
vn -0.0764 0.4785 0.8747
vn -0.0947 0.4630 0.8813
vn -0.1107 0.4381 0.8921
vn 0.2661 -0.2522 0.9304
vn 0.1472 -0.0690 0.9867
vn -0.2166 0.2933 0.9311
vn -0.2756 0.5535 0.7859
vn -0.1471 0.6651 0.7321
vn 0.3684 0.5310 0.7631
vn 0.3674 0.6550 0.6603
vn 0.5042 0.5198 0.6896
vn 0.5187 0.5775 0.6304
vn 0.2308 0.6390 0.7338
vn 0.1207 0.7560 0.6434
vn 0.3316 0.7124 0.6185
vn 0.5314 0.5886 0.6093
vn 0.6824 0.4173 0.6001
vn 0.6516 0.4396 0.6182
vn 0.6314 0.4221 0.6505
vn 0.6026 0.3652 0.7096
vn 0.4398 0.3972 0.8055
vn -0.0046 -0.1113 0.9938
vn 0.0245 -0.1030 0.9944
vn -0.0007 -0.0509 0.9987
vn 0.0119 -0.0546 0.9984
vn -0.1005 -0.1851 0.9776
vn 0.0014 -0.1588 0.9873
vn 0.0353 -0.1465 0.9886
vn 0.0236 -0.1470 0.9889
vn 0.0178 -0.1110 0.9937
vn 0.0098 -0.0678 0.9977
vn 0.0033 -0.0150 0.9999
vn 0.0030 -0.0038 1.0000
vn 0.0001 0.0012 1.0000
vn -0.0492 -0.0264 0.9984
vn -0.0852 -0.0693 0.9939
vn -0.1030 -0.1334 0.9857
vn 0.0071 -0.1397 0.9902
vn 0.0047 -0.0965 0.9953
vn 0.0177 -0.1552 0.9877
vn 0.0124 -0.1743 0.9846
vn 0.0043 -0.0296 0.9996
vn 0.0067 -0.0810 0.9967
vn 0.0114 -0.1225 0.9924
vn 0.0184 0.1962 0.9804
vn 0.0017 0.1305 0.9914
vn 0.0883 0.2244 0.9705
vn 0.0260 0.2304 0.9727
vn 0.0486 0.0690 0.9964
vn 0.0741 0.1484 0.9861
vn 0.0876 0.2019 0.9755
vn 0.3137 0.1723 0.9337
vn 0.2457 0.1909 0.9503
vn 0.3272 0.1622 0.9309
vn 0.2517 0.1672 0.9533
vn 0.3352 0.1260 0.9337
vn 0.2898 0.1616 0.9433
vn 0.2288 0.1908 0.9546
vn 0.1589 0.2118 0.9643
vn 0.1673 0.2006 0.9653
vn 0.1638 0.1620 0.9731
vn 0.1466 0.0993 0.9842
vn 0.2451 0.1230 0.9617
vn 0.3289 0.1353 0.9346
vn 0.3889 0.1384 0.9108
vn 0.3830 0.1490 0.9116
vn 0.3645 0.1468 0.9196
vn 0.0524 -0.2196 0.9742
vn 0.0392 -0.2373 0.9706
vn 0.0352 -0.2124 0.9766
vn 0.0172 -0.2325 0.9725
vn -0.0622 -0.2032 0.9772
vn 0.0260 -0.2214 0.9748
vn 0.0639 -0.2327 0.9704
vn 0.0303 -0.2314 0.9724
vn 0.0214 -0.1972 0.9801
vn 0.0257 -0.1758 0.9841
vn 0.0404 -0.1838 0.9821
vn 0.0283 -0.1890 0.9816
vn 0.0506 -0.1360 0.9894
vn -0.0575 -0.1126 0.9920
vn 0.0415 -0.0150 0.9990
vn -0.0749 0.0228 0.9969
vn 0.0723 -0.2125 0.9745
vn 0.0586 -0.2149 0.9749
vn -0.0335 -0.2031 0.9786
vn -0.1326 -0.1918 0.9724
vn -0.1675 -0.1049 0.9803
vn -0.1911 0.0361 0.9809
vn -0.2201 0.1802 0.9587
vn -0.1061 0.1631 0.9809
vn 0.0109 0.1116 0.9937
vn 0.1129 0.0353 0.9930
vn 0.1402 -0.0713 0.9875
vn 0.1133 -0.1749 0.9780
vn 0.1787 0.9839 0.0017
vn 0.1369 0.9906 0.0017
vn 0.0899 0.9960 0.0017
vn 0.0308 0.9995 -0.0009
vn 0.9804 0.1964 -0.0155
vn 0.9920 0.1262 -0.0095
vn 0.9987 0.0515 -0.0063
vn 0.9998 -0.0211 -0.0027
vn 0.5408 0.8412 0.0036
vn 0.5110 0.8596 0.0034
vn 0.4845 0.8748 0.0031
vn 0.4567 0.8896 0.0028
vn 0.4189 0.9080 0.0025
vn 0.3586 0.9335 0.0021
vn 0.2896 0.9571 0.0044
vn 0.2213 0.9752 0.0045
vn 0.9965 -0.0841 0.0003
vn 0.9911 -0.1329 0.0022
vn 0.8946 0.4467 -0.0099
vn 0.9235 0.3832 -0.0160
vn 0.9477 0.3185 -0.0197
vn 0.9665 0.2558 -0.0201
vn 0.7812 0.6243 0.0035
vn 0.8076 0.5898 0.0030
vn 0.8339 0.5519 0.0010
vn 0.8627 0.5057 -0.0034
vn -0.9781 -0.2070 -0.0227
vn -0.9517 -0.3065 -0.0199
vn -0.9149 -0.4033 -0.0157
vn -0.8641 -0.5032 -0.0110
vn -0.4293 -0.9031 -0.0092
vn -0.3509 -0.9364 -0.0083
vn -0.2432 -0.9700 -0.0068
vn -0.0945 -0.9955 -0.0062
vn 0.0813 0.9967 -0.0056
vn 0.2306 0.9730 -0.0053
vn 0.3997 0.9166 -0.0054
vn 0.5874 0.8093 -0.0066
vn -0.9662 0.2568 -0.0218
vn -0.9904 0.1363 -0.0237
vn -0.9995 0.0199 -0.0249
vn -0.9952 -0.0952 -0.0244
vn 0.6760 0.7369 -0.0031
vn -0.1331 0.9911 -0.0095
vn -0.7668 0.6415 -0.0191
vn -0.9186 0.3946 -0.0205
vn 0.7635 0.6457 -0.0081
vn 0.8609 0.5087 -0.0071
vn 0.8988 0.4384 -0.0047
vn 0.8802 0.4745 -0.0042
vn -0.7920 -0.6105 -0.0089
vn -0.6922 -0.7216 -0.0091
vn -0.5844 -0.8114 -0.0095
vn -0.4955 -0.8685 -0.0095
vn 0.7434 0.6688 0.0035
vn 0.6960 0.7180 0.0036
vn 0.6366 0.7712 0.0037
vn 0.5808 0.8140 0.0037
vn -0.1792 0.9838 -0.0050
vn -0.1377 0.9905 -0.0050
vn -0.0909 0.9958 -0.0049
vn -0.0346 0.9994 -0.0040
vn -0.2839 0.9589 -0.0036
vn -0.2236 0.9747 -0.0049
vn 0.4290 -0.9032 -0.0079
vn 0.3485 -0.9373 -0.0075
vn 0.2389 -0.9710 -0.0073
vn 0.0885 -0.9961 -0.0066
vn -0.0824 0.9966 -0.0065
vn -0.2312 0.9729 -0.0076
vn -0.3989 0.9170 -0.0084
vn -0.5850 0.8110 -0.0084
vn -0.7609 0.6489 -0.0056
vn 0.5021 -0.8648 -0.0050
vn 0.1192 -0.9929 -0.0010
vn -0.9910 0.1338 -0.0036
vn 0.1307 -0.9914 -0.0073
vn 0.1423 -0.9898 -0.0107
vn 0.2024 -0.9793 -0.0097
vn -0.9961 -0.0880 0.0103
vn 0.5443 -0.8379 -0.0414
vn 0.5064 -0.8622 -0.0149
vn -0.9293 -0.3686 -0.0215
vn 0.5025 -0.8644 -0.0166
vn -0.9358 -0.3520 -0.0223
vn 0.4462 -0.8948 -0.0150
vn 0.4336 -0.9011 -0.0097
vn 0.3903 -0.9207 -0.0048
vn -0.9479 -0.3187 -0.0031
vn 0.3870 -0.9220 -0.0079
vn 0.9545 0.2981 -0.0114
vn 0.1569 -0.9876 -0.0036
vn 0.0086 -1.0000 -0.0047
vn -0.0826 -0.9966 -0.0043
vn 0.9979 0.0638 -0.0091
vn -0.0336 -0.9994 -0.0036
vn 0.9977 0.0671 -0.0075
vn -0.0048 -1.0000 -0.0037
vn -0.5934 -0.8049 0.0046
vn -0.8042 0.5943 0.0022
vn -0.8553 0.5181 0.0023
vn -0.5960 -0.8030 0.0056
vn -0.8545 0.5194 0.0031
vn -0.9166 0.3998 0.0035
vn -0.9482 0.3176 0.0038
vn -0.9582 0.2860 0.0028
vn -0.2548 -0.9670 0.0048
vn -0.9659 0.2589 0.0033
vn -0.1561 -0.9877 0.0032
vn -0.0839 -0.9965 0.0044
vn -0.0325 -0.9995 0.0044
vn -0.0050 -1.0000 0.0045
vn 0.0020 -1.0000 0.0048
vn -0.9956 0.0937 0.0031
vn -0.9959 0.0902 0.0040
vn -0.9963 0.0855 0.0024
vn 0.5072 -0.8618 0.0024
vn -0.9967 0.0815 0.0025
vn -0.9967 0.0809 -0.0056
vn 0.5060 -0.8625 -0.0063
vn -0.9964 0.0847 -0.0048
vn -0.9961 0.0878 -0.0071
vn -0.9958 0.0915 -0.0053
vn 0.0029 -1.0000 -0.0052
vn -0.0048 -1.0000 -0.0054
vn -0.0325 -0.9995 -0.0053
vn -0.0840 -0.9965 -0.0052
vn -0.1560 -0.9877 -0.0036
vn -0.9659 0.2587 -0.0053
vn -0.2542 -0.9671 -0.0044
vn -0.9580 0.2867 -0.0041
vn -0.9477 0.3191 -0.0059
vn -0.9158 0.4015 -0.0062
vn -0.8542 0.5199 -0.0091
vn -0.5962 -0.8028 -0.0036
vn -0.8545 0.5194 -0.0054
vn -0.8039 0.5947 -0.0105
vn -0.5940 -0.8044 -0.0036
vn 0.1792 0.9838 0.0029
vn 0.9803 0.1976 0.0040
vn 0.9919 0.1270 0.0027
vn 0.9987 0.0516 0.0028
vn 0.9998 -0.0215 0.0029
vn 0.5408 0.8411 0.0028
vn 0.5102 0.8601 0.0028
vn 0.4854 0.8743 0.0027
vn 0.4573 0.8893 0.0007
vn 0.4170 0.9089 0.0001
vn 0.3582 0.9336 0.0013
vn 0.2919 0.9565 -0.0020
vn 0.2157 0.9765 -0.0027
vn 0.9964 -0.0844 0.0028
vn 0.9910 -0.1336 0.0029
vn 0.8944 0.4473 0.0035
vn 0.9236 0.3834 0.0051
vn 0.9478 0.3187 0.0058
vn 0.9665 0.2566 0.0055
vn 0.7806 0.6250 0.0043
vn 0.8069 0.5906 0.0045
vn 0.8331 0.5531 0.0041
vn 0.8616 0.5075 0.0029
vn -0.9734 -0.2289 0.0106
vn -0.9465 -0.3225 0.0054
vn -0.9131 -0.4077 0.0050
vn -0.8671 -0.4981 0.0053
vn -0.4304 -0.9027 0.0020
vn 0.0818 0.9966 0.0049
vn 0.2298 0.9732 0.0053
vn 0.3976 0.9175 0.0050
vn 0.5844 0.8115 0.0043
vn 0.0416 0.4516 0.8912
vn 0.9920 -0.1090 0.0634
vn 0.9972 -0.0431 0.0611
vn -0.7978 -0.2741 0.5371
vn 0.6752 0.7376 0.0085
vn -0.1236 0.9922 0.0151
vn -0.7486 0.6628 0.0152
vn -0.9044 0.4260 0.0235
vn 0.7622 0.6473 0.0033
vn 0.8614 0.5080 0.0030
vn 0.8991 0.4378 0.0036
vn 0.8805 0.4740 0.0052
vn -0.7969 -0.6040 0.0046
vn -0.6971 -0.7169 0.0035
vn -0.5885 -0.8085 0.0026
vn -0.4981 -0.8671 0.0021
vn 0.7427 0.6696 0.0043
vn 0.6951 0.7189 0.0042
vn 0.6358 0.7718 0.0041
vn 0.5803 0.8144 0.0038
vn -0.2828 0.9592 0.0043
vn -0.2215 0.9752 0.0050
vn -0.0812 0.9967 0.0042
vn -0.2308 0.9730 0.0022
vn -0.3986 0.9171 0.0009
vn -0.5853 0.8108 0.0013
vn -0.7613 0.6484 0.0014
vn 0.5020 -0.8649 0.0036
vn 0.1207 -0.9927 0.0010
vn -0.9912 0.1326 -0.0027
vn 0.1319 -0.9912 0.0073
vn 0.1414 -0.9900 0.0022
vn 0.2023 -0.9793 0.0021
vn -0.9953 -0.0962 -0.0063
vn 0.5724 -0.8199 0.0113
vn 0.5135 -0.8581 0.0037
vn -0.9339 -0.3574 0.0045
vn 0.5109 -0.8596 0.0054
vn -0.9389 -0.3441 0.0054
vn 0.4514 -0.8923 0.0064
vn 0.4315 -0.9021 0.0051
vn 0.3874 -0.9219 0.0041
vn -0.9462 -0.3234 0.0073
vn 0.3832 -0.9237 0.0076
vn 0.9538 0.3004 0.0007
vn 0.1548 -0.9879 0.0035
vn 0.0049 -1.0000 0.0055
vn -0.0841 -0.9964 0.0081
vn 0.9978 0.0657 0.0011
vn -0.0340 -0.9994 0.0059
vn 0.9976 0.0689 0.0016
vn -0.0057 -1.0000 0.0035
vn 0.5085 -0.8611 -0.0000
vn -0.9963 0.0860 -0.0000
vn -0.9960 0.0892 -0.0000
vn -0.9957 0.0923 -0.0000
vn -0.2824 0.9593 -0.0000
vn -0.2228 0.9749 -0.0000
vn -0.1782 0.9840 -0.0000
vn -0.1364 0.9907 -0.0000
vn -0.0893 0.9960 -0.0000
vn -0.0351 0.9994 0.0007
vn -0.3350 -0.1095 -0.9358
vn 0.1013 -0.4991 -0.8606
vn -0.3496 -0.1189 -0.9293
vn 0.0848 -0.4643 -0.8816
vn 0.0054 -0.2221 0.9750
vn 0.0564 -0.4255 -0.9032
vn -0.0172 0.4237 0.9056
vn 0.0164 -0.3829 -0.9236
vn -0.0716 0.4802 0.8742
vn 0.2233 0.5130 -0.8289
vn -0.6491 -0.6199 -0.4409
vn -0.3829 0.9238 0.0005
vn -0.1152 0.5306 0.8398
vn -0.8178 -0.5454 -0.1839
vn 0.9242 0.3818 0.0001
vn 0.9481 0.3179 -0.0000
vn 0.9665 0.2566 -0.0000
vn 0.1654 0.1000 -0.9811
vn -0.2769 0.1001 0.9557
vn 0.5725 -0.8199 0.0001
vn 0.5144 -0.8576 -0.0000
vn -0.9350 -0.3548 -0.0000
vn 0.5138 -0.8579 -0.0000
vn -0.9402 -0.3407 -0.0000
vn 0.4541 -0.8909 -0.0000
vn 0.4335 -0.9011 -0.0000
vn 0.3900 -0.9208 -0.0000
vn -0.9480 -0.3182 -0.0000
vn 0.3853 -0.9228 -0.0000
vn 0.9537 0.3007 -0.0000
vn 0.1548 -0.9879 -0.0000
vn 0.0070 -1.0000 -0.0000
vn -0.0836 -0.9965 -0.0000
vn 0.9978 0.0661 -0.0000
vn -0.0353 -0.9994 -0.0000
vn 0.9976 0.0697 -0.0000
vn -0.0061 -1.0000 -0.0000
vn 0.0026 -1.0000 -0.0000
vn -0.0048 -1.0000 -0.0000
vn -0.0325 -0.9995 -0.0000
vn -0.0839 -0.9965 -0.0000
vn -0.1550 -0.9879 -0.0000
vn -0.9653 0.2612 -0.0000
vn -0.2526 -0.9676 -0.0000
vn -0.9577 0.2876 -0.0000
vn -0.9480 0.3182 -0.0000
vn -0.9163 0.4005 -0.0000
vn -0.8542 0.5199 -0.0000
vn -0.5952 -0.8036 -0.0000
vn -0.8546 0.5193 -0.0000
vn -0.8043 0.5942 -0.0000
vn -0.5931 -0.8051 -0.0000
vn -0.7610 0.6488 -0.0000
vn -0.5856 0.8106 -0.0000
vn -0.3986 0.9171 -0.0000
vn -0.2302 0.9731 -0.0000
vn -0.0816 0.9967 -0.0000
vn 0.0816 0.9967 -0.0000
vn 0.2302 0.9731 -0.0000
vn 0.3986 0.9171 -0.0000
vn 0.5856 0.8106 -0.0000
vn 0.7631 0.6463 -0.0000
vn 0.8618 0.5073 -0.0000
vn 0.8992 0.4375 -0.0000
vn 0.8806 0.4739 -0.0000
vn 0.6757 0.7372 -0.0000
vn -0.1278 0.9918 -0.0000
vn -0.7548 0.6560 -0.0000
vn -0.9108 0.4128 -0.0000
vn -0.9620 0.2729 -0.0000
vn -0.9900 0.1406 0.0128
vn -0.9995 0.0262 0.0147
vn -0.9942 -0.1077 -0.0000
vn -0.9742 -0.2255 -0.0000
vn -0.9465 -0.3226 -0.0000
vn -0.9120 -0.4101 -0.0000
vn -0.8655 -0.5010 -0.0000
vn -0.7951 -0.6065 -0.0000
vn -0.6956 -0.7184 -0.0000
vn -0.5874 -0.8093 -0.0000
vn -0.4975 -0.8674 -0.0000
vn -0.4301 -0.9028 -0.0000
vn 0.5038 -0.8638 -0.0000
vn -0.9966 0.0822 -0.0000
vn 0.1436 -0.0774 0.9866
vn 0.6725 -0.7401 0.0002
vn 0.6884 -0.7252 -0.0128
vn 0.6868 -0.7268 0.0140
vn 0.6893 -0.7245 0.0010
vn 0.6864 -0.7272 0.0036
vn -0.7272 -0.6864 -0.0018
vn 0.7258 0.6879 0.0004
vn 0.4240 -0.1284 -0.8965
vn 0.2183 -0.2269 -0.9491
vn 0.0049 -0.1740 -0.9847
vn 0.2348 -0.9720 0.0022
vn -0.5969 0.8023 -0.0055
vn -0.9994 -0.0333 -0.0068
vn 1.0000 -0.0047 -0.0025
vn -0.3507 -0.1517 -0.9241
vn 0.9947 -0.1031 -0.0013
vn -0.3320 0.8699 0.3648
vn 0.3019 0.9533 0.0010
vn 0.3604 0.9328 -0.0020
vn 0.4164 0.9092 -0.0025
vn 0.4567 0.8896 -0.0020
vn 0.4843 0.8749 -0.0027
vn 0.5099 0.8602 -0.0016
vn 0.5406 0.8413 -0.0006
vn 0.5826 0.8127 -0.0006
vn 0.6378 0.7702 -0.0009
vn 0.6974 0.7167 -0.0008
vn 0.7449 0.6671 -0.0008
vn 0.7826 0.6225 -0.0009
vn 0.8084 0.5886 -0.0012
vn 0.8347 0.5506 -0.0014
vn 0.8623 0.5065 -0.0004
vn 0.8992 0.4373 0.0155
vn -0.3038 -0.1187 -0.9453
vn 0.3320 -0.1288 0.9344
vn 0.0380 0.4315 -0.9013
vn -0.1192 0.5655 0.8161
vn -0.2449 -0.1675 -0.9550
vn 0.4722 -0.0288 0.8810
vn -0.0515 0.0185 -0.9985
vn -0.0760 0.5395 0.8385
vn -0.1749 -0.2234 -0.9589
vn 0.4852 0.1342 0.8641
vn 0.0701 -0.4928 -0.8673
vn -0.0188 0.4847 0.8745
vn -0.1028 -0.2805 -0.9543
vn 0.5043 -0.1474 0.8508
vn 0.1027 -0.5290 -0.8424
vn 0.0970 0.0658 0.9931
vn -0.0369 -0.3348 -0.9416
vn 0.3138 0.2329 0.9205
vn -0.0923 0.8030 0.5888
vn 0.3804 -0.9248 -0.0053
vn -0.1363 0.5680 0.8116
vn 0.3829 -0.7094 0.5917
vn -0.6691 -0.4740 -0.5724
vn -0.5653 0.8249 0.0033
vn -0.4179 -0.5658 -0.7108
vn -0.1476 -0.3556 -0.9229
vn 0.0808 0.9967 -0.0010
vn -0.1122 -0.9937 -0.0013
vn -0.9740 -0.2266 -0.0014
vn -0.0825 -0.9966 -0.0024
vn 0.6882 -0.1115 -0.7169
vn 0.7617 0.2086 -0.6134
vn 0.5699 0.1405 -0.8096
vn 0.6000 0.8000 -0.0013
vn -0.6609 -0.7505 0.0006
vn 0.5521 0.8338 -0.0002
vn -0.6004 0.7997 0.0010
vn -0.5535 0.8328 0.0009
vn 0.6595 -0.7517 -0.0025
vn -0.5816 -0.8135 -0.0014
vn 0.6245 -0.7810 0.0026
vn -0.9956 0.0664 -0.0663
vn -0.9884 0.0988 0.1156
vn -0.9870 0.1059 0.1211
vn -0.9472 0.1525 0.2822
vn 0.7476 0.6641 -0.0004
vn 0.4251 -0.1188 0.8973
vn 0.3610 0.0803 0.9291
vn 0.2636 0.0940 0.9600
vn 0.1513 0.0721 0.9859
vn -0.9537 -0.3006 -0.0014
vn -0.9001 -0.4356 -0.0010
vn 0.8377 -0.5462 0.0018
vn 0.2507 0.0459 0.9670
vn 0.3101 0.0409 0.9498
vn 0.3589 0.0292 0.9329
vn 0.3921 -0.1796 0.9022
vn 0.8765 -0.4813 -0.0003
vn -0.8741 -0.4857 0.0001
vn -0.8029 0.5961 -0.0003
vn 0.2533 0.1638 0.9534
vn -0.2903 -0.9568 -0.0132
vn 0.9746 0.2066 0.0863
vn 0.2683 -0.4539 0.8497
vn -0.9868 0.1619 0.0002
vn 0.3006 0.4664 0.8319
vn -0.7564 -0.3443 0.5562
vn -0.6776 0.2702 0.6840
vn -0.7290 0.6846 -0.0014
vn 0.6466 -0.7628 -0.0010
vt 0.508571 0.887072
vt 0.515884 0.886296
vt 0.515765 0.896893
vt 0.509165 0.897729
vt 0.523290 0.886085
vt 0.522673 0.896656
vt 0.515833 0.906170
vt 0.509906 0.906372
vt 0.500000 0.875000
vt 0.508060 0.875000
vt 0.501757 0.890024
vt 0.516120 0.875000
vt 0.524180 0.875000
vt 0.532240 0.875000
vt 0.530181 0.886057
vt 0.515964 0.913825
vt 0.510378 0.913070
vt 0.505046 0.907693
vt 0.506654 0.912326
vt 0.503299 0.900106
vt 0.509160 0.922621
vt 0.515683 0.924381
vt 0.514822 0.928187
vt 0.508028 0.926391
vt 0.510008 0.918287
vt 0.505099 0.915648
vt 0.515980 0.919763
vt 0.512967 0.931624
vt 0.506250 0.929772
vt 0.501708 0.923994
vt 0.500000 0.928185
vt 0.503348 0.919839
vt 0.437291 0.947219
vt 0.446951 0.948030
vt 0.446780 0.955485
vt 0.436906 0.955239
vt 0.456127 0.948681
vt 0.455974 0.955456
vt 0.446734 0.962950
vt 0.436763 0.963084
vt 0.456001 0.962487
vt 0.428644 0.937500
vt 0.437921 0.939041
vt 0.426693 0.946693
vt 0.447198 0.940583
vt 0.456474 0.942124
vt 0.465750 0.943665
vt 0.464595 0.948707
vt 0.464515 0.954839
vt 0.464713 0.961480
vt 0.464970 0.968565
vt 0.456102 0.969736
vt 0.446755 0.970406
vt 0.436746 0.970748
vt 0.425916 0.963105
vt 0.425888 0.970936
vt 0.426110 0.955019
vt 0.388321 0.946959
vt 0.401544 0.947139
vt 0.401506 0.955180
vt 0.388355 0.955282
vt 0.414514 0.946911
vt 0.414215 0.955039
vt 0.401481 0.963409
vt 0.388366 0.963769
vt 0.414089 0.963195
vt 0.375000 0.937500
vt 0.388235 0.939484
vt 0.375000 0.946422
vt 0.401471 0.939886
vt 0.414745 0.939473
vt 0.414071 0.971128
vt 0.401478 0.971427
vt 0.388368 0.971950
vt 0.375000 0.964266
vt 0.375000 0.973187
vt 0.375000 0.955344
vt 0.387547 0.923093
vt 0.400127 0.922724
vt 0.400707 0.928390
vt 0.387842 0.928432
vt 0.412770 0.923093
vt 0.413609 0.928432
vt 0.401177 0.933828
vt 0.388075 0.933600
vt 0.414340 0.933598
vt 0.375000 0.919544
vt 0.387184 0.916497
vt 0.375000 0.924033
vt 0.399413 0.915851
vt 0.411746 0.916497
vt 0.424420 0.919544
vt 0.425476 0.924033
vt 0.426532 0.928522
vt 0.427588 0.933011
vt 0.375000 0.933011
vt 0.375000 0.928522
vt 0.410386 0.907447
vt 0.422294 0.908408
vt 0.398539 0.907069
vt 0.386754 0.907447
vt 0.375000 0.908408
vt 0.471918 0.947586
vt 0.478622 0.945793
vt 0.479914 0.951298
vt 0.472424 0.953407
vt 0.485032 0.943693
vt 0.487157 0.948701
vt 0.481260 0.957394
vt 0.473038 0.959764
vt 0.489625 0.954434
vt 0.471572 0.942124
vt 0.477393 0.940583
vt 0.483214 0.939041
vt 0.489035 0.937500
vt 0.490886 0.941308
vt 0.493961 0.945651
vt 0.497899 0.950719
vt 0.503786 0.957786
vt 0.491789 0.961504
vt 0.482348 0.964387
vt 0.473587 0.966764
vt 0.495804 0.897179
vt 0.498440 0.904733
vt 0.494384 0.910792
vt 0.490639 0.905460
vt 0.501395 0.911111
vt 0.498502 0.915791
vt 0.490827 0.917269
vt 0.485902 0.913558
vt 0.496034 0.920844
vt 0.492699 0.891651
vt 0.493756 0.926025
vt 0.487511 0.923865
vt 0.481267 0.921704
vt 0.481450 0.909297
vt 0.475022 0.919544
vt 0.486931 0.901058
vt 0.436770 0.978230
vt 0.446786 0.977834
vt 0.446856 0.985237
vt 0.436916 0.985567
vt 0.456180 0.977154
vt 0.456250 0.984699
vt 0.447003 0.992623
vt 0.437299 0.992807
vt 0.456345 0.992328
vt 0.425917 0.978476
vt 0.465151 0.976056
vt 0.465276 0.983862
vt 0.465413 0.991879
vt 0.465750 1.000000
vt 0.456474 1.000000
vt 0.447198 1.000000
vt 0.437921 1.000000
vt 0.426721 0.992930
vt 0.428644 1.000000
vt 0.426118 0.985781
vt 0.473929 0.974455
vt 0.482898 0.972466
vt 0.483044 0.981324
vt 0.474110 0.982684
vt 0.492485 0.970350
vt 0.492413 0.980040
vt 0.483001 0.990574
vt 0.474218 0.991258
vt 0.492040 0.989975
vt 0.503064 0.968958
vt 0.502587 0.979292
vt 0.501898 0.989632
vt 0.500000 1.000000
vt 0.491438 1.000000
vt 0.482875 1.000000
vt 0.474313 1.000000
vt 0.388369 0.979370
vt 0.401485 0.978974
vt 0.401535 0.986149
vt 0.388375 0.986363
vt 0.414091 0.978698
vt 0.414236 0.985963
vt 0.401657 0.993122
vt 0.388390 0.993210
vt 0.414615 0.993030
vt 0.375000 0.979891
vt 0.415233 1.000000
vt 0.401822 1.000000
vt 0.388411 1.000000
vt 0.375000 0.993297
vt 0.375000 1.000000
vt 0.375000 0.986594
vt 0.525194 0.989977
vt 0.525223 1.000000
vt 0.512611 1.000000
vt 0.513216 0.989667
vt 0.513761 0.979427
vt 0.514523 0.969429
vt 0.516488 0.960189
vt 0.516299 0.937189
vt 0.511357 0.941436
vt 0.505388 0.938582
vt 0.509769 0.935054
vt 0.505199 0.946082
vt 0.500078 0.942196
vt 0.499849 0.935707
vt 0.503439 0.932798
vt 0.495717 0.938586
vt 0.518040 0.944052
vt 0.511852 0.949829
vt 0.491776 0.935171
vt 0.494517 0.932843
vt 0.497259 0.930514
vt 0.508575 0.887048
vt 0.509167 0.897717
vt 0.515765 0.896893
vt 0.515884 0.886296
vt 0.509906 0.906370
vt 0.515833 0.906170
vt 0.522673 0.896656
vt 0.522393 0.906207
vt 0.501819 0.889687
vt 0.503315 0.900014
vt 0.505048 0.907681
vt 0.522403 0.914276
vt 0.528926 0.914516
vt 0.528938 0.906287
vt 0.529316 0.896644
vt 0.530181 0.886058
vt 0.509160 0.922621
vt 0.522513 0.925480
vt 0.522574 0.920574
vt 0.505099 0.915648
vt 0.503348 0.919839
vt 0.529135 0.921030
vt 0.387547 0.923093
vt 0.387842 0.928432
vt 0.400127 0.922724
vt 0.413609 0.928432
vt 0.412770 0.923093
vt 0.387184 0.916497
vt 0.411745 0.916497
vt 0.399413 0.915851
vt 0.496029 0.895952
vt 0.490864 0.904110
vt 0.494449 0.910423
vt 0.498486 0.904467
vt 0.485998 0.912813
vt 0.490871 0.917015
vt 0.498511 0.915744
vt 0.501401 0.911078
vt 0.496040 0.920812
vt 0.493756 0.886136
vt 0.487511 0.897272
vt 0.481267 0.908408
vt 0.475022 0.919544
vt 0.481267 0.921704
vt 0.477961 0.902872
vt 0.483186 0.897526
vt 0.478884 0.897641
vt 0.474659 0.897318
vt 0.474623 0.897526
vt 0.471362 0.891736
vt 0.483004 0.898622
vt 0.477871 0.903585
vt 0.472704 0.908408
vt 0.488272 0.892906
vt 0.472704 0.908408
vt 0.470386 0.897272
vt 0.468068 0.886136
vt 0.465751 0.875000
vt 0.385758 0.886104
vt 0.386271 0.897018
vt 0.397554 0.896903
vt 0.396517 0.886090
vt 0.408855 0.897018
vt 0.407278 0.886104
vt 0.375000 0.875000
vt 0.375000 0.886136
vt 0.385229 0.875000
vt 0.395457 0.875000
vt 0.405686 0.875000
vt 0.418041 0.886136
vt 0.415915 0.875000
vt 0.420168 0.897272
vt 0.375000 0.897272
vt 0.385758 0.886104
vt 0.397554 0.896903
vt 0.386271 0.897018
vt 0.386754 0.907447
vt 0.407278 0.886104
vt 0.408855 0.897018
vt 0.410386 0.907447
vt 0.375000 0.908408
vt 0.375000 0.919544
vt 0.375000 0.897272
vt 0.375000 0.886136
vt 0.465751 1.000000
vt 0.474313 1.000000
vt 0.491438 1.000000
vt 0.375000 0.964266
vt 0.375000 0.955344
vt 0.375000 0.933011
vt 0.375000 0.928522
vt 0.375000 0.924033
vt 0.525223 1.000000
vt 0.428645 1.000000
vt 0.437921 1.000000
vt 0.388411 1.000000
vt 0.415233 1.000000
vt 0.465750 0.943665
vt 0.456474 0.942124
vt 0.447198 0.940583
vt 0.428644 0.937500
vt 0.418041 0.886136
vt 0.415915 0.875000
vt 0.465751 0.875000
vt 0.468068 0.886136
vt 0.470386 0.897272
vt 0.475022 0.919544
vt 0.483214 0.939041
vt 0.477393 0.940583
vt 0.471572 0.942124
vt 0.497259 0.930514
vt 0.491776 0.935171
vt 0.427588 0.933011
vt 0.426532 0.928522
vt 0.375000 0.993297
vt 0.375000 0.986594
vt 0.375000 0.979891
vt 0.375000 0.897272
vt 0.375000 0.886136
vt 0.375000 0.928522
vt 0.375000 0.924033
vt 0.475022 0.919544
vt 0.481267 0.921704
vt 0.513216 0.989667
vt 0.513761 0.979427
vt 0.503786 0.957786
vt 0.511852 0.949829
vt 0.518040 0.944052
vt 0.511357 0.941436
vt 0.509769 0.935054
vt 0.512967 0.931624
vt 0.515964 0.913825
vt 0.515833 0.906170
vt 0.515765 0.896893
vt 0.523290 0.886085
vt 0.532240 0.875000
vt 0.485998 0.912813
vt 0.490871 0.917015
vt 0.496040 0.920812
vt 0.498511 0.915744
vt 0.503348 0.919839
vt 0.522513 0.925480
vt 0.522574 0.920574
vt 0.529135 0.921030
vt 0.529316 0.896644
vt 0.530181 0.886057
vt 0.413609 0.928432
vt 0.412770 0.923093
vt 0.530181 0.886057
vt 0.503348 0.919839
vt 0.498511 0.915744
vt 0.375000 0.919544
vt 0.375000 0.908408
vt 0.491438 1.000000
vt 0.375000 0.946422
vt 0.375000 0.924033
vt 0.437921 1.000000
vt 0.456474 0.942124
vt 0.428644 0.937500
vt 0.468068 0.886136
vt 0.470386 0.897272
vt 0.472704 0.908408
vt 0.489035 0.937500
vt 0.471572 0.942124
vt 0.500000 0.928185
vt 0.487511 0.923865
vt 0.493756 0.926025
vt 0.426532 0.928522
vt 0.375000 0.993297
vt 0.475022 0.919544
vt 0.424420 0.919544
vt 0.513761 0.979427
vt 0.514523 0.969429
vt 0.516488 0.960189
vt 0.503786 0.957786
vt 0.511852 0.949829
vt 0.511357 0.941436
vt 0.516299 0.937189
vt 0.512967 0.931624
vt 0.514822 0.928187
vt 0.515980 0.919763
vt 0.515964 0.913825
vt 0.515765 0.896893
vt 0.522673 0.896656
vt 0.375000 0.886136
vt 0.000000 0.000000
vt 0.439100 0.940376
vt 0.473423 0.902282
vt 0.027635 0.058531
vt 0.029378 0.056597
s 0
usemtl Material
f 144/1/1 145/2/1 148/3/1 147/4/1
f 145/2/2 146/5/2 149/6/2 148/3/2
f 147/4/3 148/3/3 151/7/3 150/8/3
f 3/9/4 32/10/4 144/1/4 45/11/4
f 32/10/5 31/12/5 145/2/5 144/1/5
f 31/12/6 30/13/6 146/5/6 145/2/6
f 30/13/7 20/14/7 116/15/7 146/5/7
f 150/8/8 151/7/8 48/16/8 49/17/8
f 47/18/9 150/8/9 49/17/9 7/19/9
f 46/20/10 147/4/10 150/8/10 47/18/10
f 45/11/11 144/1/11 147/4/11 46/20/11
f 154/21/12 155/22/12 157/23/12 156/24/12
f 7/19/13 49/17/13 152/25/13 73/26/13
f 49/17/14 48/16/14 153/27/14 152/25/14
f 156/24/15 157/23/15 76/28/15 77/29/15
f 75/30/16 156/24/16 77/29/16 15/31/16
f 74/32/17 154/21/17 156/24/17 75/30/17
f 73/26/18 152/25/18 154/21/18 74/32/18
f 158/33/19 159/34/19 162/35/19 161/36/19
f 159/34/20 160/37/20 163/38/20 162/35/20
f 161/36/21 162/35/21 165/39/21 164/40/21
f 162/35/22 163/38/22 166/41/22 165/39/22
f 10/42/23 80/43/23 158/33/23 70/44/23
f 80/43/24 79/45/24 159/34/24 158/33/24
f 79/45/25 78/46/25 160/37/25 159/34/25
f 78/46/26 16/47/26 100/48/26 160/37/26
f 160/37/27 100/48/27 101/49/27 163/38/27
f 163/38/28 101/49/28 102/50/28 166/41/28
f 166/41/29 102/50/29 18/51/29 106/52/29
f 165/39/30 166/41/30 106/52/30 107/53/30
f 107/53/31 108/54/31 878/54/31 877/53/31
f 72/55/32 164/40/32 108/54/32 17/56/32
f 71/57/33 161/36/33 164/40/33 72/55/33
f 70/44/34 158/33/34 161/36/34 71/57/34
f 167/58/35 168/59/35 171/60/35 170/61/35
f 168/59/36 169/62/36 172/63/36 171/60/36
f 170/61/37 171/60/37 174/64/37 173/65/37
f 171/60/38 172/63/38 175/66/38 174/64/38
f 4/67/39 41/68/39 167/58/39 38/69/39
f 41/68/40 40/70/40 168/59/40 167/58/40
f 40/70/41 39/71/41 169/62/41 168/59/41
f 39/71/42 10/42/42 70/44/42 169/62/42
f 169/62/43 70/44/43 71/57/43 172/63/43
f 172/63/44 71/57/44 72/55/44 175/66/44
f 175/66/45 72/55/45 17/56/45 112/72/45
f 174/64/46 175/66/46 112/72/46 113/73/46
f 173/65/47 174/64/47 113/73/47 114/74/47
f 36/75/48 173/65/48 114/74/48 19/76/48
f 37/77/49 170/61/49 173/65/49 36/75/49
f 38/69/50 167/58/50 170/61/50 37/77/50
f 176/78/51 177/79/51 180/80/51 179/81/51
f 177/79/52 178/82/52 181/83/52 180/80/52
f 179/81/53 180/80/53 183/84/53 182/85/53
f 180/80/54 181/83/54 184/86/54 183/84/54
f 6/87/55 52/88/55 176/78/55 44/89/55
f 52/88/56 51/90/56 177/79/56 176/78/56
f 51/90/57 50/91/57 178/82/57 177/79/57
f 50/91/58 14/92/58 96/93/58 178/82/58
f 178/82/59 96/93/59 95/94/59 181/83/59
f 181/83/60 95/94/60 94/95/60 184/86/60
f 184/86/61 94/95/61 10/42/61 39/71/61
f 183/84/62 184/86/62 39/71/62 40/70/62
f 182/85/63 183/84/63 40/70/63 41/68/63
f 42/96/64 182/85/64 41/68/64 4/67/64
f 43/97/65 179/81/65 182/85/65 42/96/65
f 44/89/66 176/78/66 179/81/66 43/97/66
f 187/98/67 81/99/67 14/92/67 50/91/67
f 186/100/68 187/98/68 50/91/68 51/90/68
f 185/101/69 186/100/69 51/90/69 52/88/69
f 26/102/70 185/101/70 52/88/70 6/87/70
f 188/103/71 189/104/71 192/105/71 191/106/71
f 189/104/72 190/107/72 193/108/72 192/105/72
f 191/106/73 192/105/73 195/109/73 194/110/73
f 192/105/74 193/108/74 196/111/74 195/109/74
f 16/47/75 87/112/75 188/103/75 100/48/75
f 87/112/76 86/113/76 189/104/76 188/103/76
f 86/113/77 85/114/77 190/107/77 189/104/77
f 85/114/78 12/115/78 69/116/78 190/107/78
f 190/107/79 69/116/79 68/117/79 193/108/79
f 193/108/80 68/117/80 67/118/80 196/111/80
f 196/111/81 67/118/81 5/119/81 109/120/81
f 195/109/82 196/111/82 109/120/82 110/121/82
f 194/110/83 195/109/83 110/121/83 111/122/83
f 102/50/84 194/110/84 111/122/84 18/51/84
f 101/49/85 191/106/85 194/110/85 102/50/85
f 100/48/86 188/103/86 191/106/86 101/49/86
f 197/123/87 198/124/87 201/125/87 200/126/87
f 198/124/88 199/127/88 202/128/88 201/125/88
f 200/126/89 201/125/89 204/129/89 203/130/89
f 201/125/90 202/128/90 205/131/90 204/129/90
f 3/9/91 45/11/91 197/123/91 97/132/91
f 45/11/92 46/20/92 198/124/92 197/123/92
f 46/20/93 47/18/93 199/127/93 198/124/93
f 47/18/94 7/19/94 73/26/94 199/127/94
f 199/127/95 73/26/95 74/32/95 202/128/95
f 202/128/96 74/32/96 75/30/96 205/131/96
f 205/131/97 75/30/97 15/31/97 93/133/97
f 204/129/98 205/131/98 93/133/98 92/134/98
f 203/130/99 204/129/99 92/134/99 91/135/99
f 99/136/100 203/130/100 91/135/100 13/137/100
f 98/138/101 200/126/101 203/130/101 99/136/101
f 97/132/102 197/123/102 200/126/102 98/138/102
f 206/139/103 207/140/103 210/141/103 209/142/103
f 207/140/104 208/143/104 211/144/104 210/141/104
f 209/142/105 210/141/105 213/145/105 212/146/105
f 210/141/106 211/144/106 214/147/106 213/145/106
f 17/56/107 108/54/107 206/139/107 64/148/107
f 108/54/108 107/53/108 207/140/108 206/139/108
f 107/53/109 106/52/109 208/143/109 207/140/109
f 106/52/110 18/51/110 58/149/110 208/143/110
f 208/143/111 58/149/111 59/150/111 211/144/111
f 211/144/112 59/150/112 60/151/112 214/147/112
f 214/147/113 60/151/113 9/152/113 57/153/113
f 213/145/114 214/147/114 57/153/114 56/154/114
f 212/146/115 213/145/115 56/154/115 55/155/115
f 66/156/116 212/146/116 55/155/116 11/157/116
f 65/158/117 209/142/117 212/146/117 66/156/117
f 64/148/118 206/139/118 209/142/118 65/158/118
f 215/159/119 216/160/119 219/161/119 218/162/119
f 216/160/120 217/163/120 220/164/120 219/161/120
f 218/162/121 219/161/121 222/165/121 221/166/121
f 219/161/122 220/164/122 223/167/122 222/165/122
f 18/51/123 111/122/123 215/159/123 58/149/123
f 111/122/124 110/121/124 216/160/124 215/159/124
f 110/121/125 109/120/125 217/163/125 216/160/125
f 109/120/126 5/119/126 33/168/126 217/163/126
f 217/163/127 33/168/127 34/169/127 220/164/127
f 220/164/128 34/169/128 35/170/128 223/167/128
f 223/167/129 35/170/129 2/171/129 29/172/129
f 222/165/130 223/167/130 29/172/130 28/173/130
f 221/166/131 222/165/131 28/173/131 27/174/131
f 60/151/132 221/166/132 27/174/132 9/152/132
f 59/150/133 218/162/133 221/166/133 60/151/133
f 58/149/134 215/159/134 218/162/134 59/150/134
f 224/175/135 225/176/135 228/177/135 227/178/135
f 225/176/136 226/179/136 229/180/136 228/177/136
f 227/178/137 228/177/137 231/181/137 230/182/137
f 228/177/138 229/180/138 232/183/138 231/181/138
f 19/76/139 114/74/139 224/175/139 105/184/139
f 114/74/140 113/73/140 225/176/140 224/175/140
f 113/73/141 112/72/141 226/179/141 225/176/141
f 112/72/142 17/56/142 64/148/142 226/179/142
f 226/179/143 64/148/143 65/158/143 229/180/143
f 229/180/144 65/158/144 66/156/144 232/183/144
f 232/183/145 66/156/145 11/157/145 63/185/145
f 231/181/146 232/183/146 63/185/146 62/186/146
f 230/182/147 231/181/147 62/186/147 61/187/147
f 103/188/148 230/182/148 61/187/148 1/189/148
f 104/190/149 227/178/149 230/182/149 103/188/149
f 105/184/150 224/175/150 227/178/150 104/190/150
f 233/191/151 54/192/151 53/193/151 236/194/151
f 236/194/152 53/193/152 2/171/152 35/170/152
f 235/195/153 236/194/153 35/170/153 34/169/153
f 234/196/154 235/195/154 34/169/154 33/168/154
f 115/197/155 234/196/155 33/168/155 5/119/155
f 237/198/156 238/199/156 241/200/156 240/201/156
f 238/199/157 239/202/157 242/203/157 241/200/157
f 240/201/158 241/200/158 244/204/158 243/205/158
f 241/200/159 242/203/159 245/206/159 244/204/159
f 118/207/160 117/208/160 239/202/160 238/199/160
f 117/208/161 5/119/161 67/118/161 239/202/161
f 239/202/162 67/118/162 68/117/162 242/203/162
f 242/203/163 68/117/163 69/116/163 245/206/163
f 245/206/164 69/116/164 12/115/164 90/209/164
f 244/204/165 245/206/165 90/209/165 89/210/165
f 243/205/166 244/204/166 89/210/166 88/211/166
f 77/29/167 243/205/167 88/211/167 15/31/167
f 76/28/168 240/201/168 243/205/168 77/29/168
f 246/212/169 247/213/169 250/214/169 249/215/169
f 247/213/170 248/216/170 251/217/170 250/214/170
f 249/215/171 250/214/171 253/218/171 252/5/171
f 250/214/172 251/217/172 254/219/172 253/218/172
f 3/9/173 121/220/173 246/212/173 32/10/173
f 121/220/174 122/221/174 247/213/174 246/212/174
f 122/221/175 123/222/175 248/216/175 247/213/175
f 123/222/176 22/19/176 126/17/176 248/216/176
f 248/216/177 126/17/177 125/16/177 251/217/177
f 251/217/178 125/16/178 124/223/178 254/219/178
f 254/219/179 124/223/179 25/224/179 141/225/179
f 253/218/180 254/219/180 141/225/180 142/226/180
f 252/5/181 253/218/181 142/226/181 143/227/181
f 30/13/182 252/5/182 143/227/182 20/14/182
f 31/12/183 249/215/183 252/5/183 30/13/183
f 32/10/184 246/212/184 249/215/184 31/12/184
f 255/25/185 256/228/185 258/22/185 257/27/185
f 257/27/186 258/22/186 260/229/186 259/230/186
f 22/19/187 130/231/187 255/25/187 126/17/187
f 130/231/188 131/232/188 256/228/188 255/25/188
f 124/223/189 259/230/189 140/233/189 25/224/189
f 125/16/190 257/27/190 259/230/190 124/223/190
f 126/17/191 255/25/191 257/27/191 125/16/191
f 261/234/192 262/235/192 264/80/192 263/236/192
f 263/236/193 264/80/193 266/237/193 265/238/193
f 21/87/194 120/89/194 261/234/194 129/239/194
f 120/89/195 119/97/195 262/235/195 261/234/195
f 127/240/196 265/238/196 136/93/196 24/92/196
f 128/241/197 263/236/197 265/238/197 127/240/197
f 129/239/198 261/234/198 263/236/198 128/241/198
f 267/242/199 268/243/199 271/244/199 270/245/199
f 268/243/200 269/246/200 272/247/200 271/244/200
f 270/245/201 271/244/201 274/248/201 273/249/201
f 271/244/202 272/247/202 275/250/202 274/248/202
f 3/9/203 137/251/203 267/242/203 121/220/203
f 137/251/204 138/252/204 268/243/204 267/242/204
f 138/252/205 139/253/205 269/246/205 268/243/205
f 139/253/206 23/254/206 135/255/206 269/246/206
f 273/249/207 274/248/207 131/232/207 130/231/207
f 123/222/208 273/249/208 130/231/208 22/19/208
f 122/221/209 270/245/209 273/249/209 123/222/209
f 121/220/210 267/242/210 270/245/210 122/221/210
f 276/256/211 277/257/211 280/258/211 279/259/211
f 197/123/212 97/132/212 882/132/212 886/123/212
f 279/259/213 280/258/213 283/260/213 282/261/213
f 280/258/214 281/262/214 284/263/214 283/260/214
f 23/254/215 139/253/215 276/256/215 134/264/215
f 139/253/216 138/252/216 277/257/216 276/256/216
f 278/265/217 97/132/217 882/132/217 890/265/217
f 137/251/218 3/9/218 97/132/218 278/265/218
f 137/251/219 267/242/219 887/242/219 884/251/219
f 281/262/220 98/138/220 99/136/220 284/263/220
f 284/263/221 99/136/221 13/137/221 84/266/221
f 283/260/222 284/263/222 84/266/222 83/267/222
f 282/261/223 283/260/223 83/267/223 82/268/223
f 132/268/224 282/261/224 82/268/224 8/269/224
f 133/267/225 279/259/225 282/261/225 132/268/225
f 134/264/226 276/256/226 279/259/226 133/267/226
f 443/1/227 446/4/227 447/3/227 444/2/227
f 444/2/228 447/3/228 448/6/228 445/5/228
f 446/4/229 449/8/229 450/7/229 447/3/229
f 288/9/230 336/11/230 443/1/230 323/10/230
f 323/10/231 443/1/231 444/2/231 322/12/231
f 322/12/232 444/2/232 445/5/232 321/13/232
f 321/13/233 445/5/233 409/15/233 306/14/233
f 449/8/234 340/17/234 339/16/234 450/7/234
f 338/18/235 292/19/235 340/17/235 449/8/235
f 337/20/236 338/18/236 449/8/236 446/4/236
f 336/11/237 337/20/237 446/4/237 443/1/237
f 453/21/238 455/24/238 456/23/238 454/22/238
f 292/19/239 364/26/239 451/25/239 340/17/239
f 340/17/240 451/25/240 452/27/240 339/16/240
f 455/24/241 368/29/241 367/28/241 456/23/241
f 366/30/242 300/31/242 368/29/242 455/24/242
f 365/32/243 366/30/243 455/24/243 453/21/243
f 364/26/244 365/32/244 453/21/244 451/25/244
f 457/33/245 460/36/245 461/35/245 458/34/245
f 458/34/246 461/35/246 462/38/246 459/37/246
f 460/36/247 463/40/247 464/39/247 461/35/247
f 461/35/248 464/39/248 465/41/248 462/38/248
f 295/42/249 361/44/249 457/33/249 371/43/249
f 371/43/250 457/33/250 458/34/250 370/45/250
f 370/45/251 458/34/251 459/37/251 369/46/251
f 369/46/252 459/37/252 393/48/252 302/47/252
f 459/37/253 462/38/253 394/49/253 393/48/253
f 462/38/254 465/41/254 395/50/254 394/49/254
f 465/41/255 399/52/255 304/51/255 395/50/255
f 464/39/256 400/53/256 399/52/256 465/41/256
f 463/40/257 401/54/257 400/53/257 464/39/257
f 363/55/258 303/56/258 401/54/258 463/40/258
f 362/57/259 363/55/259 463/40/259 460/36/259
f 361/44/260 362/57/260 460/36/260 457/33/260
f 466/58/261 469/61/261 470/60/261 467/59/261
f 467/59/262 470/60/262 471/63/262 468/62/262
f 469/61/263 472/65/263 473/64/263 470/60/263
f 470/60/264 473/64/264 474/66/264 471/63/264
f 289/67/265 329/69/265 466/58/265 332/68/265
f 332/68/266 466/58/266 467/59/266 331/70/266
f 331/70/267 467/59/267 468/62/267 330/71/267
f 330/71/268 468/62/268 361/44/268 295/42/268
f 468/62/269 471/63/269 362/57/269 361/44/269
f 471/63/270 474/66/270 363/55/270 362/57/270
f 474/66/271 405/72/271 303/56/271 363/55/271
f 473/64/272 406/73/272 405/72/272 474/66/272
f 472/65/273 407/74/273 406/73/273 473/64/273
f 327/75/274 305/76/274 407/74/274 472/65/274
f 328/77/275 327/75/275 472/65/275 469/61/275
f 329/69/276 328/77/276 469/61/276 466/58/276
f 475/78/277 478/81/277 479/80/277 476/79/277
f 476/79/278 479/80/278 480/83/278 477/82/278
f 478/81/279 481/85/279 482/84/279 479/80/279
f 479/80/280 482/84/280 483/86/280 480/83/280
f 291/87/281 335/89/281 475/78/281 343/88/281
f 343/88/282 475/78/282 476/79/282 342/90/282
f 342/90/283 476/79/283 477/82/283 341/91/283
f 341/91/284 477/82/284 389/93/284 299/92/284
f 477/82/285 480/83/285 388/94/285 389/93/285
f 480/83/286 483/86/286 387/95/286 388/94/286
f 483/86/287 330/71/287 295/42/287 387/95/287
f 482/84/288 331/70/288 330/71/288 483/86/288
f 481/85/289 332/68/289 331/70/289 482/84/289
f 333/96/290 289/67/290 332/68/290 481/85/290
f 334/97/291 333/96/291 481/85/291 478/81/291
f 335/89/292 334/97/292 478/81/292 475/78/292
f 484/270/293 487/271/293 488/272/293 485/273/293
f 485/273/294 488/272/294 489/274/294 486/275/294
f 487/271/295 490/101/295 491/100/295 488/272/295
f 488/272/296 491/100/296 492/98/296 489/274/296
f 286/276/297 314/277/297 484/270/297 317/278/297
f 317/278/298 484/270/298 485/273/298 316/279/298
f 316/279/299 485/273/299 486/275/299 315/280/299
f 315/280/300 486/275/300 374/281/300 301/282/300
f 486/275/301 489/274/301 373/283/301 374/281/301
f 489/274/302 492/98/302 372/99/302 373/283/302
f 492/98/303 341/91/303 299/92/303 372/99/303
f 491/100/304 342/90/304 341/91/304 492/98/304
f 490/101/305 343/88/305 342/90/305 491/100/305
f 312/102/306 291/87/306 343/88/306 490/101/306
f 313/284/307 312/102/307 490/101/307 487/271/307
f 314/277/308 313/284/308 487/271/308 484/270/308
f 493/103/309 496/106/309 497/105/309 494/104/309
f 494/104/310 497/105/310 498/108/310 495/107/310
f 496/106/311 499/110/311 500/109/311 497/105/311
f 497/105/312 500/109/312 501/111/312 498/108/312
f 302/47/313 393/48/313 493/103/313 380/112/313
f 380/112/314 493/103/314 494/104/314 379/113/314
f 379/113/315 494/104/315 495/107/315 378/114/315
f 378/114/316 495/107/316 360/116/316 297/115/316
f 495/107/317 498/108/317 359/117/317 360/116/317
f 498/108/318 501/111/318 358/118/318 359/117/318
f 501/111/319 402/120/319 290/119/319 358/118/319
f 500/109/320 403/121/320 402/120/320 501/111/320
f 499/110/321 404/122/321 403/121/321 500/109/321
f 395/50/322 304/51/322 404/122/322 499/110/322
f 394/49/323 395/50/323 499/110/323 496/106/323
f 393/48/324 394/49/324 496/106/324 493/103/324
f 502/123/325 505/126/325 506/125/325 503/124/325
f 503/124/326 506/125/326 507/128/326 504/127/326
f 505/126/327 508/130/327 509/129/327 506/125/327
f 506/125/328 509/129/328 510/131/328 507/128/328
f 288/9/329 390/132/329 502/123/329 336/11/329
f 336/11/330 502/123/330 503/124/330 337/20/330
f 337/20/331 503/124/331 504/127/331 338/18/331
f 338/18/332 504/127/332 364/26/332 292/19/332
f 504/127/333 507/128/333 365/32/333 364/26/333
f 507/128/334 510/131/334 366/30/334 365/32/334
f 510/131/335 386/133/335 300/31/335 366/30/335
f 509/129/336 385/134/336 386/133/336 510/131/336
f 508/130/337 384/135/337 385/134/337 509/129/337
f 392/136/338 298/137/338 384/135/338 508/130/338
f 391/138/339 392/136/339 508/130/339 505/126/339
f 390/132/340 391/138/340 505/126/340 502/123/340
f 511/139/341 514/142/341 515/141/341 512/140/341
f 512/140/342 515/141/342 516/144/342 513/143/342
f 514/142/343 517/146/343 518/145/343 515/141/343
f 515/141/344 518/145/344 519/147/344 516/144/344
f 303/56/345 355/148/345 511/139/345 401/54/345
f 401/54/346 511/139/346 512/140/346 400/53/346
f 400/53/347 512/140/347 513/143/347 399/52/347
f 399/52/348 513/143/348 349/149/348 304/51/348
f 513/143/349 516/144/349 350/150/349 349/149/349
f 516/144/350 519/147/350 351/151/350 350/150/350
f 519/147/351 348/153/351 294/152/351 351/151/351
f 518/145/352 347/154/352 348/153/352 519/147/352
f 517/146/353 346/155/353 347/154/353 518/145/353
f 357/156/354 296/157/354 346/155/354 517/146/354
f 356/158/355 357/156/355 517/146/355 514/142/355
f 355/148/356 356/158/356 514/142/356 511/139/356
f 520/159/357 523/162/357 524/161/357 521/160/357
f 521/160/358 524/161/358 525/164/358 522/163/358
f 523/162/359 526/166/359 527/165/359 524/161/359
f 524/161/360 527/165/360 528/167/360 525/164/360
f 304/51/361 349/149/361 520/159/361 404/122/361
f 404/122/362 520/159/362 521/160/362 403/121/362
f 403/121/363 521/160/363 522/163/363 402/120/363
f 402/120/364 522/163/364 324/168/364 290/119/364
f 522/163/365 525/164/365 325/169/365 324/168/365
f 525/164/366 528/167/366 326/170/366 325/169/366
f 528/167/367 320/172/367 287/171/367 326/170/367
f 527/165/368 319/173/368 320/172/368 528/167/368
f 526/166/369 318/174/369 319/173/369 527/165/369
f 351/151/370 294/152/370 318/174/370 526/166/370
f 350/150/371 351/151/371 526/166/371 523/162/371
f 349/149/372 350/150/372 523/162/372 520/159/372
f 529/175/373 532/178/373 533/177/373 530/176/373
f 530/176/374 533/177/374 534/180/374 531/179/374
f 532/178/375 535/182/375 536/181/375 533/177/375
f 533/177/376 536/181/376 537/183/376 534/180/376
f 305/76/377 398/184/377 529/175/377 407/74/377
f 407/74/378 529/175/378 530/176/378 406/73/378
f 406/73/379 530/176/379 531/179/379 405/72/379
f 405/72/380 531/179/380 355/148/380 303/56/380
f 531/179/381 534/180/381 356/158/381 355/148/381
f 534/180/382 537/183/382 357/156/382 356/158/382
f 537/183/383 354/185/383 296/157/383 357/156/383
f 536/181/384 353/186/384 354/185/384 537/183/384
f 535/182/385 352/187/385 353/186/385 536/181/385
f 396/188/386 285/189/386 352/187/386 535/182/386
f 397/190/387 396/188/387 535/182/387 532/178/387
f 398/184/388 397/190/388 532/178/388 529/175/388
f 538/191/389 541/194/389 344/193/389 345/192/389
f 541/194/390 326/170/390 287/171/390 344/193/390
f 540/195/391 325/169/391 326/170/391 541/194/391
f 539/196/392 324/168/392 325/169/392 540/195/392
f 408/197/393 290/119/393 324/168/393 539/196/393
f 542/198/394 545/201/394 546/200/394 543/199/394
f 543/199/395 546/200/395 547/203/395 544/202/395
f 545/201/396 548/205/396 549/204/396 546/200/396
f 546/200/397 549/204/397 550/206/397 547/203/397
f 411/207/398 543/199/398 544/202/398 410/208/398
f 410/208/399 544/202/399 358/118/399 290/119/399
f 544/202/400 547/203/400 359/117/400 358/118/400
f 547/203/401 550/206/401 360/116/401 359/117/401
f 550/206/402 383/209/402 297/115/402 360/116/402
f 549/204/403 382/210/403 383/209/403 550/206/403
f 548/205/404 381/211/404 382/210/404 549/204/404
f 368/29/405 300/31/405 381/211/405 548/205/405
f 367/28/406 368/29/406 548/205/406 545/201/406
f 551/212/407 554/215/407 555/214/407 552/213/407
f 552/213/408 555/214/408 556/217/408 553/216/408
f 554/215/409 557/5/409 558/218/409 555/214/409
f 555/214/410 558/218/410 559/219/410 556/217/410
f 288/9/411 323/10/411 551/212/411 417/220/411
f 417/220/412 551/212/412 552/213/412 418/221/412
f 418/221/413 552/213/413 553/216/413 419/222/413
f 419/222/414 553/216/414 422/17/414 308/19/414
f 553/216/415 556/217/415 421/16/415 422/17/415
f 556/217/416 559/219/416 420/223/416 421/16/416
f 559/219/417 440/225/417 311/224/417 420/223/417
f 558/218/418 441/226/418 440/225/418 559/219/418
f 557/5/419 442/227/419 441/226/419 558/218/419
f 321/13/420 306/14/420 442/227/420 557/5/420
f 322/12/421 321/13/421 557/5/421 554/215/421
f 323/10/422 322/12/422 554/215/422 551/212/422
f 560/25/423 562/27/423 563/22/423 561/228/423
f 562/27/424 564/230/424 565/229/424 563/22/424
f 308/19/425 422/17/425 560/25/425 426/231/425
f 426/231/426 560/25/426 561/228/426 427/232/426
f 420/223/427 311/224/427 439/233/427 564/230/427
f 421/16/428 420/223/428 564/230/428 562/27/428
f 422/17/429 421/16/429 562/27/429 560/25/429
f 566/234/430 568/236/430 569/80/430 567/235/430
f 568/236/431 570/238/431 571/237/431 569/80/431
f 307/87/432 425/239/432 566/234/432 416/89/432
f 416/89/433 566/234/433 567/235/433 415/97/433
f 423/240/434 310/92/434 435/93/434 570/238/434
f 424/241/435 423/240/435 570/238/435 568/236/435
f 425/239/436 424/241/436 568/236/436 566/234/436
f 572/285/437 575/273/437 576/286/437 573/287/437
f 573/287/438 576/286/438 577/100/438 574/288/438
f 575/273/439 578/289/439 579/290/439 576/286/439
f 576/286/440 579/290/440 580/291/440 577/100/440
f 286/276/441 317/278/441 572/285/441 414/277/441
f 414/277/442 572/285/442 573/287/442 413/284/442
f 413/284/443 573/287/443 574/288/443 412/102/443
f 412/102/444 574/288/444 425/239/444 307/87/444
f 574/288/445 577/100/445 424/241/445 425/239/445
f 577/100/446 580/291/446 423/240/446 424/241/446
f 580/291/447 428/99/447 310/92/447 423/240/447
f 579/290/448 429/283/448 428/99/448 580/291/448
f 578/289/449 430/281/449 429/283/449 579/290/449
f 315/280/450 301/282/450 430/281/450 578/289/450
f 316/279/451 315/280/451 578/289/451 575/273/451
f 317/278/452 316/279/452 575/273/452 572/285/452
f 581/242/453 584/245/453 585/244/453 582/243/453
f 582/243/454 585/244/454 586/247/454 583/246/454
f 584/245/455 587/249/455 588/248/455 585/244/455
f 585/244/456 588/248/456 589/250/456 586/247/456
f 288/9/457 417/220/457 581/242/457 436/251/457
f 436/251/458 581/242/458 582/243/458 437/252/458
f 437/252/459 582/243/459 583/246/459 438/253/459
f 438/253/460 583/246/460 434/255/460 309/254/460
f 587/249/461 426/231/461 427/232/461 588/248/461
f 419/222/462 308/19/462 426/231/462 587/249/462
f 418/221/463 419/222/463 587/249/463 584/245/463
f 417/220/464 418/221/464 584/245/464 581/242/464
f 590/256/465 593/259/465 594/258/465 591/257/465
f 591/257/466 594/258/466 595/262/466 592/265/466
f 593/259/467 596/261/467 597/260/467 594/258/467
f 594/258/468 597/260/468 598/263/468 595/262/468
f 309/254/469 433/264/469 590/256/469 438/253/469
f 438/253/470 590/256/470 591/257/470 437/252/470
f 437/252/471 591/257/471 592/265/471 436/251/471
f 436/251/472 592/265/472 390/132/472 288/9/472
f 592/265/473 595/262/473 391/138/473 390/132/473
f 595/262/474 598/263/474 392/136/474 391/138/474
f 598/263/475 377/266/475 298/137/475 392/136/475
f 597/260/476 376/267/476 377/266/476 598/263/476
f 596/261/477 375/268/477 376/267/477 597/260/477
f 431/268/478 293/269/478 375/268/478 596/261/478
f 432/267/479 431/268/479 596/261/479 593/259/479
f 433/264/480 432/267/480 593/259/480 590/256/480
f 618/292/481 603/293/481 291/87/481 312/102/481
f 619/294/482 618/292/482 312/102/482 313/284/482
f 620/295/483 619/294/483 313/284/483 314/277/483
f 600/276/484 620/295/484 314/277/484 286/276/484
f 828/296/485 621/297/485 318/174/485 294/152/485
f 621/297/486 622/173/486 319/173/486 318/174/486
f 622/173/487 623/298/487 320/172/487 319/173/487
f 623/298/488 601/171/488 287/171/488 320/172/488
f 624/299/489 614/76/489 305/76/489 327/75/489
f 625/300/490 624/299/490 327/75/490 328/77/490
f 626/69/491 625/300/491 328/77/491 329/69/491
f 602/67/492 626/69/492 329/69/492 289/67/492
f 627/301/493 602/67/493 289/67/493 333/96/493
f 628/302/494 627/301/494 333/96/494 334/97/494
f 629/303/495 628/302/495 334/97/495 335/89/495
f 603/293/496 629/303/496 335/89/496 291/87/496
f 601/171/497 630/193/497 344/193/497 287/171/497
f 630/193/498 631/304/498 345/192/498 344/193/498
f 607/305/499 632/306/499 346/155/499 296/157/499
f 632/306/500 633/154/500 347/154/500 346/155/500
f 633/154/501 634/153/501 348/153/501 347/154/501
f 634/153/502 828/296/502 294/152/502 348/153/502
f 599/189/503 635/307/503 352/187/503 285/189/503
f 635/307/504 636/186/504 353/186/504 352/187/504
f 636/186/505 637/308/505 354/185/505 353/186/505
f 637/308/506 607/305/506 296/157/506 354/185/506
f 613/309/507 638/310/507 369/46/507 302/47/507
f 638/310/508 639/311/508 370/45/508 369/46/508
f 639/311/509 640/43/509 371/43/509 370/45/509
f 640/43/510 606/312/510 295/42/510 371/43/510
f 610/92/511 641/99/511 372/99/511 299/92/511
f 641/99/512 642/283/512 373/283/512 372/99/512
f 642/283/513 643/313/513 374/281/513 373/283/513
f 643/313/514 612/314/514 301/282/514 374/281/514
f 604/315/515 644/316/515 375/268/515 293/269/515
f 644/316/516 645/317/516 376/267/516 375/268/516
f 645/317/517 646/266/517 377/266/517 376/267/517
f 646/266/518 609/318/518 298/137/518 377/266/518
f 608/115/519 647/319/519 378/114/519 297/115/519
f 647/319/520 648/320/520 379/113/520 378/114/520
f 648/320/521 649/321/521 380/112/521 379/113/521
f 649/321/522 613/309/522 302/47/522 380/112/522
f 611/31/523 650/322/523 381/211/523 300/31/523
f 650/322/524 651/210/524 382/210/524 381/211/524
f 651/210/525 652/323/525 383/209/525 382/210/525
f 652/323/526 608/115/526 297/115/526 383/209/526
f 609/318/527 653/135/527 384/135/527 298/137/527
f 653/135/528 654/134/528 385/134/528 384/135/528
f 654/134/529 655/133/529 386/133/529 385/134/529
f 655/133/530 611/31/530 300/31/530 386/133/530
f 606/312/531 656/324/531 387/95/531 295/42/531
f 656/324/532 657/325/532 388/94/532 387/95/532
f 657/325/533 658/93/533 389/93/533 388/94/533
f 658/93/534 610/92/534 299/92/534 389/93/534
f 659/326/535 599/189/535 285/189/535 396/188/535
f 660/327/536 659/326/536 396/188/536 397/190/536
f 661/328/537 660/327/537 397/190/537 398/184/537
f 614/76/538 661/328/538 398/184/538 305/76/538
f 615/293/539 662/292/539 412/102/539 307/87/539
f 662/292/540 663/329/540 413/284/540 412/102/540
f 663/329/541 664/330/541 414/277/541 413/284/541
f 664/330/542 600/276/542 286/276/542 414/277/542
f 665/331/543 666/332/543 416/89/543 415/97/543
f 666/332/544 615/293/544 307/87/544 416/89/544
f 667/99/545 617/92/545 310/92/545 428/99/545
f 668/283/546 667/99/546 428/99/546 429/283/546
f 669/313/547 668/283/547 429/283/547 430/281/547
f 612/314/548 669/313/548 430/281/548 301/282/548
f 670/268/549 604/315/549 293/269/549 431/268/549
f 671/317/550 670/268/550 431/268/550 432/267/550
f 672/264/551 671/317/551 432/267/551 433/264/551
f 616/333/552 672/264/552 433/264/552 309/254/552
f 673/334/553 616/333/553 309/254/553 434/255/553
f 617/92/554 674/93/554 435/93/554 310/92/554
f 675/191/555 538/191/555 345/192/555 631/304/555
f 676/335/556 541/194/556 538/191/556 675/191/556
f 676/335/557 677/336/557 540/195/557 541/194/557
f 677/336/558 678/196/558 539/196/558 540/195/558
f 678/196/559 679/197/559 408/197/559 539/196/559
f 679/197/560 829/337/560 290/119/560 408/197/560
f 681/338/561 410/208/561 290/119/561 829/337/561
f 682/339/562 411/207/562 410/208/562 681/338/562
f 683/340/563 543/199/563 411/207/563 682/339/563
f 683/340/564 684/198/564 542/198/564 543/199/564
f 685/341/565 545/201/565 542/198/565 684/198/565
f 685/341/566 686/342/566 367/28/566 545/201/566
f 687/23/567 456/23/567 367/28/567 686/342/567
f 687/23/568 688/22/568 454/22/568 456/23/568
f 688/22/569 689/21/569 453/21/569 454/22/569
f 689/21/568 690/25/568 451/25/568 453/21/568
f 691/27/570 452/27/570 451/25/570 690/25/570
f 691/27/571 692/343/571 339/16/571 452/27/571
f 693/344/572 450/7/572 339/16/572 692/343/572
f 693/344/573 694/345/573 447/3/573 450/7/573
f 695/6/574 448/6/574 447/3/574 694/345/574
f 695/6/575 696/346/575 445/5/575 448/6/575
f 696/346/576 697/15/576 409/15/576 445/5/576
f 698/347/577 306/14/577 409/15/577 697/15/577
f 801/334/578 717/348/578 269/246/578 135/255/578
f 717/348/579 718/349/579 272/247/579 269/246/579
f 718/349/580 719/350/580 275/250/580 272/247/580
f 719/350/581 720/351/581 274/248/581 275/250/581
f 720/351/582 721/352/582 131/232/582 274/248/582
f 721/352/583 722/228/583 256/228/583 131/232/583
f 722/228/584 723/22/584 258/22/584 256/228/584
f 723/22/585 724/353/585 260/229/585 258/22/585
f 724/353/586 725/354/586 259/230/586 260/229/586
f 725/354/587 726/355/587 140/233/587 259/230/587
f 726/355/588 727/224/588 25/224/588 140/233/588
f 727/224/589 728/225/589 141/225/589 25/224/589
f 728/225/590 729/356/590 142/226/590 141/225/590
f 729/356/591 730/357/591 143/227/591 142/226/591
f 730/357/592 826/347/592 20/14/592 143/227/592
f 796/97/593 731/235/593 262/235/593 119/97/593
f 731/235/594 732/80/594 264/80/594 262/235/594
f 732/80/595 733/358/595 266/237/595 264/80/595
f 733/358/596 734/359/596 265/238/596 266/237/596
f 734/359/597 802/93/597 136/93/597 265/238/597
f 570/238/597 435/93/597 674/93/597 716/359/597
f 571/237/596 570/238/596 716/359/596 715/358/596
f 569/80/595 571/237/595 715/358/595 714/80/595
f 567/235/594 569/80/594 714/80/594 713/235/594
f 415/97/593 567/235/593 713/235/593 665/331/593
f 442/227/592 306/14/592 698/347/592 712/360/592
f 441/226/591 442/227/591 712/360/591 711/356/591
f 440/225/590 441/226/590 711/356/590 710/225/590
f 311/224/589 440/225/589 710/225/589 709/224/589
f 439/233/588 311/224/588 709/224/588 708/355/588
f 564/230/587 439/233/587 708/355/587 707/354/587
f 565/229/586 564/230/586 707/354/586 706/229/586
f 563/22/585 565/229/585 706/229/585 705/22/585
f 561/228/584 563/22/584 705/22/584 704/228/584
f 427/232/583 561/228/583 704/228/583 703/361/583
f 588/248/582 427/232/582 703/361/582 702/362/582
f 589/250/581 588/248/581 702/362/581 701/350/581
f 586/247/580 589/250/580 701/350/580 700/247/580
f 583/246/579 586/247/579 700/247/579 699/348/579
f 434/255/578 583/246/578 699/348/578 673/334/578
f 26/102/481 6/87/481 739/363/481 753/364/481
f 9/152/485 27/174/485 754/297/485 827/296/485
f 27/174/486 28/173/486 755/173/486 754/297/486
f 28/173/487 29/172/487 756/365/487 755/173/487
f 29/172/488 2/171/488 737/171/488 756/365/488
f 36/75/489 19/76/489 749/76/489 757/299/489
f 37/77/490 36/75/490 757/299/490 758/300/490
f 38/69/491 37/77/491 758/300/491 759/366/491
f 4/67/492 38/69/492 759/366/492 738/67/492
f 42/96/493 4/67/493 738/67/493 760/301/493
f 43/97/494 42/96/494 760/301/494 761/302/494
f 44/89/495 43/97/495 761/302/495 762/367/495
f 6/87/496 44/89/496 762/367/496 739/363/496
f 2/171/497 53/193/497 763/193/497 737/171/497
f 53/193/498 54/192/498 764/192/498 763/193/498
f 11/157/499 55/155/499 765/368/499 743/157/499
f 55/155/500 56/154/500 766/154/500 765/368/500
f 56/154/501 57/153/501 767/153/501 766/154/501
f 57/153/502 9/152/502 827/296/502 767/153/502
f 1/189/503 61/187/503 768/307/503 735/189/503
f 61/187/504 62/186/504 769/186/504 768/307/504
f 62/186/505 63/185/505 770/308/505 769/186/505
f 63/185/506 11/157/506 743/157/506 770/308/506
f 16/47/507 78/46/507 771/369/507 748/47/507
f 78/46/508 79/45/508 772/311/508 771/369/508
f 79/45/509 80/43/509 773/43/509 772/311/509
f 80/43/510 10/42/510 742/370/510 773/43/510
f 14/92/511 81/99/511 774/99/511 746/92/511
f 8/269/515 82/268/515 775/371/515 740/315/515
f 82/268/516 83/267/516 776/372/516 775/371/516
f 83/267/517 84/266/517 777/373/517 776/372/517
f 84/266/518 13/137/518 745/318/518 777/373/518
f 12/115/598 85/114/598 778/319/598 744/374/598
f 85/114/599 86/113/599 779/320/599 778/319/599
f 86/113/600 87/112/600 780/375/600 779/320/600
f 87/112/522 16/47/522 748/47/522 780/375/522
f 15/31/523 88/211/523 781/322/523 747/376/523
f 88/211/524 89/210/524 782/210/524 781/322/524
f 89/210/525 90/209/525 783/323/525 782/210/525
f 90/209/526 12/115/526 744/374/526 783/323/526
f 13/137/527 91/135/527 784/135/527 745/318/527
f 91/135/528 92/134/528 785/377/528 784/135/528
f 92/134/529 93/133/529 786/378/529 785/377/529
f 93/133/530 15/31/530 747/376/530 786/378/530
f 10/42/531 94/95/531 787/324/531 742/370/531
f 94/95/532 95/94/532 788/379/532 787/324/532
f 95/94/533 96/93/533 789/93/533 788/379/533
f 96/93/534 14/92/534 746/92/534 789/93/534
f 103/188/535 1/189/535 735/189/535 790/380/535
f 104/190/536 103/188/536 790/380/536 791/327/536
f 105/184/537 104/190/537 791/327/537 792/328/537
f 19/76/538 105/184/538 792/328/538 749/76/538
f 119/97/543 120/89/543 797/332/543 796/97/543
f 120/89/544 21/87/544 750/293/544 797/332/544
f 132/268/549 8/269/549 740/315/549 798/316/549
f 133/267/550 132/268/550 798/316/550 799/317/550
f 134/264/551 133/267/551 799/317/551 800/264/551
f 23/254/552 134/264/552 800/264/552 751/381/552
f 135/255/553 23/254/553 751/381/553 801/334/553
f 24/92/554 136/93/554 802/93/554 752/382/554
f 233/191/555 803/191/555 764/192/555 54/192/555
f 236/194/556 804/194/556 803/191/556 233/191/556
f 236/194/557 235/195/557 805/383/557 804/194/557
f 235/195/558 234/196/558 806/384/558 805/383/558
f 234/196/559 115/197/559 807/385/559 806/384/559
f 115/197/560 5/119/560 830/386/560 807/385/560
f 117/208/561 809/387/561 830/386/561 5/119/561
f 118/207/562 810/339/562 809/387/562 117/208/562
f 238/199/563 811/388/563 810/339/563 118/207/563
f 238/199/564 237/198/564 812/389/564 811/388/564
f 240/201/565 813/341/565 812/389/565 237/198/565
f 240/201/566 76/28/566 814/390/566 813/341/566
f 157/23/567 815/391/567 814/390/567 76/28/567
f 157/23/568 155/22/568 816/22/568 815/391/568
f 155/22/569 154/21/569 817/21/569 816/22/569
f 154/21/568 152/25/568 818/25/568 817/21/568
f 153/27/570 819/392/570 818/25/570 152/25/570
f 153/27/571 48/16/571 820/393/571 819/392/571
f 151/7/572 821/344/572 820/393/572 48/16/572
f 151/7/573 148/3/573 822/394/573 821/344/573
f 149/6/574 823/395/574 822/394/574 148/3/574
f 149/6/575 146/5/575 824/346/575 823/395/575
f 146/5/576 116/15/576 825/15/576 824/346/576
f 20/14/577 826/347/577 825/15/577 116/15/577
f 734/359/596 733/358/596 715/358/596 716/359/596
f 733/358/595 732/80/595 714/80/595 715/358/595
f 732/80/594 731/235/594 713/235/594 714/80/594
f 731/235/593 796/97/593 665/331/593 713/235/593
f 796/97/543 797/332/543 666/332/543 665/331/543
f 797/332/544 750/293/544 615/293/544 666/332/544
f 750/293/539 793/364/539 662/292/539 615/293/539
f 793/364/540 794/329/540 663/329/540 662/292/540
f 794/329/541 795/396/541 664/330/541 663/329/541
f 795/396/542 736/276/542 600/276/542 664/330/542
f 627/301/601 628/302/601 854/302/601 855/301/601
f 599/189/602 659/326/602 846/326/602 847/189/602
f 628/302/603 629/303/603 853/303/603 854/302/603
f 659/326/604 660/327/604 845/327/604 846/326/604
f 743/157/605 765/368/605 868/368/605 869/157/605
f 660/327/606 661/328/606 843/328/606 845/327/606
f 749/76/607 792/328/607 876/328/607 860/76/607
f 661/328/608 614/76/608 844/76/608 843/328/608
f 792/328/609 791/327/609 875/327/609 876/328/609
f 632/306/610 607/305/610 848/305/610 852/306/610
f 187/98/611 186/100/611 643/313/611 642/283/611
f 765/368/612 632/306/612 852/306/612 868/368/612
f 791/327/613 790/380/613 874/380/613 875/327/613
f 81/99/614 187/98/614 642/283/614 641/99/614
f 765/368/500 766/154/500 633/154/500 632/306/500
f 766/154/501 767/153/501 634/153/501 633/154/501
f 767/153/502 827/296/502 828/296/502 634/153/502
f 828/397/615 829/397/615 837/397/615 836/397/615 622/397/615 621/397/615
f 741/398/616 808/399/616 834/399/616 831/398/616
f 830/386/561 809/387/561 681/338/561 829/337/561
f 809/387/562 810/339/562 682/339/562 681/338/562
f 810/339/563 811/388/563 683/340/563 682/339/563
f 811/388/564 812/389/564 684/198/564 683/340/564
f 812/389/565 813/341/565 685/341/565 684/198/565
f 813/341/566 814/390/566 686/342/566 685/341/566
f 814/390/567 815/391/567 687/23/567 686/342/567
f 815/391/568 816/22/568 688/22/568 687/23/568
f 816/22/569 817/21/569 689/21/569 688/22/569
f 817/21/568 818/25/568 690/25/568 689/21/568
f 818/25/570 819/392/570 691/27/570 690/25/570
f 819/392/571 820/393/571 692/343/571 691/27/571
f 820/393/572 821/344/572 693/344/572 692/343/572
f 821/344/573 822/394/573 694/345/573 693/344/573
f 822/394/574 823/395/574 695/6/574 694/345/574
f 823/395/575 824/346/575 696/346/575 695/6/575
f 824/346/576 825/15/576 697/15/576 696/346/576
f 825/15/577 826/347/577 698/347/577 697/15/577
f 826/347/592 730/357/592 712/360/592 698/347/592
f 730/357/591 729/356/591 711/356/591 712/360/591
f 729/356/590 728/225/590 710/225/590 711/356/590
f 728/225/589 727/224/589 709/224/589 710/225/589
f 727/224/588 726/355/588 708/355/588 709/224/588
f 726/355/587 725/354/587 707/354/587 708/355/587
f 725/354/586 724/353/586 706/229/586 707/354/586
f 724/353/585 723/22/585 705/22/585 706/229/585
f 723/22/584 722/228/584 704/228/584 705/22/584
f 722/228/583 721/352/583 703/361/583 704/228/583
f 721/352/582 720/351/582 702/362/582 703/361/582
f 720/351/581 719/350/581 701/350/581 702/362/581
f 719/350/580 718/349/580 700/247/580 701/350/580
f 718/349/579 717/348/579 699/348/579 700/247/579
f 717/348/578 801/334/578 673/334/578 699/348/578
f 801/334/553 751/381/553 616/333/553 673/334/553
f 751/381/552 800/264/552 672/264/552 616/333/552
f 800/264/551 799/317/551 671/317/551 672/264/551
f 799/317/550 798/316/550 670/268/550 671/317/550
f 798/316/549 740/315/549 604/315/549 670/268/549
f 740/315/515 775/371/515 644/316/515 604/315/515
f 775/371/516 776/372/516 645/317/516 644/316/516
f 776/372/517 777/373/517 646/266/517 645/317/517
f 777/373/518 745/318/518 609/318/518 646/266/518
f 745/318/527 784/135/527 653/135/527 609/318/527
f 784/135/528 785/377/528 654/134/528 653/135/528
f 785/377/529 786/378/529 655/133/529 654/134/529
f 786/378/530 747/376/530 611/31/530 655/133/530
f 747/376/523 781/322/523 650/322/523 611/31/523
f 781/322/524 782/210/524 651/210/524 650/322/524
f 782/210/525 783/323/525 652/323/525 651/210/525
f 783/323/526 744/374/526 608/115/526 652/323/526
f 744/374/519 778/319/519 647/319/519 608/115/519
f 778/319/520 779/320/520 648/320/520 647/319/520
f 779/320/521 780/375/521 649/321/521 648/320/521
f 780/375/522 748/47/522 613/309/522 649/321/522
f 748/47/507 771/369/507 638/310/507 613/309/507
f 771/369/508 772/311/508 639/311/508 638/310/508
f 772/311/509 773/43/509 640/43/509 639/311/509
f 773/43/510 742/370/510 606/312/510 640/43/510
f 742/370/531 787/324/531 656/324/531 606/312/531
f 787/324/532 788/379/532 657/325/532 656/324/532
f 788/379/533 789/93/533 658/93/533 657/325/533
f 789/93/534 746/92/534 610/92/534 658/93/534
f 746/92/511 774/99/511 641/99/511 610/92/511
f 752/382/554 802/93/554 674/93/554 617/92/554
f 802/93/597 734/359/597 716/359/597 674/93/597
f 754/297/617 755/173/617 756/365/617 737/171/617 763/193/617 764/192/617 803/191/617 804/194/617 805/383/617 806/384/617 807/385/617 830/386/617 827/296/617
f 741/398/618 605/400/618 828/397/618 827/296/618
f 605/400/618 680/401/618 829/397/618 828/397/618
f 808/399/618 741/398/618 827/296/618 830/386/618
f 680/401/618 808/399/618 830/386/618 829/397/618
f 832/400/618 831/398/618 834/399/618 833/401/618
f 605/400/619 741/398/619 831/398/619 832/400/619
f 808/399/620 680/401/620 833/401/620 834/399/620
f 680/401/621 605/400/621 832/400/621 833/401/621
f 842/397/622 839/397/622 840/397/622 841/397/622
f 622/397/623 836/397/623 835/397/623 838/397/623 837/397/623 829/397/623 679/397/623 678/397/623 677/397/623 676/397/623 675/397/623 631/397/623 630/397/623 601/397/623 623/397/623
f 838/397/624 835/397/624 839/397/624 842/397/624
f 836/397/625 837/397/625 841/397/625 840/397/625
f 837/397/626 838/397/626 842/397/626 841/397/626
f 835/397/627 836/397/627 840/397/627 839/397/627
f 853/397/628 629/397/628 603/397/628 618/397/628 619/397/628 620/397/628 600/397/628
f 600/276/629 736/276/629 867/367/629 853/303/629
f 739/397/630 762/397/630 867/397/630 753/397/630
f 867/367/495 866/302/495 854/302/495 853/303/495
f 866/302/494 865/301/494 855/301/494 854/302/494
f 865/301/493 864/67/493 856/67/493 855/301/493
f 864/67/492 863/366/492 857/69/492 856/67/492
f 863/366/491 862/300/491 858/300/491 857/69/491
f 862/300/490 861/299/490 859/299/490 858/300/490
f 861/299/489 860/76/489 844/76/489 859/299/489
f 860/76/538 876/328/538 843/328/538 844/76/538
f 876/328/537 875/327/537 845/327/537 843/328/537
f 875/327/536 874/380/536 846/326/536 845/327/536
f 874/380/535 871/189/535 847/189/535 846/326/535
f 871/189/503 870/307/503 851/307/503 847/189/503
f 870/307/504 872/186/504 850/186/504 851/307/504
f 872/186/505 873/308/505 849/308/505 850/186/505
f 873/308/506 869/157/506 848/305/506 849/308/506
f 869/157/499 868/368/499 852/306/499 848/305/499
f 602/67/631 627/301/631 855/301/631 856/67/631
f 757/299/632 749/76/632 860/76/632 861/299/632
f 607/305/633 637/308/633 849/308/633 848/305/633
f 735/189/634 768/307/634 870/307/634 871/189/634
f 626/69/635 602/67/635 856/67/635 857/69/635
f 758/300/636 757/299/636 861/299/636 862/300/636
f 637/308/637 636/186/637 850/186/637 849/308/637
f 768/307/638 769/186/638 872/186/638 870/307/638
f 625/300/639 626/69/639 857/69/639 858/300/639
f 759/366/640 758/300/640 862/300/640 863/366/640
f 636/186/641 635/307/641 851/307/641 850/186/641
f 769/186/642 770/308/642 873/308/642 872/186/642
f 624/299/643 625/300/643 858/300/643 859/299/643
f 738/67/644 759/366/644 863/366/644 864/67/644
f 635/307/645 599/189/645 847/189/645 851/307/645
f 770/308/646 743/157/646 869/157/646 873/308/646
f 614/76/647 624/299/647 859/299/647 844/76/647
f 760/301/648 738/67/648 864/67/648 865/301/648
f 761/302/649 760/301/649 865/301/649 866/302/649
f 762/367/650 867/367/650 853/303/650 629/303/650
f 790/380/651 735/189/651 871/189/651 874/380/651
f 762/367/652 761/302/652 866/302/652 867/367/652
f 186/100/653 185/101/653 612/314/653 643/313/653
f 753/397/654 867/397/654 26/102/654
f 26/102/655 867/397/655 612/314/655 185/101/655
f 879/40/656 880/39/656 877/53/656 878/54/656
f 108/54/657 164/40/657 879/40/657 878/54/657
f 108/54/658 206/139/658 881/139/658 878/54/658
f 164/40/659 165/39/659 880/39/659 879/40/659
f 165/39/660 107/53/660 877/53/660 880/39/660
f 889/257/661 890/265/661 892/262/661 891/258/661
f 885/252/662 884/251/662 890/265/662 889/257/662
f 890/265/663 882/132/663 883/138/663 892/262/663
f 98/138/664 281/262/664 892/262/664 883/138/664
f 138/252/665 137/251/665 884/251/665 885/252/665
f 281/262/666 280/258/666 891/258/666 892/262/666
f 277/257/667 138/252/667 885/252/667 889/257/667
f 280/258/668 277/257/668 889/257/668 891/258/668
f 97/132/669 98/138/669 883/138/669 882/132/669
f 276/256/670 277/257/670 889/257/670 888/256/670
f 137/251/671 278/265/671 890/265/671 884/251/671
f 1036/1/672 1039/4/672 1040/3/672 1037/2/672
f 1037/2/673 1040/3/673 1041/6/673 1038/5/673
f 1039/4/674 1042/8/674 1043/7/674 1040/3/674
f 895/9/675 937/11/675 1036/1/675 924/10/675
f 924/10/676 1036/1/676 1037/2/676 923/12/676
f 923/12/677 1037/2/677 1038/5/677 922/13/677
f 922/13/678 1038/5/678 1008/15/678 912/14/678
f 1042/8/679 941/17/679 940/16/679 1043/7/679
f 939/18/680 899/19/680 941/17/680 1042/8/680
f 938/20/681 939/18/681 1042/8/681 1039/4/681
f 937/11/682 938/20/682 1039/4/682 1036/1/682
f 1046/21/683 1048/24/683 1049/23/683 1047/22/683
f 899/19/684 965/26/684 1044/25/684 941/17/684
f 941/17/685 1044/25/685 1045/27/685 940/16/685
f 1048/24/686 969/29/686 968/28/686 1049/23/686
f 967/30/687 907/31/687 969/29/687 1048/24/687
f 966/32/688 967/30/688 1048/24/688 1046/21/688
f 965/26/689 966/32/689 1046/21/689 1044/25/689
f 1050/33/690 1053/36/690 1054/35/690 1051/34/690
f 1051/34/691 1054/35/691 1055/38/691 1052/37/691
f 1053/36/692 1056/40/692 1057/39/692 1054/35/692
f 1054/35/693 1057/39/693 1058/41/693 1055/38/693
f 902/42/694 962/44/694 1050/33/694 972/43/694
f 972/43/695 1050/33/695 1051/34/695 971/45/695
f 971/45/696 1051/34/696 1052/37/696 970/46/696
f 970/46/697 1052/37/697 992/48/697 908/47/697
f 1052/37/698 1055/38/698 993/49/698 992/48/698
f 1055/38/699 1058/41/699 994/50/699 993/49/699
f 1058/41/700 998/52/700 910/51/700 994/50/700
f 1057/39/701 999/53/701 998/52/701 1058/41/701
f 999/53/702 1769/53/702 1770/54/702 1000/54/702
f 964/55/703 909/56/703 1000/54/703 1056/40/703
f 963/57/704 964/55/704 1056/40/704 1053/36/704
f 962/44/705 963/57/705 1053/36/705 1050/33/705
f 1059/58/706 1062/61/706 1063/60/706 1060/59/706
f 1060/59/707 1063/60/707 1064/63/707 1061/62/707
f 1062/61/708 1065/65/708 1066/64/708 1063/60/708
f 1063/60/709 1066/64/709 1067/66/709 1064/63/709
f 896/67/710 930/69/710 1059/58/710 933/68/710
f 933/68/711 1059/58/711 1060/59/711 932/70/711
f 932/70/712 1060/59/712 1061/62/712 931/71/712
f 931/71/713 1061/62/713 962/44/713 902/42/713
f 1061/62/714 1064/63/714 963/57/714 962/44/714
f 1064/63/715 1067/66/715 964/55/715 963/57/715
f 1067/66/716 1004/72/716 909/56/716 964/55/716
f 1066/64/717 1005/73/717 1004/72/717 1067/66/717
f 1065/65/718 1006/74/718 1005/73/718 1066/64/718
f 928/75/719 911/76/719 1006/74/719 1065/65/719
f 929/77/720 928/75/720 1065/65/720 1062/61/720
f 930/69/721 929/77/721 1062/61/721 1059/58/721
f 1068/78/722 1071/81/722 1072/80/722 1069/79/722
f 1069/79/723 1072/80/723 1073/83/723 1070/82/723
f 1071/81/724 1074/85/724 1075/84/724 1072/80/724
f 1072/80/725 1075/84/725 1076/86/725 1073/83/725
f 898/87/726 936/89/726 1068/78/726 944/88/726
f 944/88/727 1068/78/727 1069/79/727 943/90/727
f 943/90/728 1069/79/728 1070/82/728 942/91/728
f 942/91/729 1070/82/729 988/93/729 906/92/729
f 1070/82/730 1073/83/730 987/94/730 988/93/730
f 1073/83/731 1076/86/731 986/95/731 987/94/731
f 1076/86/732 931/71/732 902/42/732 986/95/732
f 1075/84/733 932/70/733 931/71/733 1076/86/733
f 1074/85/734 933/68/734 932/70/734 1075/84/734
f 934/96/735 896/67/735 933/68/735 1074/85/735
f 935/97/736 934/96/736 1074/85/736 1071/81/736
f 936/89/737 935/97/737 1071/81/737 1068/78/737
f 1079/98/738 942/91/738 906/92/738 973/99/738
f 1078/100/739 943/90/739 942/91/739 1079/98/739
f 1077/101/740 944/88/740 943/90/740 1078/100/740
f 918/102/741 898/87/741 944/88/741 1077/101/741
f 1080/103/742 1083/106/742 1084/105/742 1081/104/742
f 1081/104/743 1084/105/743 1085/108/743 1082/107/743
f 1083/106/744 1086/110/744 1087/109/744 1084/105/744
f 1084/105/745 1087/109/745 1088/111/745 1085/108/745
f 908/47/746 992/48/746 1080/103/746 979/112/746
f 979/112/747 1080/103/747 1081/104/747 978/113/747
f 978/113/748 1081/104/748 1082/107/748 977/114/748
f 977/114/749 1082/107/749 961/116/749 904/115/749
f 1082/107/750 1085/108/750 960/117/750 961/116/750
f 1085/108/751 1088/111/751 959/118/751 960/117/751
f 1088/111/752 1001/120/752 897/119/752 959/118/752
f 1087/109/753 1002/121/753 1001/120/753 1088/111/753
f 1086/110/754 1003/122/754 1002/121/754 1087/109/754
f 994/50/755 910/51/755 1003/122/755 1086/110/755
f 993/49/756 994/50/756 1086/110/756 1083/106/756
f 992/48/757 993/49/757 1083/106/757 1080/103/757
f 1089/123/758 1092/126/758 1093/125/758 1090/124/758
f 1090/124/759 1093/125/759 1094/128/759 1091/127/759
f 1092/126/760 1095/130/760 1096/129/760 1093/125/760
f 1093/125/761 1096/129/761 1097/131/761 1094/128/761
f 895/9/762 989/132/762 1089/123/762 937/11/762
f 937/11/763 1089/123/763 1090/124/763 938/20/763
f 938/20/764 1090/124/764 1091/127/764 939/18/764
f 939/18/765 1091/127/765 965/26/765 899/19/765
f 1091/127/766 1094/128/766 966/32/766 965/26/766
f 1094/128/767 1097/131/767 967/30/767 966/32/767
f 1097/131/768 985/133/768 907/31/768 967/30/768
f 1096/129/769 984/134/769 985/133/769 1097/131/769
f 1095/130/770 983/135/770 984/134/770 1096/129/770
f 991/136/771 905/137/771 983/135/771 1095/130/771
f 990/138/772 991/136/772 1095/130/772 1092/126/772
f 989/132/773 990/138/773 1092/126/773 1089/123/773
f 1098/139/774 1101/142/774 1102/141/774 1099/140/774
f 1099/140/775 1102/141/775 1103/144/775 1100/143/775
f 1101/142/776 1104/146/776 1105/145/776 1102/141/776
f 1102/141/777 1105/145/777 1106/147/777 1103/144/777
f 909/56/778 956/148/778 1098/139/778 1000/54/778
f 1000/54/779 1098/139/779 1099/140/779 999/53/779
f 999/53/780 1099/140/780 1100/143/780 998/52/780
f 998/52/781 1100/143/781 950/149/781 910/51/781
f 1100/143/782 1103/144/782 951/150/782 950/149/782
f 1103/144/783 1106/147/783 952/151/783 951/150/783
f 1106/147/784 949/153/784 901/152/784 952/151/784
f 1105/145/785 948/154/785 949/153/785 1106/147/785
f 1104/146/786 947/155/786 948/154/786 1105/145/786
f 958/156/787 903/157/787 947/155/787 1104/146/787
f 957/158/788 958/156/788 1104/146/788 1101/142/788
f 956/148/789 957/158/789 1101/142/789 1098/139/789
f 1107/159/790 1110/162/790 1111/161/790 1108/160/790
f 1108/160/791 1111/161/791 1112/164/791 1109/163/791
f 1110/162/792 1113/166/792 1114/165/792 1111/161/792
f 1111/161/793 1114/165/793 1115/167/793 1112/164/793
f 910/51/794 950/149/794 1107/159/794 1003/122/794
f 1003/122/795 1107/159/795 1108/160/795 1002/121/795
f 1002/121/796 1108/160/796 1109/163/796 1001/120/796
f 1001/120/797 1109/163/797 925/168/797 897/119/797
f 1109/163/798 1112/164/798 926/169/798 925/168/798
f 1112/164/799 1115/167/799 927/170/799 926/169/799
f 1115/167/800 921/172/800 894/171/800 927/170/800
f 1114/165/801 920/173/801 921/172/801 1115/167/801
f 1113/166/802 919/174/802 920/173/802 1114/165/802
f 952/151/803 901/152/803 919/174/803 1113/166/803
f 951/150/804 952/151/804 1113/166/804 1110/162/804
f 950/149/805 951/150/805 1110/162/805 1107/159/805
f 1116/175/806 1119/178/806 1120/177/806 1117/176/806
f 1117/176/807 1120/177/807 1121/180/807 1118/179/807
f 1119/178/808 1122/182/808 1123/181/808 1120/177/808
f 1120/177/809 1123/181/809 1124/183/809 1121/180/809
f 911/76/810 997/184/810 1116/175/810 1006/74/810
f 1006/74/811 1116/175/811 1117/176/811 1005/73/811
f 1005/73/812 1117/176/812 1118/179/812 1004/72/812
f 1004/72/813 1118/179/813 956/148/813 909/56/813
f 1118/179/814 1121/180/814 957/158/814 956/148/814
f 1121/180/815 1124/183/815 958/156/815 957/158/815
f 1124/183/816 955/185/816 903/157/816 958/156/816
f 1123/181/817 954/186/817 955/185/817 1124/183/817
f 1122/182/818 953/187/818 954/186/818 1123/181/818
f 995/188/819 893/189/819 953/187/819 1122/182/819
f 996/190/820 995/188/820 1122/182/820 1119/178/820
f 997/184/821 996/190/821 1119/178/821 1116/175/821
f 1125/191/822 1128/194/822 945/193/822 946/192/822
f 1128/194/823 927/170/823 894/171/823 945/193/823
f 1127/195/824 926/169/824 927/170/824 1128/194/824
f 1126/196/825 925/168/825 926/169/825 1127/195/825
f 1007/197/826 897/119/826 925/168/826 1126/196/826
f 1129/198/827 1132/201/827 1133/200/827 1130/199/827
f 1130/199/828 1133/200/828 1134/203/828 1131/202/828
f 1132/201/829 1135/205/829 1136/204/829 1133/200/829
f 1133/200/830 1136/204/830 1137/206/830 1134/203/830
f 1010/207/831 1130/199/831 1131/202/831 1009/208/831
f 1009/208/832 1131/202/832 959/118/832 897/119/832
f 1131/202/833 1134/203/833 960/117/833 959/118/833
f 1134/203/834 1137/206/834 961/116/834 960/117/834
f 1137/206/835 982/209/835 904/115/835 961/116/835
f 1136/204/836 981/210/836 982/209/836 1137/206/836
f 1135/205/837 980/211/837 981/210/837 1136/204/837
f 969/29/838 907/31/838 980/211/838 1135/205/838
f 968/28/839 969/29/839 1135/205/839 1132/201/839
f 1138/212/840 1141/215/840 1142/214/840 1139/213/840
f 1139/213/841 1142/214/841 1143/217/841 1140/216/841
f 1141/215/842 1144/5/842 1145/218/842 1142/214/842
f 1142/214/843 1145/218/843 1146/219/843 1143/217/843
f 895/9/844 924/10/844 1138/212/844 1013/220/844
f 1013/220/845 1138/212/845 1139/213/845 1014/221/845
f 1014/221/846 1139/213/846 1140/216/846 1015/222/846
f 1015/222/847 1140/216/847 1018/17/847 914/19/847
f 1140/216/848 1143/217/848 1017/16/848 1018/17/848
f 1143/217/849 1146/219/849 1016/223/849 1017/16/849
f 1146/219/850 1033/225/850 917/224/850 1016/223/850
f 1145/218/851 1034/226/851 1033/225/851 1146/219/851
f 1144/5/852 1035/227/852 1034/226/852 1145/218/852
f 922/13/853 912/14/853 1035/227/853 1144/5/853
f 923/12/854 922/13/854 1144/5/854 1141/215/854
f 924/10/855 923/12/855 1141/215/855 1138/212/855
f 1147/25/856 1149/27/856 1150/22/856 1148/228/856
f 1149/27/857 1151/230/857 1152/229/857 1150/22/857
f 914/19/858 1018/17/858 1147/25/858 1022/231/858
f 1022/231/859 1147/25/859 1148/228/859 1023/232/859
f 1016/223/860 917/224/860 1032/233/860 1151/230/860
f 1017/16/861 1016/223/861 1151/230/861 1149/27/861
f 1018/17/862 1017/16/862 1149/27/862 1147/25/862
f 1153/234/863 1155/236/863 1156/80/863 1154/235/863
f 1155/236/864 1157/238/864 1158/237/864 1156/80/864
f 913/87/865 1021/239/865 1153/234/865 1012/89/865
f 1012/89/866 1153/234/866 1154/235/866 1011/97/866
f 1019/240/867 916/92/867 1028/93/867 1157/238/867
f 1020/241/868 1019/240/868 1157/238/868 1155/236/868
f 1021/239/869 1020/241/869 1155/236/869 1153/234/869
f 1159/242/870 1162/245/870 1163/244/870 1160/243/870
f 1160/243/871 1163/244/871 1164/247/871 1161/246/871
f 1162/245/872 1165/249/872 1166/248/872 1163/244/872
f 1163/244/873 1166/248/873 1167/250/873 1164/247/873
f 895/9/874 1013/220/874 1159/242/874 1029/251/874
f 1029/251/875 1159/242/875 1160/243/875 1030/252/875
f 1030/252/876 1160/243/876 1161/246/876 1031/253/876
f 1031/253/877 1161/246/877 1027/255/877 915/254/877
f 1165/249/878 1022/231/878 1023/232/878 1166/248/878
f 1015/222/879 914/19/879 1022/231/879 1165/249/879
f 1014/221/880 1015/222/880 1165/249/880 1162/245/880
f 1013/220/881 1014/221/881 1162/245/881 1159/242/881
f 1168/256/882 1171/259/882 1172/258/882 1169/257/882
f 1089/123/883 1778/123/883 1774/132/883 989/132/883
f 1171/259/884 1174/261/884 1175/260/884 1172/258/884
f 1172/258/885 1175/260/885 1176/263/885 1173/262/885
f 915/254/886 1026/264/886 1168/256/886 1031/253/886
f 1031/253/887 1168/256/887 1169/257/887 1030/252/887
f 1170/265/888 1782/265/888 1774/132/888 989/132/888
f 1029/251/889 1170/265/889 989/132/889 895/9/889
f 1029/251/890 1776/251/890 1779/242/890 1159/242/890
f 1173/262/891 1176/263/891 991/136/891 990/138/891
f 1176/263/892 976/266/892 905/137/892 991/136/892
f 1175/260/893 975/267/893 976/266/893 1176/263/893
f 1174/261/894 974/268/894 975/267/894 1175/260/894
f 1024/268/895 900/269/895 974/268/895 1174/261/895
f 1025/267/896 1024/268/896 1174/261/896 1171/259/896
f 1026/264/897 1025/267/897 1171/259/897 1168/256/897
f 1335/1/898 1336/2/898 1339/3/898 1338/4/898
f 1336/2/899 1337/5/899 1340/6/899 1339/3/899
f 1338/4/900 1339/3/900 1342/7/900 1341/8/900
f 1180/9/901 1215/10/901 1335/1/901 1228/11/901
f 1215/10/902 1214/12/902 1336/2/902 1335/1/902
f 1214/12/903 1213/13/903 1337/5/903 1336/2/903
f 1213/13/904 1198/14/904 1301/15/904 1337/5/904
f 1341/8/905 1342/7/905 1231/16/905 1232/17/905
f 1230/18/906 1341/8/906 1232/17/906 1184/19/906
f 1229/20/907 1338/4/907 1341/8/907 1230/18/907
f 1228/11/908 1335/1/908 1338/4/908 1229/20/908
f 1345/21/909 1346/22/909 1348/23/909 1347/24/909
f 1184/19/910 1232/17/910 1343/25/910 1256/26/910
f 1232/17/911 1231/16/911 1344/27/911 1343/25/911
f 1347/24/912 1348/23/912 1259/28/912 1260/29/912
f 1258/30/913 1347/24/913 1260/29/913 1192/31/913
f 1257/32/914 1345/21/914 1347/24/914 1258/30/914
f 1256/26/915 1343/25/915 1345/21/915 1257/32/915
f 1349/33/916 1350/34/916 1353/35/916 1352/36/916
f 1350/34/917 1351/37/917 1354/38/917 1353/35/917
f 1352/36/918 1353/35/918 1356/39/918 1355/40/918
f 1353/35/919 1354/38/919 1357/41/919 1356/39/919
f 1187/42/920 1263/43/920 1349/33/920 1253/44/920
f 1263/43/921 1262/45/921 1350/34/921 1349/33/921
f 1262/45/922 1261/46/922 1351/37/922 1350/34/922
f 1261/46/923 1194/47/923 1285/48/923 1351/37/923
f 1351/37/924 1285/48/924 1286/49/924 1354/38/924
f 1354/38/925 1286/49/925 1287/50/925 1357/41/925
f 1357/41/926 1287/50/926 1196/51/926 1291/52/926
f 1356/39/927 1357/41/927 1291/52/927 1292/53/927
f 1355/40/928 1356/39/928 1292/53/928 1293/54/928
f 1255/55/929 1355/40/929 1293/54/929 1195/56/929
f 1254/57/930 1352/36/930 1355/40/930 1255/55/930
f 1253/44/931 1349/33/931 1352/36/931 1254/57/931
f 1358/58/932 1359/59/932 1362/60/932 1361/61/932
f 1359/59/933 1360/62/933 1363/63/933 1362/60/933
f 1361/61/934 1362/60/934 1365/64/934 1364/65/934
f 1362/60/935 1363/63/935 1366/66/935 1365/64/935
f 1181/67/936 1224/68/936 1358/58/936 1221/69/936
f 1224/68/937 1223/70/937 1359/59/937 1358/58/937
f 1223/70/938 1222/71/938 1360/62/938 1359/59/938
f 1222/71/939 1187/42/939 1253/44/939 1360/62/939
f 1360/62/940 1253/44/940 1254/57/940 1363/63/940
f 1363/63/941 1254/57/941 1255/55/941 1366/66/941
f 1366/66/942 1255/55/942 1195/56/942 1297/72/942
f 1365/64/943 1366/66/943 1297/72/943 1298/73/943
f 1364/65/944 1365/64/944 1298/73/944 1299/74/944
f 1219/75/945 1364/65/945 1299/74/945 1197/76/945
f 1220/77/946 1361/61/946 1364/65/946 1219/75/946
f 1221/69/947 1358/58/947 1361/61/947 1220/77/947
f 1367/78/948 1368/79/948 1371/80/948 1370/81/948
f 1368/79/949 1369/82/949 1372/83/949 1371/80/949
f 1370/81/950 1371/80/950 1374/84/950 1373/85/950
f 1371/80/951 1372/83/951 1375/86/951 1374/84/951
f 1183/87/952 1235/88/952 1367/78/952 1227/89/952
f 1235/88/953 1234/90/953 1368/79/953 1367/78/953
f 1234/90/954 1233/91/954 1369/82/954 1368/79/954
f 1233/91/955 1191/92/955 1281/93/955 1369/82/955
f 1369/82/956 1281/93/956 1280/94/956 1372/83/956
f 1372/83/957 1280/94/957 1279/95/957 1375/86/957
f 1375/86/958 1279/95/958 1187/42/958 1222/71/958
f 1374/84/959 1375/86/959 1222/71/959 1223/70/959
f 1373/85/960 1374/84/960 1223/70/960 1224/68/960
f 1225/96/961 1373/85/961 1224/68/961 1181/67/961
f 1226/97/962 1370/81/962 1373/85/962 1225/96/962
f 1227/89/963 1367/78/963 1370/81/963 1226/97/963
f 1376/270/964 1377/273/964 1380/272/964 1379/271/964
f 1377/273/965 1378/275/965 1381/274/965 1380/272/965
f 1379/271/966 1380/272/966 1383/100/966 1382/101/966
f 1380/272/967 1381/274/967 1384/98/967 1383/100/967
f 1178/276/968 1209/278/968 1376/270/968 1206/277/968
f 1209/278/969 1208/279/969 1377/273/969 1376/270/969
f 1208/279/970 1207/280/970 1378/275/970 1377/273/970
f 1207/280/971 1193/282/971 1266/281/971 1378/275/971
f 1378/275/972 1266/281/972 1265/283/972 1381/274/972
f 1381/274/973 1265/283/973 1264/99/973 1384/98/973
f 1384/98/974 1264/99/974 1191/92/974 1233/91/974
f 1383/100/975 1384/98/975 1233/91/975 1234/90/975
f 1382/101/976 1383/100/976 1234/90/976 1235/88/976
f 1204/102/977 1382/101/977 1235/88/977 1183/87/977
f 1205/284/978 1379/271/978 1382/101/978 1204/102/978
f 1206/277/979 1376/270/979 1379/271/979 1205/284/979
f 1385/103/980 1386/104/980 1389/105/980 1388/106/980
f 1386/104/981 1387/107/981 1390/108/981 1389/105/981
f 1388/106/982 1389/105/982 1392/109/982 1391/110/982
f 1389/105/983 1390/108/983 1393/111/983 1392/109/983
f 1194/47/984 1272/112/984 1385/103/984 1285/48/984
f 1272/112/985 1271/113/985 1386/104/985 1385/103/985
f 1271/113/986 1270/114/986 1387/107/986 1386/104/986
f 1270/114/987 1189/115/987 1252/116/987 1387/107/987
f 1387/107/988 1252/116/988 1251/117/988 1390/108/988
f 1390/108/989 1251/117/989 1250/118/989 1393/111/989
f 1393/111/990 1250/118/990 1182/119/990 1294/120/990
f 1392/109/991 1393/111/991 1294/120/991 1295/121/991
f 1391/110/992 1392/109/992 1295/121/992 1296/122/992
f 1287/50/993 1391/110/993 1296/122/993 1196/51/993
f 1286/49/994 1388/106/994 1391/110/994 1287/50/994
f 1285/48/995 1385/103/995 1388/106/995 1286/49/995
f 1394/123/996 1395/124/996 1398/125/996 1397/126/996
f 1395/124/997 1396/127/997 1399/128/997 1398/125/997
f 1397/126/998 1398/125/998 1401/129/998 1400/130/998
f 1398/125/999 1399/128/999 1402/131/999 1401/129/999
f 1180/9/1000 1228/11/1000 1394/123/1000 1282/132/1000
f 1228/11/1001 1229/20/1001 1395/124/1001 1394/123/1001
f 1229/20/1002 1230/18/1002 1396/127/1002 1395/124/1002
f 1230/18/1003 1184/19/1003 1256/26/1003 1396/127/1003
f 1396/127/1004 1256/26/1004 1257/32/1004 1399/128/1004
f 1399/128/1005 1257/32/1005 1258/30/1005 1402/131/1005
f 1402/131/1006 1258/30/1006 1192/31/1006 1278/133/1006
f 1401/129/1007 1402/131/1007 1278/133/1007 1277/134/1007
f 1400/130/1008 1401/129/1008 1277/134/1008 1276/135/1008
f 1284/136/1009 1400/130/1009 1276/135/1009 1190/137/1009
f 1283/138/1010 1397/126/1010 1400/130/1010 1284/136/1010
f 1282/132/1011 1394/123/1011 1397/126/1011 1283/138/1011
f 1403/139/1012 1404/140/1012 1407/141/1012 1406/142/1012
f 1404/140/1013 1405/143/1013 1408/144/1013 1407/141/1013
f 1406/142/1014 1407/141/1014 1410/145/1014 1409/146/1014
f 1407/141/1015 1408/144/1015 1411/147/1015 1410/145/1015
f 1195/56/1016 1293/54/1016 1403/139/1016 1247/148/1016
f 1293/54/1017 1292/53/1017 1404/140/1017 1403/139/1017
f 1292/53/1018 1291/52/1018 1405/143/1018 1404/140/1018
f 1291/52/1019 1196/51/1019 1241/149/1019 1405/143/1019
f 1405/143/1020 1241/149/1020 1242/150/1020 1408/144/1020
f 1408/144/1021 1242/150/1021 1243/151/1021 1411/147/1021
f 1411/147/1022 1243/151/1022 1186/152/1022 1240/153/1022
f 1410/145/1023 1411/147/1023 1240/153/1023 1239/154/1023
f 1409/146/1024 1410/145/1024 1239/154/1024 1238/155/1024
f 1249/156/1025 1409/146/1025 1238/155/1025 1188/157/1025
f 1248/158/1026 1406/142/1026 1409/146/1026 1249/156/1026
f 1247/148/1027 1403/139/1027 1406/142/1027 1248/158/1027
f 1412/159/1028 1413/160/1028 1416/161/1028 1415/162/1028
f 1413/160/1029 1414/163/1029 1417/164/1029 1416/161/1029
f 1415/162/1030 1416/161/1030 1419/165/1030 1418/166/1030
f 1416/161/1031 1417/164/1031 1420/167/1031 1419/165/1031
f 1196/51/1032 1296/122/1032 1412/159/1032 1241/149/1032
f 1296/122/1033 1295/121/1033 1413/160/1033 1412/159/1033
f 1295/121/1034 1294/120/1034 1414/163/1034 1413/160/1034
f 1294/120/1035 1182/119/1035 1216/168/1035 1414/163/1035
f 1414/163/1036 1216/168/1036 1217/169/1036 1417/164/1036
f 1417/164/1037 1217/169/1037 1218/170/1037 1420/167/1037
f 1420/167/1038 1218/170/1038 1179/171/1038 1212/172/1038
f 1419/165/1039 1420/167/1039 1212/172/1039 1211/173/1039
f 1418/166/1040 1419/165/1040 1211/173/1040 1210/174/1040
f 1243/151/1041 1418/166/1041 1210/174/1041 1186/152/1041
f 1242/150/1042 1415/162/1042 1418/166/1042 1243/151/1042
f 1241/149/1043 1412/159/1043 1415/162/1043 1242/150/1043
f 1421/175/1044 1422/176/1044 1425/177/1044 1424/178/1044
f 1422/176/1045 1423/179/1045 1426/180/1045 1425/177/1045
f 1424/178/1046 1425/177/1046 1428/181/1046 1427/182/1046
f 1425/177/1047 1426/180/1047 1429/183/1047 1428/181/1047
f 1197/76/1048 1299/74/1048 1421/175/1048 1290/184/1048
f 1299/74/1049 1298/73/1049 1422/176/1049 1421/175/1049
f 1298/73/1050 1297/72/1050 1423/179/1050 1422/176/1050
f 1297/72/1051 1195/56/1051 1247/148/1051 1423/179/1051
f 1423/179/1052 1247/148/1052 1248/158/1052 1426/180/1052
f 1426/180/1053 1248/158/1053 1249/156/1053 1429/183/1053
f 1429/183/1054 1249/156/1054 1188/157/1054 1246/185/1054
f 1428/181/1055 1429/183/1055 1246/185/1055 1245/186/1055
f 1427/182/1056 1428/181/1056 1245/186/1056 1244/187/1056
f 1288/188/1057 1427/182/1057 1244/187/1057 1177/189/1057
f 1289/190/1058 1424/178/1058 1427/182/1058 1288/188/1058
f 1290/184/1059 1421/175/1059 1424/178/1059 1289/190/1059
f 1430/191/1060 1237/192/1060 1236/193/1060 1433/194/1060
f 1433/194/1061 1236/193/1061 1179/171/1061 1218/170/1061
f 1432/195/1062 1433/194/1062 1218/170/1062 1217/169/1062
f 1431/196/1063 1432/195/1063 1217/169/1063 1216/168/1063
f 1300/197/1064 1431/196/1064 1216/168/1064 1182/119/1064
f 1434/198/1065 1435/199/1065 1438/200/1065 1437/201/1065
f 1435/199/1066 1436/202/1066 1439/203/1066 1438/200/1066
f 1437/201/1067 1438/200/1067 1441/204/1067 1440/205/1067
f 1438/200/1068 1439/203/1068 1442/206/1068 1441/204/1068
f 1303/207/1069 1302/208/1069 1436/202/1069 1435/199/1069
f 1302/208/1070 1182/119/1070 1250/118/1070 1436/202/1070
f 1436/202/1071 1250/118/1071 1251/117/1071 1439/203/1071
f 1439/203/1072 1251/117/1072 1252/116/1072 1442/206/1072
f 1442/206/1073 1252/116/1073 1189/115/1073 1275/209/1073
f 1441/204/1074 1442/206/1074 1275/209/1074 1274/210/1074
f 1440/205/1075 1441/204/1075 1274/210/1075 1273/211/1075
f 1260/29/1076 1440/205/1076 1273/211/1076 1192/31/1076
f 1259/28/1077 1437/201/1077 1440/205/1077 1260/29/1077
f 1443/212/1078 1444/213/1078 1447/214/1078 1446/215/1078
f 1444/213/1079 1445/216/1079 1448/217/1079 1447/214/1079
f 1446/215/1080 1447/214/1080 1450/218/1080 1449/5/1080
f 1447/214/1081 1448/217/1081 1451/219/1081 1450/218/1081
f 1180/9/1082 1309/220/1082 1443/212/1082 1215/10/1082
f 1309/220/1083 1310/221/1083 1444/213/1083 1443/212/1083
f 1310/221/1084 1311/222/1084 1445/216/1084 1444/213/1084
f 1311/222/1085 1200/19/1085 1314/17/1085 1445/216/1085
f 1445/216/1086 1314/17/1086 1313/16/1086 1448/217/1086
f 1448/217/1087 1313/16/1087 1312/223/1087 1451/219/1087
f 1451/219/1088 1312/223/1088 1203/224/1088 1332/225/1088
f 1450/218/1089 1451/219/1089 1332/225/1089 1333/226/1089
f 1449/5/1090 1450/218/1090 1333/226/1090 1334/227/1090
f 1213/13/1091 1449/5/1091 1334/227/1091 1198/14/1091
f 1214/12/1092 1446/215/1092 1449/5/1092 1213/13/1092
f 1215/10/1093 1443/212/1093 1446/215/1093 1214/12/1093
f 1452/25/1094 1453/228/1094 1455/22/1094 1454/27/1094
f 1454/27/1095 1455/22/1095 1457/229/1095 1456/230/1095
f 1200/19/1096 1318/231/1096 1452/25/1096 1314/17/1096
f 1318/231/1097 1319/232/1097 1453/228/1097 1452/25/1097
f 1312/223/1098 1456/230/1098 1331/233/1098 1203/224/1098
f 1313/16/1099 1454/27/1099 1456/230/1099 1312/223/1099
f 1314/17/1100 1452/25/1100 1454/27/1100 1313/16/1100
f 1458/234/1101 1459/235/1101 1461/80/1101 1460/236/1101
f 1460/236/1102 1461/80/1102 1463/237/1102 1462/238/1102
f 1199/87/1103 1308/89/1103 1458/234/1103 1317/239/1103
f 1308/89/1104 1307/97/1104 1459/235/1104 1458/234/1104
f 1315/240/1105 1462/238/1105 1327/93/1105 1202/92/1105
f 1316/241/1106 1460/236/1106 1462/238/1106 1315/240/1106
f 1317/239/1107 1458/234/1107 1460/236/1107 1316/241/1107
f 1464/285/1108 1465/287/1108 1468/286/1108 1467/273/1108
f 1465/287/1109 1466/288/1109 1469/100/1109 1468/286/1109
f 1467/273/1110 1468/286/1110 1471/290/1110 1470/289/1110
f 1468/286/1111 1469/100/1111 1472/291/1111 1471/290/1111
f 1178/276/1112 1306/277/1112 1464/285/1112 1209/278/1112
f 1306/277/1113 1305/284/1113 1465/287/1113 1464/285/1113
f 1305/284/1114 1304/102/1114 1466/288/1114 1465/287/1114
f 1304/102/1115 1199/87/1115 1317/239/1115 1466/288/1115
f 1466/288/1116 1317/239/1116 1316/241/1116 1469/100/1116
f 1469/100/1117 1316/241/1117 1315/240/1117 1472/291/1117
f 1472/291/1118 1315/240/1118 1202/92/1118 1320/99/1118
f 1471/290/1119 1472/291/1119 1320/99/1119 1321/283/1119
f 1470/289/1120 1471/290/1120 1321/283/1120 1322/281/1120
f 1207/280/1121 1470/289/1121 1322/281/1121 1193/282/1121
f 1208/279/1122 1467/273/1122 1470/289/1122 1207/280/1122
f 1209/278/1123 1464/285/1123 1467/273/1123 1208/279/1123
f 1473/242/1124 1474/243/1124 1477/244/1124 1476/245/1124
f 1474/243/1125 1475/246/1125 1478/247/1125 1477/244/1125
f 1476/245/1126 1477/244/1126 1480/248/1126 1479/249/1126
f 1477/244/1127 1478/247/1127 1481/250/1127 1480/248/1127
f 1180/9/1128 1328/251/1128 1473/242/1128 1309/220/1128
f 1328/251/1129 1329/252/1129 1474/243/1129 1473/242/1129
f 1329/252/1130 1330/253/1130 1475/246/1130 1474/243/1130
f 1330/253/1131 1201/254/1131 1326/255/1131 1475/246/1131
f 1479/249/1132 1480/248/1132 1319/232/1132 1318/231/1132
f 1311/222/1133 1479/249/1133 1318/231/1133 1200/19/1133
f 1310/221/1134 1476/245/1134 1479/249/1134 1311/222/1134
f 1309/220/1135 1473/242/1135 1476/245/1135 1310/221/1135
f 1482/256/1136 1483/257/1136 1486/258/1136 1485/259/1136
f 1483/257/1137 1484/265/1137 1487/262/1137 1486/258/1137
f 1485/259/1138 1486/258/1138 1489/260/1138 1488/261/1138
f 1486/258/1139 1487/262/1139 1490/263/1139 1489/260/1139
f 1201/254/1140 1330/253/1140 1482/256/1140 1325/264/1140
f 1330/253/1141 1329/252/1141 1483/257/1141 1482/256/1141
f 1329/252/1142 1328/251/1142 1484/265/1142 1483/257/1142
f 1328/251/1143 1180/9/1143 1282/132/1143 1484/265/1143
f 1484/265/1144 1282/132/1144 1283/138/1144 1487/262/1144
f 1487/262/1145 1283/138/1145 1284/136/1145 1490/263/1145
f 1490/263/1146 1284/136/1146 1190/137/1146 1269/266/1146
f 1489/260/1147 1490/263/1147 1269/266/1147 1268/267/1147
f 1488/261/1148 1489/260/1148 1268/267/1148 1267/268/1148
f 1323/268/1149 1488/261/1149 1267/268/1149 1185/269/1149
f 1324/267/1150 1485/259/1150 1488/261/1150 1323/268/1150
f 1325/264/1151 1482/256/1151 1485/259/1151 1324/267/1151
f 1510/292/1152 1204/102/1152 1183/87/1152 1495/293/1152
f 1511/294/1153 1205/284/1153 1204/102/1153 1510/292/1153
f 1512/295/1154 1206/277/1154 1205/284/1154 1511/294/1154
f 1492/276/1155 1178/276/1155 1206/277/1155 1512/295/1155
f 1720/296/1156 1186/152/1156 1210/174/1156 1513/297/1156
f 1513/297/1157 1210/174/1157 1211/173/1157 1514/173/1157
f 1514/173/1158 1211/173/1158 1212/172/1158 1515/298/1158
f 1515/298/1159 1212/172/1159 1179/171/1159 1493/171/1159
f 1516/299/1160 1219/75/1160 1197/76/1160 1506/76/1160
f 1517/300/1161 1220/77/1161 1219/75/1161 1516/299/1161
f 1518/69/1162 1221/69/1162 1220/77/1162 1517/300/1162
f 1494/67/1163 1181/67/1163 1221/69/1163 1518/69/1163
f 1519/301/1164 1225/96/1164 1181/67/1164 1494/67/1164
f 1520/302/1165 1226/97/1165 1225/96/1165 1519/301/1165
f 1521/303/1166 1227/89/1166 1226/97/1166 1520/302/1166
f 1495/293/1167 1183/87/1167 1227/89/1167 1521/303/1167
f 1493/171/1168 1179/171/1168 1236/193/1168 1522/193/1168
f 1522/193/1169 1236/193/1169 1237/192/1169 1523/304/1169
f 1499/305/1170 1188/157/1170 1238/155/1170 1524/306/1170
f 1524/306/1171 1238/155/1171 1239/154/1171 1525/154/1171
f 1525/154/1172 1239/154/1172 1240/153/1172 1526/153/1172
f 1526/153/1173 1240/153/1173 1186/152/1173 1720/296/1173
f 1491/189/1174 1177/189/1174 1244/187/1174 1527/307/1174
f 1527/307/1175 1244/187/1175 1245/186/1175 1528/186/1175
f 1528/186/1176 1245/186/1176 1246/185/1176 1529/308/1176
f 1529/308/1177 1246/185/1177 1188/157/1177 1499/305/1177
f 1505/309/1178 1194/47/1178 1261/46/1178 1530/310/1178
f 1530/310/1179 1261/46/1179 1262/45/1179 1531/311/1179
f 1531/311/1180 1262/45/1180 1263/43/1180 1532/43/1180
f 1532/43/1181 1263/43/1181 1187/42/1181 1498/312/1181
f 1502/92/1182 1191/92/1182 1264/99/1182 1533/99/1182
f 1533/99/1183 1264/99/1183 1265/283/1183 1534/283/1183
f 1534/283/1184 1265/283/1184 1266/281/1184 1535/313/1184
f 1535/313/1185 1266/281/1185 1193/282/1185 1504/314/1185
f 1496/315/1186 1185/269/1186 1267/268/1186 1536/316/1186
f 1536/316/1187 1267/268/1187 1268/267/1187 1537/317/1187
f 1537/317/1188 1268/267/1188 1269/266/1188 1538/266/1188
f 1538/266/1189 1269/266/1189 1190/137/1189 1501/318/1189
f 1500/115/1190 1189/115/1190 1270/114/1190 1539/319/1190
f 1539/319/1191 1270/114/1191 1271/113/1191 1540/320/1191
f 1540/320/1192 1271/113/1192 1272/112/1192 1541/321/1192
f 1541/321/1193 1272/112/1193 1194/47/1193 1505/309/1193
f 1503/31/1194 1192/31/1194 1273/211/1194 1542/322/1194
f 1542/322/1195 1273/211/1195 1274/210/1195 1543/210/1195
f 1543/210/1196 1274/210/1196 1275/209/1196 1544/323/1196
f 1544/323/1197 1275/209/1197 1189/115/1197 1500/115/1197
f 1501/318/1198 1190/137/1198 1276/135/1198 1545/135/1198
f 1545/135/1199 1276/135/1199 1277/134/1199 1546/134/1199
f 1546/134/1200 1277/134/1200 1278/133/1200 1547/133/1200
f 1547/133/1201 1278/133/1201 1192/31/1201 1503/31/1201
f 1498/312/1202 1187/42/1202 1279/95/1202 1548/324/1202
f 1548/324/1203 1279/95/1203 1280/94/1203 1549/325/1203
f 1549/325/1204 1280/94/1204 1281/93/1204 1550/93/1204
f 1550/93/1205 1281/93/1205 1191/92/1205 1502/92/1205
f 1551/326/1206 1288/188/1206 1177/189/1206 1491/189/1206
f 1552/327/1207 1289/190/1207 1288/188/1207 1551/326/1207
f 1553/328/1208 1290/184/1208 1289/190/1208 1552/327/1208
f 1506/76/1209 1197/76/1209 1290/184/1209 1553/328/1209
f 1507/293/1210 1199/87/1210 1304/102/1210 1554/292/1210
f 1554/292/1211 1304/102/1211 1305/284/1211 1555/329/1211
f 1555/329/1212 1305/284/1212 1306/277/1212 1556/330/1212
f 1556/330/1213 1306/277/1213 1178/276/1213 1492/276/1213
f 1557/331/1214 1307/97/1214 1308/89/1214 1558/332/1214
f 1558/332/1215 1308/89/1215 1199/87/1215 1507/293/1215
f 1559/99/1216 1320/99/1216 1202/92/1216 1509/92/1216
f 1560/283/1217 1321/283/1217 1320/99/1217 1559/99/1217
f 1561/313/1218 1322/281/1218 1321/283/1218 1560/283/1218
f 1504/314/1219 1193/282/1219 1322/281/1219 1561/313/1219
f 1562/268/1220 1323/268/1220 1185/269/1220 1496/315/1220
f 1563/317/1221 1324/267/1221 1323/268/1221 1562/268/1221
f 1564/264/1222 1325/264/1222 1324/267/1222 1563/317/1222
f 1508/333/1223 1201/254/1223 1325/264/1223 1564/264/1223
f 1565/334/1224 1326/255/1224 1201/254/1224 1508/333/1224
f 1509/92/1225 1202/92/1225 1327/93/1225 1566/93/1225
f 1567/191/1226 1523/304/1226 1237/192/1226 1430/191/1226
f 1568/335/1227 1567/191/1227 1430/191/1227 1433/194/1227
f 1568/335/1228 1433/194/1228 1432/195/1228 1569/336/1228
f 1569/336/1229 1432/195/1229 1431/196/1229 1570/196/1229
f 1570/196/1230 1431/196/1230 1300/197/1230 1571/197/1230
f 1571/197/1231 1300/197/1231 1182/119/1231 1721/337/1231
f 1573/338/1232 1721/337/1232 1182/119/1232 1302/208/1232
f 1574/339/1233 1573/338/1233 1302/208/1233 1303/207/1233
f 1575/340/1234 1574/339/1234 1303/207/1234 1435/199/1234
f 1575/340/1235 1435/199/1235 1434/198/1235 1576/198/1235
f 1577/341/1236 1576/198/1236 1434/198/1236 1437/201/1236
f 1577/341/1237 1437/201/1237 1259/28/1237 1578/342/1237
f 1579/23/1238 1578/342/1238 1259/28/1238 1348/23/1238
f 1579/23/1239 1348/23/1239 1346/22/1239 1580/22/1239
f 1580/22/1240 1346/22/1240 1345/21/1240 1581/21/1240
f 1581/21/1241 1345/21/1241 1343/25/1241 1582/25/1241
f 1583/27/1242 1582/25/1242 1343/25/1242 1344/27/1242
f 1583/27/1243 1344/27/1243 1231/16/1243 1584/343/1243
f 1585/344/1244 1584/343/1244 1231/16/1244 1342/7/1244
f 1585/344/1245 1342/7/1245 1339/3/1245 1586/345/1245
f 1587/6/1246 1586/345/1246 1339/3/1246 1340/6/1246
f 1587/6/1247 1340/6/1247 1337/5/1247 1588/346/1247
f 1588/346/1248 1337/5/1248 1301/15/1248 1589/15/1248
f 1590/347/1249 1589/15/1249 1301/15/1249 1198/14/1249
f 1693/334/1250 1027/255/1250 1161/246/1250 1609/348/1250
f 1609/348/1251 1161/246/1251 1164/247/1251 1610/349/1251
f 1610/349/1252 1164/247/1252 1167/250/1252 1611/350/1252
f 1611/350/1253 1167/250/1253 1166/248/1253 1612/351/1253
f 1612/351/1254 1166/248/1254 1023/232/1254 1613/352/1254
f 1613/352/1255 1023/232/1255 1148/228/1255 1614/228/1255
f 1614/228/1256 1148/228/1256 1150/22/1256 1615/22/1256
f 1615/22/1257 1150/22/1257 1152/229/1257 1616/353/1257
f 1616/353/1258 1152/229/1258 1151/230/1258 1617/354/1258
f 1617/354/1259 1151/230/1259 1032/233/1259 1618/355/1259
f 1618/355/1260 1032/233/1260 917/224/1260 1619/224/1260
f 1619/224/1261 917/224/1261 1033/225/1261 1620/225/1261
f 1620/225/1262 1033/225/1262 1034/226/1262 1621/356/1262
f 1621/356/1263 1034/226/1263 1035/227/1263 1622/357/1263
f 1622/357/1264 1035/227/1264 912/14/1264 1718/347/1264
f 1688/97/1265 1011/97/1265 1154/235/1265 1623/235/1265
f 1623/235/1266 1154/235/1266 1156/80/1266 1624/80/1266
f 1624/80/1267 1156/80/1267 1158/237/1267 1625/358/1267
f 1625/358/1268 1158/237/1268 1157/238/1268 1626/359/1268
f 1626/359/1269 1157/238/1269 1028/93/1269 1694/93/1269
f 1462/238/1270 1608/359/1270 1566/93/1270 1327/93/1270
f 1463/237/1271 1607/358/1271 1608/359/1271 1462/238/1271
f 1461/80/1272 1606/80/1272 1607/358/1272 1463/237/1272
f 1459/235/1273 1605/235/1273 1606/80/1273 1461/80/1273
f 1307/97/1274 1557/331/1274 1605/235/1274 1459/235/1274
f 1334/227/1275 1604/360/1275 1590/347/1275 1198/14/1275
f 1333/226/1276 1603/356/1276 1604/360/1276 1334/227/1276
f 1332/225/1277 1602/225/1277 1603/356/1277 1333/226/1277
f 1203/224/1278 1601/224/1278 1602/225/1278 1332/225/1278
f 1331/233/1279 1600/355/1279 1601/224/1279 1203/224/1279
f 1456/230/1280 1599/354/1280 1600/355/1280 1331/233/1280
f 1457/229/1281 1598/229/1281 1599/354/1281 1456/230/1281
f 1455/22/1282 1597/22/1282 1598/229/1282 1457/229/1282
f 1453/228/1283 1596/228/1283 1597/22/1283 1455/22/1283
f 1319/232/1284 1595/361/1284 1596/228/1284 1453/228/1284
f 1480/248/1285 1594/362/1285 1595/361/1285 1319/232/1285
f 1481/250/1286 1593/350/1286 1594/362/1286 1480/248/1286
f 1478/247/1287 1592/247/1287 1593/350/1287 1481/250/1287
f 1475/246/1288 1591/348/1288 1592/247/1288 1478/247/1288
f 1326/255/1289 1565/334/1289 1591/348/1289 1475/246/1289
f 918/102/1290 1645/364/1290 1631/363/1290 898/87/1290
f 901/152/1291 1719/296/1291 1646/297/1291 919/174/1291
f 919/174/1292 1646/297/1292 1647/173/1292 920/173/1292
f 920/173/1293 1647/173/1293 1648/365/1293 921/172/1293
f 921/172/1294 1648/365/1294 1629/171/1294 894/171/1294
f 928/75/1295 1649/299/1295 1641/76/1295 911/76/1295
f 929/77/1296 1650/300/1296 1649/299/1296 928/75/1296
f 930/69/1297 1651/366/1297 1650/300/1297 929/77/1297
f 896/67/1298 1630/67/1298 1651/366/1298 930/69/1298
f 934/96/1299 1652/301/1299 1630/67/1299 896/67/1299
f 935/97/1300 1653/302/1300 1652/301/1300 934/96/1300
f 936/89/1301 1654/367/1301 1653/302/1301 935/97/1301
f 898/87/1302 1631/363/1302 1654/367/1302 936/89/1302
f 894/171/1303 1629/171/1303 1655/193/1303 945/193/1303
f 945/193/1304 1655/193/1304 1656/192/1304 946/192/1304
f 903/157/1305 1635/157/1305 1657/368/1305 947/155/1305
f 947/155/1306 1657/368/1306 1658/154/1306 948/154/1306
f 948/154/1307 1658/154/1307 1659/153/1307 949/153/1307
f 949/153/1308 1659/153/1308 1719/296/1308 901/152/1308
f 893/189/1309 1627/189/1309 1660/307/1309 953/187/1309
f 953/187/1310 1660/307/1310 1661/186/1310 954/186/1310
f 954/186/1311 1661/186/1311 1662/308/1311 955/185/1311
f 955/185/1312 1662/308/1312 1635/157/1312 903/157/1312
f 908/47/1313 1640/47/1313 1663/369/1313 970/46/1313
f 970/46/1314 1663/369/1314 1664/311/1314 971/45/1314
f 971/45/1315 1664/311/1315 1665/43/1315 972/43/1315
f 972/43/1316 1665/43/1316 1634/370/1316 902/42/1316
f 906/92/1317 1638/92/1317 1666/99/1317 973/99/1317
f 900/269/1318 1632/315/1318 1667/371/1318 974/268/1318
f 974/268/1319 1667/371/1319 1668/372/1319 975/267/1319
f 975/267/1320 1668/372/1320 1669/373/1320 976/266/1320
f 976/266/1321 1669/373/1321 1637/318/1321 905/137/1321
f 904/115/1322 1636/374/1322 1670/319/1322 977/114/1322
f 977/114/1323 1670/319/1323 1671/320/1323 978/113/1323
f 978/113/1324 1671/320/1324 1672/375/1324 979/112/1324
f 979/112/1325 1672/375/1325 1640/47/1325 908/47/1325
f 907/31/1326 1639/376/1326 1673/322/1326 980/211/1326
f 980/211/1327 1673/322/1327 1674/210/1327 981/210/1327
f 981/210/1328 1674/210/1328 1675/323/1328 982/209/1328
f 982/209/1329 1675/323/1329 1636/374/1329 904/115/1329
f 905/137/1330 1637/318/1330 1676/135/1330 983/135/1330
f 983/135/1331 1676/135/1331 1677/377/1331 984/134/1331
f 984/134/1332 1677/377/1332 1678/378/1332 985/133/1332
f 985/133/1333 1678/378/1333 1639/376/1333 907/31/1333
f 902/42/1334 1634/370/1334 1679/324/1334 986/95/1334
f 986/95/1335 1679/324/1335 1680/379/1335 987/94/1335
f 987/94/1336 1680/379/1336 1681/93/1336 988/93/1336
f 988/93/1337 1681/93/1337 1638/92/1337 906/92/1337
f 995/188/1338 1682/380/1338 1627/189/1338 893/189/1338
f 996/190/1339 1683/327/1339 1682/380/1339 995/188/1339
f 997/184/1340 1684/328/1340 1683/327/1340 996/190/1340
f 911/76/1341 1641/76/1341 1684/328/1341 997/184/1341
f 1011/97/1342 1688/97/1342 1689/332/1342 1012/89/1342
f 1012/89/1343 1689/332/1343 1642/293/1343 913/87/1343
f 1024/268/1344 1690/316/1344 1632/315/1344 900/269/1344
f 1025/267/1345 1691/317/1345 1690/316/1345 1024/268/1345
f 1026/264/1346 1692/264/1346 1691/317/1346 1025/267/1346
f 915/254/1347 1643/381/1347 1692/264/1347 1026/264/1347
f 1027/255/1348 1693/334/1348 1643/381/1348 915/254/1348
f 916/92/1349 1644/382/1349 1694/93/1349 1028/93/1349
f 1125/191/1350 946/192/1350 1656/192/1350 1695/191/1350
f 1128/194/1351 1125/191/1351 1695/191/1351 1696/194/1351
f 1128/194/1352 1696/194/1352 1697/383/1352 1127/195/1352
f 1127/195/1353 1697/383/1353 1698/384/1353 1126/196/1353
f 1126/196/1354 1698/384/1354 1699/385/1354 1007/197/1354
f 1007/197/1355 1699/385/1355 1722/386/1355 897/119/1355
f 1009/208/1356 897/119/1356 1722/386/1356 1701/387/1356
f 1010/207/1357 1009/208/1357 1701/387/1357 1702/339/1357
f 1130/199/1358 1010/207/1358 1702/339/1358 1703/388/1358
f 1130/199/1359 1703/388/1359 1704/389/1359 1129/198/1359
f 1132/201/1360 1129/198/1360 1704/389/1360 1705/341/1360
f 1132/201/1361 1705/341/1361 1706/390/1361 968/28/1361
f 1049/23/1362 968/28/1362 1706/390/1362 1707/391/1362
f 1049/23/1363 1707/391/1363 1708/22/1363 1047/22/1363
f 1047/22/1364 1708/22/1364 1709/21/1364 1046/21/1364
f 1046/21/1365 1709/21/1365 1710/25/1365 1044/25/1365
f 1045/27/1366 1044/25/1366 1710/25/1366 1711/392/1366
f 1045/27/1367 1711/392/1367 1712/393/1367 940/16/1367
f 1043/7/1368 940/16/1368 1712/393/1368 1713/344/1368
f 1043/7/1369 1713/344/1369 1714/394/1369 1040/3/1369
f 1041/6/1370 1040/3/1370 1714/394/1370 1715/395/1370
f 1041/6/1371 1715/395/1371 1716/346/1371 1038/5/1371
f 1038/5/1372 1716/346/1372 1717/15/1372 1008/15/1372
f 912/14/1373 1008/15/1373 1717/15/1373 1718/347/1373
f 1626/359/1374 1608/359/1374 1607/358/1374 1625/358/1374
f 1625/358/1375 1607/358/1375 1606/80/1375 1624/80/1375
f 1624/80/1376 1606/80/1376 1605/235/1376 1623/235/1376
f 1623/235/1377 1605/235/1377 1557/331/1377 1688/97/1377
f 1688/97/1378 1557/331/1378 1558/332/1378 1689/332/1378
f 1689/332/1379 1558/332/1379 1507/293/1379 1642/293/1379
f 1642/293/1380 1507/293/1380 1554/292/1380 1685/364/1380
f 1685/364/1381 1554/292/1381 1555/329/1381 1686/329/1381
f 1686/329/1382 1555/329/1382 1556/330/1382 1687/396/1382
f 1687/396/1383 1556/330/1383 1492/276/1383 1628/276/1383
f 1519/301/1384 1747/301/1384 1746/302/1384 1520/302/1384
f 1491/189/1385 1739/189/1385 1738/326/1385 1551/326/1385
f 1520/302/1386 1746/302/1386 1745/303/1386 1521/303/1386
f 1551/326/1387 1738/326/1387 1737/327/1387 1552/327/1387
f 1635/157/1388 1761/157/1388 1760/368/1388 1657/368/1388
f 1552/327/1389 1737/327/1389 1735/328/1389 1553/328/1389
f 1641/76/1390 1752/76/1390 1768/328/1390 1684/328/1390
f 1553/328/1391 1735/328/1391 1736/76/1391 1506/76/1391
f 1684/328/1392 1768/328/1392 1767/327/1392 1683/327/1392
f 1524/306/1393 1744/306/1393 1740/305/1393 1499/305/1393
f 1079/98/1394 1534/283/1394 1535/313/1394 1078/100/1394
f 1657/368/1395 1760/368/1395 1744/306/1395 1524/306/1395
f 1683/327/1396 1767/327/1396 1766/380/1396 1682/380/1396
f 973/99/1397 1533/99/1397 1534/283/1397 1079/98/1397
f 1657/368/1398 1524/306/1398 1525/154/1398 1658/154/1398
f 1658/154/1399 1525/154/1399 1526/153/1399 1659/153/1399
f 1659/153/1400 1526/153/1400 1720/296/1400 1719/296/1400
f 1720/397/1401 1513/397/1401 1514/397/1401 1728/397/1401 1729/397/1401 1721/397/1401
f 1633/398/1402 1723/398/1402 1726/399/1402 1700/399/1402
f 1722/386/1403 1721/337/1403 1573/338/1403 1701/387/1403
f 1701/387/1404 1573/338/1404 1574/339/1404 1702/339/1404
f 1702/339/1405 1574/339/1405 1575/340/1405 1703/388/1405
f 1703/388/1406 1575/340/1406 1576/198/1406 1704/389/1406
f 1704/389/1407 1576/198/1407 1577/341/1407 1705/341/1407
f 1705/341/1408 1577/341/1408 1578/342/1408 1706/390/1408
f 1706/390/1409 1578/342/1409 1579/23/1409 1707/391/1409
f 1707/391/1410 1579/23/1410 1580/22/1410 1708/22/1410
f 1708/22/1411 1580/22/1411 1581/21/1411 1709/21/1411
f 1709/21/1412 1581/21/1412 1582/25/1412 1710/25/1412
f 1710/25/1413 1582/25/1413 1583/27/1413 1711/392/1413
f 1711/392/1414 1583/27/1414 1584/343/1414 1712/393/1414
f 1712/393/1415 1584/343/1415 1585/344/1415 1713/344/1415
f 1713/344/1416 1585/344/1416 1586/345/1416 1714/394/1416
f 1714/394/1417 1586/345/1417 1587/6/1417 1715/395/1417
f 1715/395/1418 1587/6/1418 1588/346/1418 1716/346/1418
f 1716/346/1419 1588/346/1419 1589/15/1419 1717/15/1419
f 1717/15/1420 1589/15/1420 1590/347/1420 1718/347/1420
f 1718/347/1421 1590/347/1421 1604/360/1421 1622/357/1421
f 1622/357/1422 1604/360/1422 1603/356/1422 1621/356/1422
f 1621/356/1423 1603/356/1423 1602/225/1423 1620/225/1423
f 1620/225/1424 1602/225/1424 1601/224/1424 1619/224/1424
f 1619/224/1425 1601/224/1425 1600/355/1425 1618/355/1425
f 1618/355/1426 1600/355/1426 1599/354/1426 1617/354/1426
f 1617/354/1427 1599/354/1427 1598/229/1427 1616/353/1427
f 1616/353/1428 1598/229/1428 1597/22/1428 1615/22/1428
f 1615/22/1429 1597/22/1429 1596/228/1429 1614/228/1429
f 1614/228/1430 1596/228/1430 1595/361/1430 1613/352/1430
f 1613/352/1431 1595/361/1431 1594/362/1431 1612/351/1431
f 1612/351/1432 1594/362/1432 1593/350/1432 1611/350/1432
f 1611/350/1433 1593/350/1433 1592/247/1433 1610/349/1433
f 1610/349/1434 1592/247/1434 1591/348/1434 1609/348/1434
f 1609/348/1435 1591/348/1435 1565/334/1435 1693/334/1435
f 1693/334/1436 1565/334/1436 1508/333/1436 1643/381/1436
f 1643/381/1437 1508/333/1437 1564/264/1437 1692/264/1437
f 1692/264/1438 1564/264/1438 1563/317/1438 1691/317/1438
f 1691/317/1439 1563/317/1439 1562/268/1439 1690/316/1439
f 1690/316/1440 1562/268/1440 1496/315/1440 1632/315/1440
f 1632/315/1441 1496/315/1441 1536/316/1441 1667/371/1441
f 1667/371/1442 1536/316/1442 1537/317/1442 1668/372/1442
f 1668/372/1443 1537/317/1443 1538/266/1443 1669/373/1443
f 1669/373/1444 1538/266/1444 1501/318/1444 1637/318/1444
f 1637/318/1445 1501/318/1445 1545/135/1445 1676/135/1445
f 1676/135/1446 1545/135/1446 1546/134/1446 1677/377/1446
f 1677/377/1447 1546/134/1447 1547/133/1447 1678/378/1447
f 1678/378/1448 1547/133/1448 1503/31/1448 1639/376/1448
f 1639/376/1449 1503/31/1449 1542/322/1449 1673/322/1449
f 1673/322/1450 1542/322/1450 1543/210/1450 1674/210/1450
f 1674/210/1451 1543/210/1451 1544/323/1451 1675/323/1451
f 1675/323/1452 1544/323/1452 1500/115/1452 1636/374/1452
f 1636/374/1453 1500/115/1453 1539/319/1453 1670/319/1453
f 1670/319/1454 1539/319/1454 1540/320/1454 1671/320/1454
f 1671/320/1455 1540/320/1455 1541/321/1455 1672/375/1455
f 1672/375/1456 1541/321/1456 1505/309/1456 1640/47/1456
f 1640/47/1457 1505/309/1457 1530/310/1457 1663/369/1457
f 1663/369/1458 1530/310/1458 1531/311/1458 1664/311/1458
f 1664/311/1459 1531/311/1459 1532/43/1459 1665/43/1459
f 1665/43/1460 1532/43/1460 1498/312/1460 1634/370/1460
f 1634/370/1461 1498/312/1461 1548/324/1461 1679/324/1461
f 1679/324/1462 1548/324/1462 1549/325/1462 1680/379/1462
f 1680/379/1463 1549/325/1463 1550/93/1463 1681/93/1463
f 1681/93/1464 1550/93/1464 1502/92/1464 1638/92/1464
f 1638/92/1465 1502/92/1465 1533/99/1465 1666/99/1465
f 1644/382/1466 1509/92/1466 1566/93/1466 1694/93/1466
f 1694/93/1467 1566/93/1467 1608/359/1467 1626/359/1467
f 1646/297/1468 1719/296/1468 1722/386/1468 1699/385/1468 1698/384/1468 1697/383/1468 1696/194/1468 1695/191/1468 1656/192/1468 1655/193/1468 1629/171/1468 1648/365/1468 1647/173/1468
f 1633/398/1469 1719/296/1469 1720/397/1469 1497/400/1469
f 1497/400/1470 1720/397/1470 1721/397/1470 1572/401/1470
f 1700/399/1471 1722/386/1471 1719/296/1471 1633/398/1471
f 1572/401/1472 1721/397/1472 1722/386/1472 1700/399/1472
f 1724/400/1473 1725/401/1473 1726/399/1473 1723/398/1473
f 1497/400/1474 1724/400/1474 1723/398/1474 1633/398/1474
f 1700/399/1475 1726/399/1475 1725/401/1475 1572/401/1475
f 1572/401/1476 1725/401/1476 1724/400/1476 1497/400/1476
f 1734/397/1477 1733/397/1477 1732/397/1477 1731/397/1477
f 1514/397/1478 1515/397/1478 1493/397/1478 1522/397/1478 1523/397/1478 1567/397/1478 1568/397/1478 1569/397/1478 1570/397/1478 1571/397/1478 1721/397/1478 1729/397/1478 1730/397/1478 1727/397/1478 1728/397/1478
f 1730/397/1479 1734/397/1479 1731/397/1479 1727/397/1479
f 1728/397/1480 1732/397/1480 1733/397/1480 1729/397/1480
f 1729/397/1481 1733/397/1481 1734/397/1481 1730/397/1481
f 1727/397/1482 1731/397/1482 1732/397/1482 1728/397/1482
f 1745/397/1483 1492/397/1483 1512/397/1483 1511/397/1483 1510/397/1483 1495/397/1483 1521/397/1483
f 1492/276/1484 1745/303/1484 1759/367/1484 1628/276/1484
f 1631/397/1485 1645/397/1485 1759/397/1485 1654/397/1485
f 1759/367/1486 1745/303/1486 1746/302/1486 1758/302/1486
f 1758/302/1487 1746/302/1487 1747/301/1487 1757/301/1487
f 1757/301/1488 1747/301/1488 1748/67/1488 1756/67/1488
f 1756/67/1489 1748/67/1489 1749/69/1489 1755/366/1489
f 1755/366/1490 1749/69/1490 1750/300/1490 1754/300/1490
f 1754/300/1491 1750/300/1491 1751/299/1491 1753/299/1491
f 1753/299/1492 1751/299/1492 1736/76/1492 1752/76/1492
f 1752/76/1493 1736/76/1493 1735/328/1493 1768/328/1493
f 1768/328/1494 1735/328/1494 1737/327/1494 1767/327/1494
f 1767/327/1495 1737/327/1495 1738/326/1495 1766/380/1495
f 1766/380/1496 1738/326/1496 1739/189/1496 1763/189/1496
f 1763/189/1497 1739/189/1497 1743/307/1497 1762/307/1497
f 1762/307/1498 1743/307/1498 1742/186/1498 1764/186/1498
f 1764/186/1499 1742/186/1499 1741/308/1499 1765/308/1499
f 1765/308/1500 1741/308/1500 1740/305/1500 1761/157/1500
f 1761/157/1501 1740/305/1501 1744/306/1501 1760/368/1501
f 1494/67/1502 1748/67/1502 1747/301/1502 1519/301/1502
f 1649/299/1503 1753/299/1503 1752/76/1503 1641/76/1503
f 1499/305/1504 1740/305/1504 1741/308/1504 1529/308/1504
f 1627/189/1505 1763/189/1505 1762/307/1505 1660/307/1505
f 1518/69/1506 1749/69/1506 1748/67/1506 1494/67/1506
f 1650/300/1507 1754/300/1507 1753/299/1507 1649/299/1507
f 1529/308/1508 1741/308/1508 1742/186/1508 1528/186/1508
f 1660/307/1509 1762/307/1509 1764/186/1509 1661/186/1509
f 1517/300/1510 1750/300/1510 1749/69/1510 1518/69/1510
f 1651/366/1511 1755/366/1511 1754/300/1511 1650/300/1511
f 1528/186/1512 1742/186/1512 1743/307/1512 1527/307/1512
f 1661/186/1513 1764/186/1513 1765/308/1513 1662/308/1513
f 1516/299/1514 1751/299/1514 1750/300/1514 1517/300/1514
f 1630/67/1515 1756/67/1515 1755/366/1515 1651/366/1515
f 1527/307/1516 1743/307/1516 1739/189/1516 1491/189/1516
f 1662/308/1517 1765/308/1517 1761/157/1517 1635/157/1517
f 1506/76/1518 1736/76/1518 1751/299/1518 1516/299/1518
f 1652/301/1519 1757/301/1519 1756/67/1519 1630/67/1519
f 1653/302/1520 1758/302/1520 1757/301/1520 1652/301/1520
f 1654/367/1521 1521/303/1521 1745/303/1521 1759/367/1521
f 1682/380/1522 1766/380/1522 1763/189/1522 1627/189/1522
f 1654/367/1523 1759/367/1523 1758/302/1523 1653/302/1523
f 1078/100/1524 1535/313/1524 1504/314/1524 1077/101/1524
f 1645/397/1525 918/102/1525 1759/397/1525
f 918/102/1526 1077/101/1526 1504/314/1526 1759/397/1526
f 1771/40/1527 1770/54/1527 1769/53/1527 1772/39/1527
f 1000/54/1528 1770/54/1528 1771/40/1528 1056/40/1528
f 1000/54/1529 1770/54/1529 1773/139/1529 1098/139/1529
f 1056/40/1530 1771/40/1530 1772/39/1530 1057/39/1530
f 1057/39/1531 1772/39/1531 1769/53/1531 999/53/1531
f 1781/257/1532 1783/258/1532 1784/262/1532 1782/265/1532
f 1777/252/1533 1781/257/1533 1782/265/1533 1776/251/1533
f 1782/265/1534 1784/262/1534 1775/138/1534 1774/132/1534
f 990/138/1535 1775/138/1535 1784/262/1535 1173/262/1535
f 1030/252/1536 1777/252/1536 1776/251/1536 1029/251/1536
f 1173/262/1537 1784/262/1537 1783/258/1537 1172/258/1537
f 1169/257/1538 1781/257/1538 1777/252/1538 1030/252/1538
f 1172/258/1539 1783/258/1539 1781/257/1539 1169/257/1539
f 989/132/1540 1774/132/1540 1775/138/1540 990/138/1540
f 1168/256/1541 1780/256/1541 1781/257/1541 1169/257/1541
f 1029/251/1542 1776/251/1542 1782/265/1542 1170/265/1542
f 127/240/1543 24/92/1543 916/92/1543 1019/240/1543
f 128/241/1544 127/240/1544 1019/240/1544 1020/241/1544
f 129/239/1545 128/241/1545 1020/241/1545 1021/239/1545
f 21/87/1546 129/239/1546 1021/239/1546 913/87/1546
f 887/242/1547 267/242/1547 1159/242/1547 1779/242/1547
f 669/313/1548 612/314/1548 1504/314/1548 1561/313/1548
f 668/283/1549 669/313/1549 1561/313/1549 1560/283/1549
f 667/99/1550 668/283/1550 1560/283/1550 1559/99/1550
f 617/92/1551 667/99/1551 1559/99/1551 1509/92/1551
f 750/293/1552 21/87/1552 913/87/1552 1642/293/1552
f 24/92/1553 752/382/1553 1644/382/1553 916/92/1553
f 774/99/1554 81/99/1554 973/99/1554 1666/99/1554
f 793/364/1555 750/293/1555 1642/293/1555 1685/364/1555
f 794/329/1556 793/364/1556 1685/364/1556 1686/329/1556
f 795/396/1557 794/329/1557 1686/329/1557 1687/396/1557
f 736/276/1558 795/396/1558 1687/396/1558 1628/276/1558
f 641/99/1559 774/99/1559 1666/99/1559 1533/99/1559
f 752/382/1560 617/92/1560 1509/92/1560 1644/382/1560
f 81/99/1561 641/99/1561 1533/99/1561 973/99/1561
f 867/367/1562 736/276/1562 1628/276/1562 1759/367/1562
f 762/367/1563 629/303/1563 1521/303/1563 1654/367/1563
f 612/314/1564 867/397/1564 1759/397/1564 1504/314/1564
f 878/54/1565 881/139/1565 1773/139/1565 1770/54/1565
f 881/139/1566 206/139/1566 1098/139/1566 1773/139/1566
f 886/123/1567 882/132/1567 1774/132/1567 1778/123/1567
f 884/251/1568 887/242/1568 1779/242/1568 1776/251/1568
f 888/256/1569 889/257/1569 1781/257/1569 1780/256/1569
f 197/123/1570 886/123/1570 1778/123/1570 1089/123/1570
f 276/256/1571 888/256/1571 1780/256/1571 1168/256/1571
